[2026-09-21 20:43:16] production.ERROR: 验证码有误 {"exception":"[object] (App\\Exceptions\\ErrorException(code: 200): 验证码有误 at /var/www/html/app/Support/helpers.php:75)
[stacktrace]
#0 /var/www/html/modules/Account/Http/Controllers/LoginController.php(68): checkVerifyCode(Object(Laravel\\Lumen\\Http\\Request))
#1 /var/www/html/vendor/illuminate/container/BoundMethod.php(36): Modules\\Account\\Http\\Controllers\\LoginController->login(Object(Laravel\\Lumen\\Http\\Request))
#2 /var/www/html/vendor/illuminate/container/Util.php(41): Illuminate\\Container\\BoundMethod::Illuminate\\Container\\{closure}()
#3 /var/www/html/vendor/illuminate/container/BoundMethod.php(93): Illuminate\\Container\\Util::unwrapIfClosure(Object(Closure))
#4 /var/www/html/vendor/illuminate/container/BoundMethod.php(37): Illuminate\\Container\\BoundMethod::callBoundMethod(Object(Laravel\\Lumen\\Application), Array, Object(Closure))
#5 /var/www/html/vendor/illuminate/container/Container.php(661): Illuminate\\Container\\BoundMethod::call(Object(Laravel\\Lumen\\Application), Array, Array, NULL)
#6 /var/www/html/vendor/laravel/lumen-framework/src/Concerns/RoutesRequests.php(391): Illuminate\\Container\\Container->call(Array, Array)
#7 /var/www/html/vendor/laravel/lumen-framework/src/Concerns/RoutesRequests.php(357): Laravel\\Lumen\\Application->callControllerCallable(Array, Array)
#8 /var/www/html/vendor/laravel/lumen-framework/src/Concerns/RoutesRequests.php(331): Laravel\\Lumen\\Application->callLumenController(Object(Modules\\Account\\Http\\Controllers\\LoginController), 'login', Array)
#9 /var/www/html/vendor/laravel/lumen-framework/src/Concerns/RoutesRequests.php(284): Laravel\\Lumen\\Application->callControllerAction(Array)
#10 /var/www/html/vendor/laravel/lumen-framework/src/Concerns/RoutesRequests.php(269): Laravel\\Lumen\\Application->callActionOnArrayBasedRoute(Array)
#11 /var/www/html/vendor/laravel/lumen-framework/src/Concerns/RoutesRequests.php(171): Laravel\\Lumen\\Application->handleFoundRoute(Array)
#12 /var/www/html/vendor/laravel/lumen-framework/src/Routing/Pipeline.php(48): Laravel\\Lumen\\Application->Laravel\\Lumen\\Concerns\\{closure}(Object(Laravel\\Lumen\\Http\\Request))
#13 /var/www/html/app/Middleware/CrossMiddleware.php(55): Laravel\\Lumen\\Routing\\Pipeline->Laravel\\Lumen\\Routing\\{closure}(Object(Laravel\\Lumen\\Http\\Request))
#14 /var/www/html/vendor/illuminate/pipeline/Pipeline.php(180): App\\Middleware\\CrossMiddleware->handle(Object(Laravel\\Lumen\\Http\\Request), Object(Closure))
#15 /var/www/html/vendor/laravel/lumen-framework/src/Routing/Pipeline.php(30): Illuminate\\Pipeline\\Pipeline->Illuminate\\Pipeline\\{closure}(Object(Laravel\\Lumen\\Http\\Request))
#16 /var/www/html/vendor/illuminate/pipeline/Pipeline.php(116): Laravel\\Lumen\\Routing\\Pipeline->Laravel\\Lumen\\Routing\\{closure}(Object(Laravel\\Lumen\\Http\\Request))
#17 /var/www/html/vendor/laravel/lumen-framework/src/Concerns/RoutesRequests.php(428): Illuminate\\Pipeline\\Pipeline->then(Object(Closure))
#18 /var/www/html/vendor/laravel/lumen-framework/src/Concerns/RoutesRequests.php(177): Laravel\\Lumen\\Application->sendThroughPipeline(Array, Object(Closure))
#19 /var/www/html/vendor/laravel/lumen-framework/src/Concerns/RoutesRequests.php(112): Laravel\\Lumen\\Application->dispatch(NULL)
#20 /var/www/html/public/index.php(47): Laravel\\Lumen\\Application->run()
#21 {main}
"} 
[2026-09-21 20:44:47] production.ERROR: 验证码有误 {"exception":"[object] (App\\Exceptions\\ErrorException(code: 200): 验证码有误 at /var/www/html/app/Support/helpers.php:75)
[stacktrace]
#0 /var/www/html/modules/Account/Http/Controllers/LoginController.php(68): checkVerifyCode(Object(Laravel\\Lumen\\Http\\Request))
#1 /var/www/html/vendor/illuminate/container/BoundMethod.php(36): Modules\\Account\\Http\\Controllers\\LoginController->login(Object(Laravel\\Lumen\\Http\\Request))
#2 /var/www/html/vendor/illuminate/container/Util.php(41): Illuminate\\Container\\BoundMethod::Illuminate\\Container\\{closure}()
#3 /var/www/html/vendor/illuminate/container/BoundMethod.php(93): Illuminate\\Container\\Util::unwrapIfClosure(Object(Closure))
#4 /var/www/html/vendor/illuminate/container/BoundMethod.php(37): Illuminate\\Container\\BoundMethod::callBoundMethod(Object(Laravel\\Lumen\\Application), Array, Object(Closure))
#5 /var/www/html/vendor/illuminate/container/Container.php(661): Illuminate\\Container\\BoundMethod::call(Object(Laravel\\Lumen\\Application), Array, Array, NULL)
#6 /var/www/html/vendor/laravel/lumen-framework/src/Concerns/RoutesRequests.php(391): Illuminate\\Container\\Container->call(Array, Array)
#7 /var/www/html/vendor/laravel/lumen-framework/src/Concerns/RoutesRequests.php(357): Laravel\\Lumen\\Application->callControllerCallable(Array, Array)
#8 /var/www/html/vendor/laravel/lumen-framework/src/Concerns/RoutesRequests.php(331): Laravel\\Lumen\\Application->callLumenController(Object(Modules\\Account\\Http\\Controllers\\LoginController), 'login', Array)
#9 /var/www/html/vendor/laravel/lumen-framework/src/Concerns/RoutesRequests.php(284): Laravel\\Lumen\\Application->callControllerAction(Array)
#10 /var/www/html/vendor/laravel/lumen-framework/src/Concerns/RoutesRequests.php(269): Laravel\\Lumen\\Application->callActionOnArrayBasedRoute(Array)
#11 /var/www/html/vendor/laravel/lumen-framework/src/Concerns/RoutesRequests.php(171): Laravel\\Lumen\\Application->handleFoundRoute(Array)
#12 /var/www/html/vendor/laravel/lumen-framework/src/Routing/Pipeline.php(48): Laravel\\Lumen\\Application->Laravel\\Lumen\\Concerns\\{closure}(Object(Laravel\\Lumen\\Http\\Request))
#13 /var/www/html/app/Middleware/CrossMiddleware.php(55): Laravel\\Lumen\\Routing\\Pipeline->Laravel\\Lumen\\Routing\\{closure}(Object(Laravel\\Lumen\\Http\\Request))
#14 /var/www/html/vendor/illuminate/pipeline/Pipeline.php(180): App\\Middleware\\CrossMiddleware->handle(Object(Laravel\\Lumen\\Http\\Request), Object(Closure))
#15 /var/www/html/vendor/laravel/lumen-framework/src/Routing/Pipeline.php(30): Illuminate\\Pipeline\\Pipeline->Illuminate\\Pipeline\\{closure}(Object(Laravel\\Lumen\\Http\\Request))
#16 /var/www/html/vendor/illuminate/pipeline/Pipeline.php(116): Laravel\\Lumen\\Routing\\Pipeline->Laravel\\Lumen\\Routing\\{closure}(Object(Laravel\\Lumen\\Http\\Request))
#17 /var/www/html/vendor/laravel/lumen-framework/src/Concerns/RoutesRequests.php(428): Illuminate\\Pipeline\\Pipeline->then(Object(Closure))
#18 /var/www/html/vendor/laravel/lumen-framework/src/Concerns/RoutesRequests.php(177): Laravel\\Lumen\\Application->sendThroughPipeline(Array, Object(Closure))
#19 /var/www/html/vendor/laravel/lumen-framework/src/Concerns/RoutesRequests.php(112): Laravel\\Lumen\\Application->dispatch(NULL)
#20 /var/www/html/public/index.php(47): Laravel\\Lumen\\Application->run()
#21 {main}
"} 
[2026-09-21 20:45:40] production.ERROR: View [dataDictionary] not found. {"exception":"[object] (InvalidArgumentException(code: 0): View [dataDictionary] not found. at /var/www/html/vendor/illuminate/view/FileViewFinder.php:137)
[stacktrace]
#0 /var/www/html/vendor/illuminate/view/FileViewFinder.php(79): Illuminate\\View\\FileViewFinder->findInPaths('dataDictionary', Array)
#1 /var/www/html/vendor/illuminate/view/Factory.php(138): Illuminate\\View\\FileViewFinder->find('dataDictionary')
#2 /var/www/html/vendor/laravel/lumen-framework/src/helpers.php(433): Illuminate\\View\\Factory->make('dataDictionary', Array, Array)
#3 /var/www/html/modules/Sys/Http/Controllers/CreateController.php(53): view('dataDictionary', Array)
#4 /var/www/html/vendor/illuminate/container/BoundMethod.php(36): Modules\\Sys\\Http\\Controllers\\CreateController->tables()
#5 /var/www/html/vendor/illuminate/container/Util.php(41): Illuminate\\Container\\BoundMethod::Illuminate\\Container\\{closure}()
#6 /var/www/html/vendor/illuminate/container/BoundMethod.php(93): Illuminate\\Container\\Util::unwrapIfClosure(Object(Closure))
#7 /var/www/html/vendor/illuminate/container/BoundMethod.php(37): Illuminate\\Container\\BoundMethod::callBoundMethod(Object(Laravel\\Lumen\\Application), Array, Object(Closure))
#8 /var/www/html/vendor/illuminate/container/Container.php(661): Illuminate\\Container\\BoundMethod::call(Object(Laravel\\Lumen\\Application), Array, Array, NULL)
#9 /var/www/html/vendor/laravel/lumen-framework/src/Concerns/RoutesRequests.php(391): Illuminate\\Container\\Container->call(Array, Array)
#10 /var/www/html/vendor/laravel/lumen-framework/src/Concerns/RoutesRequests.php(357): Laravel\\Lumen\\Application->callControllerCallable(Array, Array)
#11 /var/www/html/vendor/laravel/lumen-framework/src/Concerns/RoutesRequests.php(331): Laravel\\Lumen\\Application->callLumenController(Object(Modules\\Sys\\Http\\Controllers\\CreateController), 'tables', Array)
#12 /var/www/html/vendor/laravel/lumen-framework/src/Concerns/RoutesRequests.php(284): Laravel\\Lumen\\Application->callControllerAction(Array)
#13 /var/www/html/vendor/laravel/lumen-framework/src/Concerns/RoutesRequests.php(269): Laravel\\Lumen\\Application->callActionOnArrayBasedRoute(Array)
#14 /var/www/html/vendor/laravel/lumen-framework/src/Concerns/RoutesRequests.php(171): Laravel\\Lumen\\Application->handleFoundRoute(Array)
#15 /var/www/html/vendor/laravel/lumen-framework/src/Routing/Pipeline.php(48): Laravel\\Lumen\\Application->Laravel\\Lumen\\Concerns\\{closure}(Object(Laravel\\Lumen\\Http\\Request))
#16 /var/www/html/app/Middleware/CrossMiddleware.php(55): Laravel\\Lumen\\Routing\\Pipeline->Laravel\\Lumen\\Routing\\{closure}(Object(Laravel\\Lumen\\Http\\Request))
#17 /var/www/html/vendor/illuminate/pipeline/Pipeline.php(180): App\\Middleware\\CrossMiddleware->handle(Object(Laravel\\Lumen\\Http\\Request), Object(Closure))
#18 /var/www/html/vendor/laravel/lumen-framework/src/Routing/Pipeline.php(30): Illuminate\\Pipeline\\Pipeline->Illuminate\\Pipeline\\{closure}(Object(Laravel\\Lumen\\Http\\Request))
#19 /var/www/html/vendor/illuminate/pipeline/Pipeline.php(116): Laravel\\Lumen\\Routing\\Pipeline->Laravel\\Lumen\\Routing\\{closure}(Object(Laravel\\Lumen\\Http\\Request))
#20 /var/www/html/vendor/laravel/lumen-framework/src/Concerns/RoutesRequests.php(428): Illuminate\\Pipeline\\Pipeline->then(Object(Closure))
#21 /var/www/html/vendor/laravel/lumen-framework/src/Concerns/RoutesRequests.php(177): Laravel\\Lumen\\Application->sendThroughPipeline(Array, Object(Closure))
#22 /var/www/html/vendor/laravel/lumen-framework/src/Concerns/RoutesRequests.php(112): Laravel\\Lumen\\Application->dispatch(NULL)
#23 /var/www/html/public/index.php(47): Laravel\\Lumen\\Application->run()
#24 {main}
"} 
[2026-09-21 20:45:40] production.ERROR: View [info] not found. {"exception":"[object] (InvalidArgumentException(code: 0): View [info] not found. at /var/www/html/vendor/illuminate/view/FileViewFinder.php:137)
[stacktrace]
#0 /var/www/html/vendor/illuminate/view/FileViewFinder.php(79): Illuminate\\View\\FileViewFinder->findInPaths('info', Array)
#1 /var/www/html/vendor/illuminate/view/Factory.php(138): Illuminate\\View\\FileViewFinder->find('info')
#2 /var/www/html/vendor/laravel/lumen-framework/src/helpers.php(433): Illuminate\\View\\Factory->make('info', Array, Array)
#3 /var/www/html/modules/Sys/Http/Controllers/CreateController.php(79): view('info', Array)
#4 /var/www/html/vendor/illuminate/container/BoundMethod.php(36): Modules\\Sys\\Http\\Controllers\\CreateController->info(Object(Laravel\\Lumen\\Http\\Request))
#5 /var/www/html/vendor/illuminate/container/Util.php(41): Illuminate\\Container\\BoundMethod::Illuminate\\Container\\{closure}()
#6 /var/www/html/vendor/illuminate/container/BoundMethod.php(93): Illuminate\\Container\\Util::unwrapIfClosure(Object(Closure))
#7 /var/www/html/vendor/illuminate/container/BoundMethod.php(37): Illuminate\\Container\\BoundMethod::callBoundMethod(Object(Laravel\\Lumen\\Application), Array, Object(Closure))
#8 /var/www/html/vendor/illuminate/container/Container.php(661): Illuminate\\Container\\BoundMethod::call(Object(Laravel\\Lumen\\Application), Array, Array, NULL)
#9 /var/www/html/vendor/laravel/lumen-framework/src/Concerns/RoutesRequests.php(391): Illuminate\\Container\\Container->call(Array, Array)
#10 /var/www/html/vendor/laravel/lumen-framework/src/Concerns/RoutesRequests.php(357): Laravel\\Lumen\\Application->callControllerCallable(Array, Array)
#11 /var/www/html/vendor/laravel/lumen-framework/src/Concerns/RoutesRequests.php(331): Laravel\\Lumen\\Application->callLumenController(Object(Modules\\Sys\\Http\\Controllers\\CreateController), 'info', Array)
#12 /var/www/html/vendor/laravel/lumen-framework/src/Concerns/RoutesRequests.php(284): Laravel\\Lumen\\Application->callControllerAction(Array)
#13 /var/www/html/vendor/laravel/lumen-framework/src/Concerns/RoutesRequests.php(269): Laravel\\Lumen\\Application->callActionOnArrayBasedRoute(Array)
#14 /var/www/html/vendor/laravel/lumen-framework/src/Concerns/RoutesRequests.php(171): Laravel\\Lumen\\Application->handleFoundRoute(Array)
#15 /var/www/html/vendor/laravel/lumen-framework/src/Routing/Pipeline.php(48): Laravel\\Lumen\\Application->Laravel\\Lumen\\Concerns\\{closure}(Object(Laravel\\Lumen\\Http\\Request))
#16 /var/www/html/app/Middleware/CrossMiddleware.php(55): Laravel\\Lumen\\Routing\\Pipeline->Laravel\\Lumen\\Routing\\{closure}(Object(Laravel\\Lumen\\Http\\Request))
#17 /var/www/html/vendor/illuminate/pipeline/Pipeline.php(180): App\\Middleware\\CrossMiddleware->handle(Object(Laravel\\Lumen\\Http\\Request), Object(Closure))
#18 /var/www/html/vendor/laravel/lumen-framework/src/Routing/Pipeline.php(30): Illuminate\\Pipeline\\Pipeline->Illuminate\\Pipeline\\{closure}(Object(Laravel\\Lumen\\Http\\Request))
#19 /var/www/html/vendor/illuminate/pipeline/Pipeline.php(116): Laravel\\Lumen\\Routing\\Pipeline->Laravel\\Lumen\\Routing\\{closure}(Object(Laravel\\Lumen\\Http\\Request))
#20 /var/www/html/vendor/laravel/lumen-framework/src/Concerns/RoutesRequests.php(428): Illuminate\\Pipeline\\Pipeline->then(Object(Closure))
#21 /var/www/html/vendor/laravel/lumen-framework/src/Concerns/RoutesRequests.php(177): Laravel\\Lumen\\Application->sendThroughPipeline(Array, Object(Closure))
#22 /var/www/html/vendor/laravel/lumen-framework/src/Concerns/RoutesRequests.php(112): Laravel\\Lumen\\Application->dispatch(NULL)
#23 /var/www/html/public/index.php(47): Laravel\\Lumen\\Application->run()
#24 {main}
"} 
[2026-09-21 20:45:56] production.ERROR: SQLSTATE[42000]: Syntax error or access violation: 1064 You have an error in your SQL syntax; check the manual that corresponds to your MySQL server version for the right syntax to use near '' AND 99999999999
            GROUP BY time
            ORDER BY time' at line 5 (SQL: 
            SELECT
                FROM_UNIXTIME(trade_paid_time / 1000, '%m-%d') AS time,
                SUM(order_payment_amount) AS num
            FROM pay_consume_trade
            WHERE 1  AND trade_paid_time BETWEEN 1' AND 99999999999
            GROUP BY time
            ORDER BY time) {"exception":"[object] (Illuminate\\Database\\QueryException(code: 42000): SQLSTATE[42000]: Syntax error or access violation: 1064 You have an error in your SQL syntax; check the manual that corresponds to your MySQL server version for the right syntax to use near '' AND 99999999999
            GROUP BY time
            ORDER BY time' at line 5 (SQL: 
            SELECT
                FROM_UNIXTIME(trade_paid_time / 1000, '%m-%d') AS time,
                SUM(order_payment_amount) AS num
            FROM pay_consume_trade
            WHERE 1  AND trade_paid_time BETWEEN 1' AND 99999999999
            GROUP BY time
            ORDER BY time) at /var/www/html/vendor/illuminate/database/Connection.php:760)
[stacktrace]
#0 /var/www/html/vendor/illuminate/database/Connection.php(720): Illuminate\\Database\\Connection->runQueryCallback(Object(Illuminate\\Database\\Query\\Expression), Array, Object(Closure))
#1 /var/www/html/vendor/illuminate/database/Connection.php(422): Illuminate\\Database\\Connection->run(Object(Illuminate\\Database\\Query\\Expression), Array, Object(Closure))
#2 /var/www/html/vendor/illuminate/database/DatabaseManager.php(469): Illuminate\\Database\\Connection->select(Object(Illuminate\\Database\\Query\\Expression))
#3 /var/www/html/vendor/illuminate/support/Facades/Facade.php(338): Illuminate\\Database\\DatabaseManager->__call('select', Array)
#4 /var/www/html/modules/Analytics/Repositories/Models/AnalyticsOrder.php(105): Illuminate\\Support\\Facades\\Facade::__callStatic('select', Array)
#5 /var/www/html/modules/Analytics/Services/AnalyticsOrderService.php(150): Modules\\Analytics\\Repositories\\Models\\AnalyticsOrder->getPayTimeLine('1'', '99999999999')
#6 /var/www/html/modules/Analytics/Http/Controllers/Manage/AnalyticsController.php(89): Modules\\Analytics\\Services\\AnalyticsOrderService->getDashboardTimeLine(Object(Laravel\\Lumen\\Http\\Request))
#7 /var/www/html/vendor/illuminate/container/BoundMethod.php(36): Modules\\Analytics\\Http\\Controllers\\Manage\\AnalyticsController->getDashboardTimeLine(Object(Laravel\\Lumen\\Http\\Request))
#8 /var/www/html/vendor/illuminate/container/Util.php(41): Illuminate\\Container\\BoundMethod::Illuminate\\Container\\{closure}()
#9 /var/www/html/vendor/illuminate/container/BoundMethod.php(93): Illuminate\\Container\\Util::unwrapIfClosure(Object(Closure))
#10 /var/www/html/vendor/illuminate/container/BoundMethod.php(37): Illuminate\\Container\\BoundMethod::callBoundMethod(Object(Laravel\\Lumen\\Application), Array, Object(Closure))
#11 /var/www/html/vendor/illuminate/container/Container.php(661): Illuminate\\Container\\BoundMethod::call(Object(Laravel\\Lumen\\Application), Array, Array, NULL)
#12 /var/www/html/vendor/laravel/lumen-framework/src/Concerns/RoutesRequests.php(391): Illuminate\\Container\\Container->call(Array, Array)
#13 /var/www/html/vendor/laravel/lumen-framework/src/Concerns/RoutesRequests.php(357): Laravel\\Lumen\\Application->callControllerCallable(Array, Array)
#14 /var/www/html/vendor/laravel/lumen-framework/src/Concerns/RoutesRequests.php(331): Laravel\\Lumen\\Application->callLumenController(Object(Modules\\Analytics\\Http\\Controllers\\Manage\\AnalyticsController), 'getDashboardTim...', Array)
#15 /var/www/html/vendor/laravel/lumen-framework/src/Concerns/RoutesRequests.php(284): Laravel\\Lumen\\Application->callControllerAction(Array)
#16 /var/www/html/vendor/laravel/lumen-framework/src/Concerns/RoutesRequests.php(269): Laravel\\Lumen\\Application->callActionOnArrayBasedRoute(Array)
#17 /var/www/html/vendor/laravel/lumen-framework/src/Concerns/RoutesRequests.php(171): Laravel\\Lumen\\Application->handleFoundRoute(Array)
#18 /var/www/html/vendor/laravel/lumen-framework/src/Routing/Pipeline.php(48): Laravel\\Lumen\\Application->Laravel\\Lumen\\Concerns\\{closure}(Object(Laravel\\Lumen\\Http\\Request))
#19 /var/www/html/app/Middleware/CrossMiddleware.php(55): Laravel\\Lumen\\Routing\\Pipeline->Laravel\\Lumen\\Routing\\{closure}(Object(Laravel\\Lumen\\Http\\Request))
#20 /var/www/html/vendor/illuminate/pipeline/Pipeline.php(180): App\\Middleware\\CrossMiddleware->handle(Object(Laravel\\Lumen\\Http\\Request), Object(Closure))
#21 /var/www/html/vendor/laravel/lumen-framework/src/Routing/Pipeline.php(30): Illuminate\\Pipeline\\Pipeline->Illuminate\\Pipeline\\{closure}(Object(Laravel\\Lumen\\Http\\Request))
#22 /var/www/html/vendor/illuminate/pipeline/Pipeline.php(116): Laravel\\Lumen\\Routing\\Pipeline->Laravel\\Lumen\\Routing\\{closure}(Object(Laravel\\Lumen\\Http\\Request))
#23 /var/www/html/vendor/laravel/lumen-framework/src/Concerns/RoutesRequests.php(428): Illuminate\\Pipeline\\Pipeline->then(Object(Closure))
#24 /var/www/html/vendor/laravel/lumen-framework/src/Concerns/RoutesRequests.php(177): Laravel\\Lumen\\Application->sendThroughPipeline(Array, Object(Closure))
#25 /var/www/html/vendor/laravel/lumen-framework/src/Concerns/RoutesRequests.php(112): Laravel\\Lumen\\Application->dispatch(NULL)
#26 /var/www/html/public/index.php(47): Laravel\\Lumen\\Application->run()
#27 {main}

[previous exception] [object] (PDOException(code: 42000): SQLSTATE[42000]: Syntax error or access violation: 1064 You have an error in your SQL syntax; check the manual that corresponds to your MySQL server version for the right syntax to use near '' AND 99999999999
            GROUP BY time
            ORDER BY time' at line 5 at /var/www/html/vendor/illuminate/database/Connection.php:414)
[stacktrace]
#0 /var/www/html/vendor/illuminate/database/Connection.php(414): PDO->prepare('\\n            SE...')
#1 /var/www/html/vendor/illuminate/database/Connection.php(753): Illuminate\\Database\\Connection->Illuminate\\Database\\{closure}(Object(Illuminate\\Database\\Query\\Expression), Array)
#2 /var/www/html/vendor/illuminate/database/Connection.php(720): Illuminate\\Database\\Connection->runQueryCallback(Object(Illuminate\\Database\\Query\\Expression), Array, Object(Closure))
#3 /var/www/html/vendor/illuminate/database/Connection.php(422): Illuminate\\Database\\Connection->run(Object(Illuminate\\Database\\Query\\Expression), Array, Object(Closure))
#4 /var/www/html/vendor/illuminate/database/DatabaseManager.php(469): Illuminate\\Database\\Connection->select(Object(Illuminate\\Database\\Query\\Expression))
#5 /var/www/html/vendor/illuminate/support/Facades/Facade.php(338): Illuminate\\Database\\DatabaseManager->__call('select', Array)
#6 /var/www/html/modules/Analytics/Repositories/Models/AnalyticsOrder.php(105): Illuminate\\Support\\Facades\\Facade::__callStatic('select', Array)
#7 /var/www/html/modules/Analytics/Services/AnalyticsOrderService.php(150): Modules\\Analytics\\Repositories\\Models\\AnalyticsOrder->getPayTimeLine('1'', '99999999999')
#8 /var/www/html/modules/Analytics/Http/Controllers/Manage/AnalyticsController.php(89): Modules\\Analytics\\Services\\AnalyticsOrderService->getDashboardTimeLine(Object(Laravel\\Lumen\\Http\\Request))
#9 /var/www/html/vendor/illuminate/container/BoundMethod.php(36): Modules\\Analytics\\Http\\Controllers\\Manage\\AnalyticsController->getDashboardTimeLine(Object(Laravel\\Lumen\\Http\\Request))
#10 /var/www/html/vendor/illuminate/container/Util.php(41): Illuminate\\Container\\BoundMethod::Illuminate\\Container\\{closure}()
#11 /var/www/html/vendor/illuminate/container/BoundMethod.php(93): Illuminate\\Container\\Util::unwrapIfClosure(Object(Closure))
#12 /var/www/html/vendor/illuminate/container/BoundMethod.php(37): Illuminate\\Container\\BoundMethod::callBoundMethod(Object(Laravel\\Lumen\\Application), Array, Object(Closure))
#13 /var/www/html/vendor/illuminate/container/Container.php(661): Illuminate\\Container\\BoundMethod::call(Object(Laravel\\Lumen\\Application), Array, Array, NULL)
#14 /var/www/html/vendor/laravel/lumen-framework/src/Concerns/RoutesRequests.php(391): Illuminate\\Container\\Container->call(Array, Array)
#15 /var/www/html/vendor/laravel/lumen-framework/src/Concerns/RoutesRequests.php(357): Laravel\\Lumen\\Application->callControllerCallable(Array, Array)
#16 /var/www/html/vendor/laravel/lumen-framework/src/Concerns/RoutesRequests.php(331): Laravel\\Lumen\\Application->callLumenController(Object(Modules\\Analytics\\Http\\Controllers\\Manage\\AnalyticsController), 'getDashboardTim...', Array)
#17 /var/www/html/vendor/laravel/lumen-framework/src/Concerns/RoutesRequests.php(284): Laravel\\Lumen\\Application->callControllerAction(Array)
#18 /var/www/html/vendor/laravel/lumen-framework/src/Concerns/RoutesRequests.php(269): Laravel\\Lumen\\Application->callActionOnArrayBasedRoute(Array)
#19 /var/www/html/vendor/laravel/lumen-framework/src/Concerns/RoutesRequests.php(171): Laravel\\Lumen\\Application->handleFoundRoute(Array)
#20 /var/www/html/vendor/laravel/lumen-framework/src/Routing/Pipeline.php(48): Laravel\\Lumen\\Application->Laravel\\Lumen\\Concerns\\{closure}(Object(Laravel\\Lumen\\Http\\Request))
#21 /var/www/html/app/Middleware/CrossMiddleware.php(55): Laravel\\Lumen\\Routing\\Pipeline->Laravel\\Lumen\\Routing\\{closure}(Object(Laravel\\Lumen\\Http\\Request))
#22 /var/www/html/vendor/illuminate/pipeline/Pipeline.php(180): App\\Middleware\\CrossMiddleware->handle(Object(Laravel\\Lumen\\Http\\Request), Object(Closure))
#23 /var/www/html/vendor/laravel/lumen-framework/src/Routing/Pipeline.php(30): Illuminate\\Pipeline\\Pipeline->Illuminate\\Pipeline\\{closure}(Object(Laravel\\Lumen\\Http\\Request))
#24 /var/www/html/vendor/illuminate/pipeline/Pipeline.php(116): Laravel\\Lumen\\Routing\\Pipeline->Laravel\\Lumen\\Routing\\{closure}(Object(Laravel\\Lumen\\Http\\Request))
#25 /var/www/html/vendor/laravel/lumen-framework/src/Concerns/RoutesRequests.php(428): Illuminate\\Pipeline\\Pipeline->then(Object(Closure))
#26 /var/www/html/vendor/laravel/lumen-framework/src/Concerns/RoutesRequests.php(177): Laravel\\Lumen\\Application->sendThroughPipeline(Array, Object(Closure))
#27 /var/www/html/vendor/laravel/lumen-framework/src/Concerns/RoutesRequests.php(112): Laravel\\Lumen\\Application->dispatch(NULL)
#28 /var/www/html/public/index.php(47): Laravel\\Lumen\\Application->run()
#29 {main}
"} 
[2026-09-21 20:45:56] production.ERROR: SQLSTATE[42000]: Syntax error or access violation: 1064 You have an error in your SQL syntax; check the manual that corresponds to your MySQL server version for the right syntax to use near ''
            GROUP BY time
            ORDER BY time' at line 5 (SQL: 
            SELECT
                FROM_UNIXTIME(trade_paid_time / 1000, '%m-%d') AS time,
                SUM(order_payment_amount) AS num
            FROM pay_consume_trade
            WHERE 1  AND trade_paid_time BETWEEN 1 AND 99999999999'
            GROUP BY time
            ORDER BY time) {"exception":"[object] (Illuminate\\Database\\QueryException(code: 42000): SQLSTATE[42000]: Syntax error or access violation: 1064 You have an error in your SQL syntax; check the manual that corresponds to your MySQL server version for the right syntax to use near ''
            GROUP BY time
            ORDER BY time' at line 5 (SQL: 
            SELECT
                FROM_UNIXTIME(trade_paid_time / 1000, '%m-%d') AS time,
                SUM(order_payment_amount) AS num
            FROM pay_consume_trade
            WHERE 1  AND trade_paid_time BETWEEN 1 AND 99999999999'
            GROUP BY time
            ORDER BY time) at /var/www/html/vendor/illuminate/database/Connection.php:760)
[stacktrace]
#0 /var/www/html/vendor/illuminate/database/Connection.php(720): Illuminate\\Database\\Connection->runQueryCallback(Object(Illuminate\\Database\\Query\\Expression), Array, Object(Closure))
#1 /var/www/html/vendor/illuminate/database/Connection.php(422): Illuminate\\Database\\Connection->run(Object(Illuminate\\Database\\Query\\Expression), Array, Object(Closure))
#2 /var/www/html/vendor/illuminate/database/DatabaseManager.php(469): Illuminate\\Database\\Connection->select(Object(Illuminate\\Database\\Query\\Expression))
#3 /var/www/html/vendor/illuminate/support/Facades/Facade.php(338): Illuminate\\Database\\DatabaseManager->__call('select', Array)
#4 /var/www/html/modules/Analytics/Repositories/Models/AnalyticsOrder.php(105): Illuminate\\Support\\Facades\\Facade::__callStatic('select', Array)
#5 /var/www/html/modules/Analytics/Services/AnalyticsOrderService.php(150): Modules\\Analytics\\Repositories\\Models\\AnalyticsOrder->getPayTimeLine('1', '99999999999'')
#6 /var/www/html/modules/Analytics/Http/Controllers/Manage/AnalyticsController.php(89): Modules\\Analytics\\Services\\AnalyticsOrderService->getDashboardTimeLine(Object(Laravel\\Lumen\\Http\\Request))
#7 /var/www/html/vendor/illuminate/container/BoundMethod.php(36): Modules\\Analytics\\Http\\Controllers\\Manage\\AnalyticsController->getDashboardTimeLine(Object(Laravel\\Lumen\\Http\\Request))
#8 /var/www/html/vendor/illuminate/container/Util.php(41): Illuminate\\Container\\BoundMethod::Illuminate\\Container\\{closure}()
#9 /var/www/html/vendor/illuminate/container/BoundMethod.php(93): Illuminate\\Container\\Util::unwrapIfClosure(Object(Closure))
#10 /var/www/html/vendor/illuminate/container/BoundMethod.php(37): Illuminate\\Container\\BoundMethod::callBoundMethod(Object(Laravel\\Lumen\\Application), Array, Object(Closure))
#11 /var/www/html/vendor/illuminate/container/Container.php(661): Illuminate\\Container\\BoundMethod::call(Object(Laravel\\Lumen\\Application), Array, Array, NULL)
#12 /var/www/html/vendor/laravel/lumen-framework/src/Concerns/RoutesRequests.php(391): Illuminate\\Container\\Container->call(Array, Array)
#13 /var/www/html/vendor/laravel/lumen-framework/src/Concerns/RoutesRequests.php(357): Laravel\\Lumen\\Application->callControllerCallable(Array, Array)
#14 /var/www/html/vendor/laravel/lumen-framework/src/Concerns/RoutesRequests.php(331): Laravel\\Lumen\\Application->callLumenController(Object(Modules\\Analytics\\Http\\Controllers\\Manage\\AnalyticsController), 'getDashboardTim...', Array)
#15 /var/www/html/vendor/laravel/lumen-framework/src/Concerns/RoutesRequests.php(284): Laravel\\Lumen\\Application->callControllerAction(Array)
#16 /var/www/html/vendor/laravel/lumen-framework/src/Concerns/RoutesRequests.php(269): Laravel\\Lumen\\Application->callActionOnArrayBasedRoute(Array)
#17 /var/www/html/vendor/laravel/lumen-framework/src/Concerns/RoutesRequests.php(171): Laravel\\Lumen\\Application->handleFoundRoute(Array)
#18 /var/www/html/vendor/laravel/lumen-framework/src/Routing/Pipeline.php(48): Laravel\\Lumen\\Application->Laravel\\Lumen\\Concerns\\{closure}(Object(Laravel\\Lumen\\Http\\Request))
#19 /var/www/html/app/Middleware/CrossMiddleware.php(55): Laravel\\Lumen\\Routing\\Pipeline->Laravel\\Lumen\\Routing\\{closure}(Object(Laravel\\Lumen\\Http\\Request))
#20 /var/www/html/vendor/illuminate/pipeline/Pipeline.php(180): App\\Middleware\\CrossMiddleware->handle(Object(Laravel\\Lumen\\Http\\Request), Object(Closure))
#21 /var/www/html/vendor/laravel/lumen-framework/src/Routing/Pipeline.php(30): Illuminate\\Pipeline\\Pipeline->Illuminate\\Pipeline\\{closure}(Object(Laravel\\Lumen\\Http\\Request))
#22 /var/www/html/vendor/illuminate/pipeline/Pipeline.php(116): Laravel\\Lumen\\Routing\\Pipeline->Laravel\\Lumen\\Routing\\{closure}(Object(Laravel\\Lumen\\Http\\Request))
#23 /var/www/html/vendor/laravel/lumen-framework/src/Concerns/RoutesRequests.php(428): Illuminate\\Pipeline\\Pipeline->then(Object(Closure))
#24 /var/www/html/vendor/laravel/lumen-framework/src/Concerns/RoutesRequests.php(177): Laravel\\Lumen\\Application->sendThroughPipeline(Array, Object(Closure))
#25 /var/www/html/vendor/laravel/lumen-framework/src/Concerns/RoutesRequests.php(112): Laravel\\Lumen\\Application->dispatch(NULL)
#26 /var/www/html/public/index.php(47): Laravel\\Lumen\\Application->run()
#27 {main}

[previous exception] [object] (PDOException(code: 42000): SQLSTATE[42000]: Syntax error or access violation: 1064 You have an error in your SQL syntax; check the manual that corresponds to your MySQL server version for the right syntax to use near ''
            GROUP BY time
            ORDER BY time' at line 5 at /var/www/html/vendor/illuminate/database/Connection.php:414)
[stacktrace]
#0 /var/www/html/vendor/illuminate/database/Connection.php(414): PDO->prepare('\\n            SE...')
#1 /var/www/html/vendor/illuminate/database/Connection.php(753): Illuminate\\Database\\Connection->Illuminate\\Database\\{closure}(Object(Illuminate\\Database\\Query\\Expression), Array)
#2 /var/www/html/vendor/illuminate/database/Connection.php(720): Illuminate\\Database\\Connection->runQueryCallback(Object(Illuminate\\Database\\Query\\Expression), Array, Object(Closure))
#3 /var/www/html/vendor/illuminate/database/Connection.php(422): Illuminate\\Database\\Connection->run(Object(Illuminate\\Database\\Query\\Expression), Array, Object(Closure))
#4 /var/www/html/vendor/illuminate/database/DatabaseManager.php(469): Illuminate\\Database\\Connection->select(Object(Illuminate\\Database\\Query\\Expression))
#5 /var/www/html/vendor/illuminate/support/Facades/Facade.php(338): Illuminate\\Database\\DatabaseManager->__call('select', Array)
#6 /var/www/html/modules/Analytics/Repositories/Models/AnalyticsOrder.php(105): Illuminate\\Support\\Facades\\Facade::__callStatic('select', Array)
#7 /var/www/html/modules/Analytics/Services/AnalyticsOrderService.php(150): Modules\\Analytics\\Repositories\\Models\\AnalyticsOrder->getPayTimeLine('1', '99999999999'')
#8 /var/www/html/modules/Analytics/Http/Controllers/Manage/AnalyticsController.php(89): Modules\\Analytics\\Services\\AnalyticsOrderService->getDashboardTimeLine(Object(Laravel\\Lumen\\Http\\Request))
#9 /var/www/html/vendor/illuminate/container/BoundMethod.php(36): Modules\\Analytics\\Http\\Controllers\\Manage\\AnalyticsController->getDashboardTimeLine(Object(Laravel\\Lumen\\Http\\Request))
#10 /var/www/html/vendor/illuminate/container/Util.php(41): Illuminate\\Container\\BoundMethod::Illuminate\\Container\\{closure}()
#11 /var/www/html/vendor/illuminate/container/BoundMethod.php(93): Illuminate\\Container\\Util::unwrapIfClosure(Object(Closure))
#12 /var/www/html/vendor/illuminate/container/BoundMethod.php(37): Illuminate\\Container\\BoundMethod::callBoundMethod(Object(Laravel\\Lumen\\Application), Array, Object(Closure))
#13 /var/www/html/vendor/illuminate/container/Container.php(661): Illuminate\\Container\\BoundMethod::call(Object(Laravel\\Lumen\\Application), Array, Array, NULL)
#14 /var/www/html/vendor/laravel/lumen-framework/src/Concerns/RoutesRequests.php(391): Illuminate\\Container\\Container->call(Array, Array)
#15 /var/www/html/vendor/laravel/lumen-framework/src/Concerns/RoutesRequests.php(357): Laravel\\Lumen\\Application->callControllerCallable(Array, Array)
#16 /var/www/html/vendor/laravel/lumen-framework/src/Concerns/RoutesRequests.php(331): Laravel\\Lumen\\Application->callLumenController(Object(Modules\\Analytics\\Http\\Controllers\\Manage\\AnalyticsController), 'getDashboardTim...', Array)
#17 /var/www/html/vendor/laravel/lumen-framework/src/Concerns/RoutesRequests.php(284): Laravel\\Lumen\\Application->callControllerAction(Array)
#18 /var/www/html/vendor/laravel/lumen-framework/src/Concerns/RoutesRequests.php(269): Laravel\\Lumen\\Application->callActionOnArrayBasedRoute(Array)
#19 /var/www/html/vendor/laravel/lumen-framework/src/Concerns/RoutesRequests.php(171): Laravel\\Lumen\\Application->handleFoundRoute(Array)
#20 /var/www/html/vendor/laravel/lumen-framework/src/Routing/Pipeline.php(48): Laravel\\Lumen\\Application->Laravel\\Lumen\\Concerns\\{closure}(Object(Laravel\\Lumen\\Http\\Request))
#21 /var/www/html/app/Middleware/CrossMiddleware.php(55): Laravel\\Lumen\\Routing\\Pipeline->Laravel\\Lumen\\Routing\\{closure}(Object(Laravel\\Lumen\\Http\\Request))
#22 /var/www/html/vendor/illuminate/pipeline/Pipeline.php(180): App\\Middleware\\CrossMiddleware->handle(Object(Laravel\\Lumen\\Http\\Request), Object(Closure))
#23 /var/www/html/vendor/laravel/lumen-framework/src/Routing/Pipeline.php(30): Illuminate\\Pipeline\\Pipeline->Illuminate\\Pipeline\\{closure}(Object(Laravel\\Lumen\\Http\\Request))
#24 /var/www/html/vendor/illuminate/pipeline/Pipeline.php(116): Laravel\\Lumen\\Routing\\Pipeline->Laravel\\Lumen\\Routing\\{closure}(Object(Laravel\\Lumen\\Http\\Request))
#25 /var/www/html/vendor/laravel/lumen-framework/src/Concerns/RoutesRequests.php(428): Illuminate\\Pipeline\\Pipeline->then(Object(Closure))
#26 /var/www/html/vendor/laravel/lumen-framework/src/Concerns/RoutesRequests.php(177): Laravel\\Lumen\\Application->sendThroughPipeline(Array, Object(Closure))
#27 /var/www/html/vendor/laravel/lumen-framework/src/Concerns/RoutesRequests.php(112): Laravel\\Lumen\\Application->dispatch(NULL)
#28 /var/www/html/public/index.php(47): Laravel\\Lumen\\Application->run()
#29 {main}
"} 
[2026-09-21 20:45:56] production.ERROR: SQLSTATE[42000]: Syntax error or access violation: 1064 You have an error in your SQL syntax; check the manual that corresponds to your MySQL server version for the right syntax to use near ')) AND 99999999999
            GROUP BY time
            ORDER BY time' at line 5 (SQL: 
            SELECT
                FROM_UNIXTIME(trade_paid_time / 1000, '%m-%d') AS time,
                SUM(order_payment_amount) AS num
            FROM pay_consume_trade
            WHERE 1  AND trade_paid_time BETWEEN 1)) AND 99999999999
            GROUP BY time
            ORDER BY time) {"exception":"[object] (Illuminate\\Database\\QueryException(code: 42000): SQLSTATE[42000]: Syntax error or access violation: 1064 You have an error in your SQL syntax; check the manual that corresponds to your MySQL server version for the right syntax to use near ')) AND 99999999999
            GROUP BY time
            ORDER BY time' at line 5 (SQL: 
            SELECT
                FROM_UNIXTIME(trade_paid_time / 1000, '%m-%d') AS time,
                SUM(order_payment_amount) AS num
            FROM pay_consume_trade
            WHERE 1  AND trade_paid_time BETWEEN 1)) AND 99999999999
            GROUP BY time
            ORDER BY time) at /var/www/html/vendor/illuminate/database/Connection.php:760)
[stacktrace]
#0 /var/www/html/vendor/illuminate/database/Connection.php(720): Illuminate\\Database\\Connection->runQueryCallback(Object(Illuminate\\Database\\Query\\Expression), Array, Object(Closure))
#1 /var/www/html/vendor/illuminate/database/Connection.php(422): Illuminate\\Database\\Connection->run(Object(Illuminate\\Database\\Query\\Expression), Array, Object(Closure))
#2 /var/www/html/vendor/illuminate/database/DatabaseManager.php(469): Illuminate\\Database\\Connection->select(Object(Illuminate\\Database\\Query\\Expression))
#3 /var/www/html/vendor/illuminate/support/Facades/Facade.php(338): Illuminate\\Database\\DatabaseManager->__call('select', Array)
#4 /var/www/html/modules/Analytics/Repositories/Models/AnalyticsOrder.php(105): Illuminate\\Support\\Facades\\Facade::__callStatic('select', Array)
#5 /var/www/html/modules/Analytics/Services/AnalyticsOrderService.php(150): Modules\\Analytics\\Repositories\\Models\\AnalyticsOrder->getPayTimeLine('1))', '99999999999')
#6 /var/www/html/modules/Analytics/Http/Controllers/Manage/AnalyticsController.php(89): Modules\\Analytics\\Services\\AnalyticsOrderService->getDashboardTimeLine(Object(Laravel\\Lumen\\Http\\Request))
#7 /var/www/html/vendor/illuminate/container/BoundMethod.php(36): Modules\\Analytics\\Http\\Controllers\\Manage\\AnalyticsController->getDashboardTimeLine(Object(Laravel\\Lumen\\Http\\Request))
#8 /var/www/html/vendor/illuminate/container/Util.php(41): Illuminate\\Container\\BoundMethod::Illuminate\\Container\\{closure}()
#9 /var/www/html/vendor/illuminate/container/BoundMethod.php(93): Illuminate\\Container\\Util::unwrapIfClosure(Object(Closure))
#10 /var/www/html/vendor/illuminate/container/BoundMethod.php(37): Illuminate\\Container\\BoundMethod::callBoundMethod(Object(Laravel\\Lumen\\Application), Array, Object(Closure))
#11 /var/www/html/vendor/illuminate/container/Container.php(661): Illuminate\\Container\\BoundMethod::call(Object(Laravel\\Lumen\\Application), Array, Array, NULL)
#12 /var/www/html/vendor/laravel/lumen-framework/src/Concerns/RoutesRequests.php(391): Illuminate\\Container\\Container->call(Array, Array)
#13 /var/www/html/vendor/laravel/lumen-framework/src/Concerns/RoutesRequests.php(357): Laravel\\Lumen\\Application->callControllerCallable(Array, Array)
#14 /var/www/html/vendor/laravel/lumen-framework/src/Concerns/RoutesRequests.php(331): Laravel\\Lumen\\Application->callLumenController(Object(Modules\\Analytics\\Http\\Controllers\\Manage\\AnalyticsController), 'getDashboardTim...', Array)
#15 /var/www/html/vendor/laravel/lumen-framework/src/Concerns/RoutesRequests.php(284): Laravel\\Lumen\\Application->callControllerAction(Array)
#16 /var/www/html/vendor/laravel/lumen-framework/src/Concerns/RoutesRequests.php(269): Laravel\\Lumen\\Application->callActionOnArrayBasedRoute(Array)
#17 /var/www/html/vendor/laravel/lumen-framework/src/Concerns/RoutesRequests.php(171): Laravel\\Lumen\\Application->handleFoundRoute(Array)
#18 /var/www/html/vendor/laravel/lumen-framework/src/Routing/Pipeline.php(48): Laravel\\Lumen\\Application->Laravel\\Lumen\\Concerns\\{closure}(Object(Laravel\\Lumen\\Http\\Request))
#19 /var/www/html/app/Middleware/CrossMiddleware.php(55): Laravel\\Lumen\\Routing\\Pipeline->Laravel\\Lumen\\Routing\\{closure}(Object(Laravel\\Lumen\\Http\\Request))
#20 /var/www/html/vendor/illuminate/pipeline/Pipeline.php(180): App\\Middleware\\CrossMiddleware->handle(Object(Laravel\\Lumen\\Http\\Request), Object(Closure))
#21 /var/www/html/vendor/laravel/lumen-framework/src/Routing/Pipeline.php(30): Illuminate\\Pipeline\\Pipeline->Illuminate\\Pipeline\\{closure}(Object(Laravel\\Lumen\\Http\\Request))
#22 /var/www/html/vendor/illuminate/pipeline/Pipeline.php(116): Laravel\\Lumen\\Routing\\Pipeline->Laravel\\Lumen\\Routing\\{closure}(Object(Laravel\\Lumen\\Http\\Request))
#23 /var/www/html/vendor/laravel/lumen-framework/src/Concerns/RoutesRequests.php(428): Illuminate\\Pipeline\\Pipeline->then(Object(Closure))
#24 /var/www/html/vendor/laravel/lumen-framework/src/Concerns/RoutesRequests.php(177): Laravel\\Lumen\\Application->sendThroughPipeline(Array, Object(Closure))
#25 /var/www/html/vendor/laravel/lumen-framework/src/Concerns/RoutesRequests.php(112): Laravel\\Lumen\\Application->dispatch(NULL)
#26 /var/www/html/public/index.php(47): Laravel\\Lumen\\Application->run()
#27 {main}

[previous exception] [object] (PDOException(code: 42000): SQLSTATE[42000]: Syntax error or access violation: 1064 You have an error in your SQL syntax; check the manual that corresponds to your MySQL server version for the right syntax to use near ')) AND 99999999999
            GROUP BY time
            ORDER BY time' at line 5 at /var/www/html/vendor/illuminate/database/Connection.php:414)
[stacktrace]
#0 /var/www/html/vendor/illuminate/database/Connection.php(414): PDO->prepare('\\n            SE...')
#1 /var/www/html/vendor/illuminate/database/Connection.php(753): Illuminate\\Database\\Connection->Illuminate\\Database\\{closure}(Object(Illuminate\\Database\\Query\\Expression), Array)
#2 /var/www/html/vendor/illuminate/database/Connection.php(720): Illuminate\\Database\\Connection->runQueryCallback(Object(Illuminate\\Database\\Query\\Expression), Array, Object(Closure))
#3 /var/www/html/vendor/illuminate/database/Connection.php(422): Illuminate\\Database\\Connection->run(Object(Illuminate\\Database\\Query\\Expression), Array, Object(Closure))
#4 /var/www/html/vendor/illuminate/database/DatabaseManager.php(469): Illuminate\\Database\\Connection->select(Object(Illuminate\\Database\\Query\\Expression))
#5 /var/www/html/vendor/illuminate/support/Facades/Facade.php(338): Illuminate\\Database\\DatabaseManager->__call('select', Array)
#6 /var/www/html/modules/Analytics/Repositories/Models/AnalyticsOrder.php(105): Illuminate\\Support\\Facades\\Facade::__callStatic('select', Array)
#7 /var/www/html/modules/Analytics/Services/AnalyticsOrderService.php(150): Modules\\Analytics\\Repositories\\Models\\AnalyticsOrder->getPayTimeLine('1))', '99999999999')
#8 /var/www/html/modules/Analytics/Http/Controllers/Manage/AnalyticsController.php(89): Modules\\Analytics\\Services\\AnalyticsOrderService->getDashboardTimeLine(Object(Laravel\\Lumen\\Http\\Request))
#9 /var/www/html/vendor/illuminate/container/BoundMethod.php(36): Modules\\Analytics\\Http\\Controllers\\Manage\\AnalyticsController->getDashboardTimeLine(Object(Laravel\\Lumen\\Http\\Request))
#10 /var/www/html/vendor/illuminate/container/Util.php(41): Illuminate\\Container\\BoundMethod::Illuminate\\Container\\{closure}()
#11 /var/www/html/vendor/illuminate/container/BoundMethod.php(93): Illuminate\\Container\\Util::unwrapIfClosure(Object(Closure))
#12 /var/www/html/vendor/illuminate/container/BoundMethod.php(37): Illuminate\\Container\\BoundMethod::callBoundMethod(Object(Laravel\\Lumen\\Application), Array, Object(Closure))
#13 /var/www/html/vendor/illuminate/container/Container.php(661): Illuminate\\Container\\BoundMethod::call(Object(Laravel\\Lumen\\Application), Array, Array, NULL)
#14 /var/www/html/vendor/laravel/lumen-framework/src/Concerns/RoutesRequests.php(391): Illuminate\\Container\\Container->call(Array, Array)
#15 /var/www/html/vendor/laravel/lumen-framework/src/Concerns/RoutesRequests.php(357): Laravel\\Lumen\\Application->callControllerCallable(Array, Array)
#16 /var/www/html/vendor/laravel/lumen-framework/src/Concerns/RoutesRequests.php(331): Laravel\\Lumen\\Application->callLumenController(Object(Modules\\Analytics\\Http\\Controllers\\Manage\\AnalyticsController), 'getDashboardTim...', Array)
#17 /var/www/html/vendor/laravel/lumen-framework/src/Concerns/RoutesRequests.php(284): Laravel\\Lumen\\Application->callControllerAction(Array)
#18 /var/www/html/vendor/laravel/lumen-framework/src/Concerns/RoutesRequests.php(269): Laravel\\Lumen\\Application->callActionOnArrayBasedRoute(Array)
#19 /var/www/html/vendor/laravel/lumen-framework/src/Concerns/RoutesRequests.php(171): Laravel\\Lumen\\Application->handleFoundRoute(Array)
#20 /var/www/html/vendor/laravel/lumen-framework/src/Routing/Pipeline.php(48): Laravel\\Lumen\\Application->Laravel\\Lumen\\Concerns\\{closure}(Object(Laravel\\Lumen\\Http\\Request))
#21 /var/www/html/app/Middleware/CrossMiddleware.php(55): Laravel\\Lumen\\Routing\\Pipeline->Laravel\\Lumen\\Routing\\{closure}(Object(Laravel\\Lumen\\Http\\Request))
#22 /var/www/html/vendor/illuminate/pipeline/Pipeline.php(180): App\\Middleware\\CrossMiddleware->handle(Object(Laravel\\Lumen\\Http\\Request), Object(Closure))
#23 /var/www/html/vendor/laravel/lumen-framework/src/Routing/Pipeline.php(30): Illuminate\\Pipeline\\Pipeline->Illuminate\\Pipeline\\{closure}(Object(Laravel\\Lumen\\Http\\Request))
#24 /var/www/html/vendor/illuminate/pipeline/Pipeline.php(116): Laravel\\Lumen\\Routing\\Pipeline->Laravel\\Lumen\\Routing\\{closure}(Object(Laravel\\Lumen\\Http\\Request))
#25 /var/www/html/vendor/laravel/lumen-framework/src/Concerns/RoutesRequests.php(428): Illuminate\\Pipeline\\Pipeline->then(Object(Closure))
#26 /var/www/html/vendor/laravel/lumen-framework/src/Concerns/RoutesRequests.php(177): Laravel\\Lumen\\Application->sendThroughPipeline(Array, Object(Closure))
#27 /var/www/html/vendor/laravel/lumen-framework/src/Concerns/RoutesRequests.php(112): Laravel\\Lumen\\Application->dispatch(NULL)
#28 /var/www/html/public/index.php(47): Laravel\\Lumen\\Application->run()
#29 {main}
"} 
[2026-09-21 20:45:56] production.ERROR: SQLSTATE[42000]: Syntax error or access violation: 1064 You have an error in your SQL syntax; check the manual that corresponds to your MySQL server version for the right syntax to use near 'UNION SELECT 1 AND 99999999999
            GROUP BY time
            ORDER BY ti' at line 5 (SQL: 
            SELECT
                FROM_UNIXTIME(trade_paid_time / 1000, '%m-%d') AS time,
                SUM(order_payment_amount) AS num
            FROM pay_consume_trade
            WHERE 1  AND trade_paid_time BETWEEN 1 UNION SELECT 1 AND 99999999999
            GROUP BY time
            ORDER BY time) {"exception":"[object] (Illuminate\\Database\\QueryException(code: 42000): SQLSTATE[42000]: Syntax error or access violation: 1064 You have an error in your SQL syntax; check the manual that corresponds to your MySQL server version for the right syntax to use near 'UNION SELECT 1 AND 99999999999
            GROUP BY time
            ORDER BY ti' at line 5 (SQL: 
            SELECT
                FROM_UNIXTIME(trade_paid_time / 1000, '%m-%d') AS time,
                SUM(order_payment_amount) AS num
            FROM pay_consume_trade
            WHERE 1  AND trade_paid_time BETWEEN 1 UNION SELECT 1 AND 99999999999
            GROUP BY time
            ORDER BY time) at /var/www/html/vendor/illuminate/database/Connection.php:760)
[stacktrace]
#0 /var/www/html/vendor/illuminate/database/Connection.php(720): Illuminate\\Database\\Connection->runQueryCallback(Object(Illuminate\\Database\\Query\\Expression), Array, Object(Closure))
#1 /var/www/html/vendor/illuminate/database/Connection.php(422): Illuminate\\Database\\Connection->run(Object(Illuminate\\Database\\Query\\Expression), Array, Object(Closure))
#2 /var/www/html/vendor/illuminate/database/DatabaseManager.php(469): Illuminate\\Database\\Connection->select(Object(Illuminate\\Database\\Query\\Expression))
#3 /var/www/html/vendor/illuminate/support/Facades/Facade.php(338): Illuminate\\Database\\DatabaseManager->__call('select', Array)
#4 /var/www/html/modules/Analytics/Repositories/Models/AnalyticsOrder.php(105): Illuminate\\Support\\Facades\\Facade::__callStatic('select', Array)
#5 /var/www/html/modules/Analytics/Services/AnalyticsOrderService.php(150): Modules\\Analytics\\Repositories\\Models\\AnalyticsOrder->getPayTimeLine('1 UNION SELECT ...', '99999999999')
#6 /var/www/html/modules/Analytics/Http/Controllers/Manage/AnalyticsController.php(89): Modules\\Analytics\\Services\\AnalyticsOrderService->getDashboardTimeLine(Object(Laravel\\Lumen\\Http\\Request))
#7 /var/www/html/vendor/illuminate/container/BoundMethod.php(36): Modules\\Analytics\\Http\\Controllers\\Manage\\AnalyticsController->getDashboardTimeLine(Object(Laravel\\Lumen\\Http\\Request))
#8 /var/www/html/vendor/illuminate/container/Util.php(41): Illuminate\\Container\\BoundMethod::Illuminate\\Container\\{closure}()
#9 /var/www/html/vendor/illuminate/container/BoundMethod.php(93): Illuminate\\Container\\Util::unwrapIfClosure(Object(Closure))
#10 /var/www/html/vendor/illuminate/container/BoundMethod.php(37): Illuminate\\Container\\BoundMethod::callBoundMethod(Object(Laravel\\Lumen\\Application), Array, Object(Closure))
#11 /var/www/html/vendor/illuminate/container/Container.php(661): Illuminate\\Container\\BoundMethod::call(Object(Laravel\\Lumen\\Application), Array, Array, NULL)
#12 /var/www/html/vendor/laravel/lumen-framework/src/Concerns/RoutesRequests.php(391): Illuminate\\Container\\Container->call(Array, Array)
#13 /var/www/html/vendor/laravel/lumen-framework/src/Concerns/RoutesRequests.php(357): Laravel\\Lumen\\Application->callControllerCallable(Array, Array)
#14 /var/www/html/vendor/laravel/lumen-framework/src/Concerns/RoutesRequests.php(331): Laravel\\Lumen\\Application->callLumenController(Object(Modules\\Analytics\\Http\\Controllers\\Manage\\AnalyticsController), 'getDashboardTim...', Array)
#15 /var/www/html/vendor/laravel/lumen-framework/src/Concerns/RoutesRequests.php(284): Laravel\\Lumen\\Application->callControllerAction(Array)
#16 /var/www/html/vendor/laravel/lumen-framework/src/Concerns/RoutesRequests.php(269): Laravel\\Lumen\\Application->callActionOnArrayBasedRoute(Array)
#17 /var/www/html/vendor/laravel/lumen-framework/src/Concerns/RoutesRequests.php(171): Laravel\\Lumen\\Application->handleFoundRoute(Array)
#18 /var/www/html/vendor/laravel/lumen-framework/src/Routing/Pipeline.php(48): Laravel\\Lumen\\Application->Laravel\\Lumen\\Concerns\\{closure}(Object(Laravel\\Lumen\\Http\\Request))
#19 /var/www/html/app/Middleware/CrossMiddleware.php(55): Laravel\\Lumen\\Routing\\Pipeline->Laravel\\Lumen\\Routing\\{closure}(Object(Laravel\\Lumen\\Http\\Request))
#20 /var/www/html/vendor/illuminate/pipeline/Pipeline.php(180): App\\Middleware\\CrossMiddleware->handle(Object(Laravel\\Lumen\\Http\\Request), Object(Closure))
#21 /var/www/html/vendor/laravel/lumen-framework/src/Routing/Pipeline.php(30): Illuminate\\Pipeline\\Pipeline->Illuminate\\Pipeline\\{closure}(Object(Laravel\\Lumen\\Http\\Request))
#22 /var/www/html/vendor/illuminate/pipeline/Pipeline.php(116): Laravel\\Lumen\\Routing\\Pipeline->Laravel\\Lumen\\Routing\\{closure}(Object(Laravel\\Lumen\\Http\\Request))
#23 /var/www/html/vendor/laravel/lumen-framework/src/Concerns/RoutesRequests.php(428): Illuminate\\Pipeline\\Pipeline->then(Object(Closure))
#24 /var/www/html/vendor/laravel/lumen-framework/src/Concerns/RoutesRequests.php(177): Laravel\\Lumen\\Application->sendThroughPipeline(Array, Object(Closure))
#25 /var/www/html/vendor/laravel/lumen-framework/src/Concerns/RoutesRequests.php(112): Laravel\\Lumen\\Application->dispatch(NULL)
#26 /var/www/html/public/index.php(47): Laravel\\Lumen\\Application->run()
#27 {main}

[previous exception] [object] (PDOException(code: 42000): SQLSTATE[42000]: Syntax error or access violation: 1064 You have an error in your SQL syntax; check the manual that corresponds to your MySQL server version for the right syntax to use near 'UNION SELECT 1 AND 99999999999
            GROUP BY time
            ORDER BY ti' at line 5 at /var/www/html/vendor/illuminate/database/Connection.php:414)
[stacktrace]
#0 /var/www/html/vendor/illuminate/database/Connection.php(414): PDO->prepare('\\n            SE...')
#1 /var/www/html/vendor/illuminate/database/Connection.php(753): Illuminate\\Database\\Connection->Illuminate\\Database\\{closure}(Object(Illuminate\\Database\\Query\\Expression), Array)
#2 /var/www/html/vendor/illuminate/database/Connection.php(720): Illuminate\\Database\\Connection->runQueryCallback(Object(Illuminate\\Database\\Query\\Expression), Array, Object(Closure))
#3 /var/www/html/vendor/illuminate/database/Connection.php(422): Illuminate\\Database\\Connection->run(Object(Illuminate\\Database\\Query\\Expression), Array, Object(Closure))
#4 /var/www/html/vendor/illuminate/database/DatabaseManager.php(469): Illuminate\\Database\\Connection->select(Object(Illuminate\\Database\\Query\\Expression))
#5 /var/www/html/vendor/illuminate/support/Facades/Facade.php(338): Illuminate\\Database\\DatabaseManager->__call('select', Array)
#6 /var/www/html/modules/Analytics/Repositories/Models/AnalyticsOrder.php(105): Illuminate\\Support\\Facades\\Facade::__callStatic('select', Array)
#7 /var/www/html/modules/Analytics/Services/AnalyticsOrderService.php(150): Modules\\Analytics\\Repositories\\Models\\AnalyticsOrder->getPayTimeLine('1 UNION SELECT ...', '99999999999')
#8 /var/www/html/modules/Analytics/Http/Controllers/Manage/AnalyticsController.php(89): Modules\\Analytics\\Services\\AnalyticsOrderService->getDashboardTimeLine(Object(Laravel\\Lumen\\Http\\Request))
#9 /var/www/html/vendor/illuminate/container/BoundMethod.php(36): Modules\\Analytics\\Http\\Controllers\\Manage\\AnalyticsController->getDashboardTimeLine(Object(Laravel\\Lumen\\Http\\Request))
#10 /var/www/html/vendor/illuminate/container/Util.php(41): Illuminate\\Container\\BoundMethod::Illuminate\\Container\\{closure}()
#11 /var/www/html/vendor/illuminate/container/BoundMethod.php(93): Illuminate\\Container\\Util::unwrapIfClosure(Object(Closure))
#12 /var/www/html/vendor/illuminate/container/BoundMethod.php(37): Illuminate\\Container\\BoundMethod::callBoundMethod(Object(Laravel\\Lumen\\Application), Array, Object(Closure))
#13 /var/www/html/vendor/illuminate/container/Container.php(661): Illuminate\\Container\\BoundMethod::call(Object(Laravel\\Lumen\\Application), Array, Array, NULL)
#14 /var/www/html/vendor/laravel/lumen-framework/src/Concerns/RoutesRequests.php(391): Illuminate\\Container\\Container->call(Array, Array)
#15 /var/www/html/vendor/laravel/lumen-framework/src/Concerns/RoutesRequests.php(357): Laravel\\Lumen\\Application->callControllerCallable(Array, Array)
#16 /var/www/html/vendor/laravel/lumen-framework/src/Concerns/RoutesRequests.php(331): Laravel\\Lumen\\Application->callLumenController(Object(Modules\\Analytics\\Http\\Controllers\\Manage\\AnalyticsController), 'getDashboardTim...', Array)
#17 /var/www/html/vendor/laravel/lumen-framework/src/Concerns/RoutesRequests.php(284): Laravel\\Lumen\\Application->callControllerAction(Array)
#18 /var/www/html/vendor/laravel/lumen-framework/src/Concerns/RoutesRequests.php(269): Laravel\\Lumen\\Application->callActionOnArrayBasedRoute(Array)
#19 /var/www/html/vendor/laravel/lumen-framework/src/Concerns/RoutesRequests.php(171): Laravel\\Lumen\\Application->handleFoundRoute(Array)
#20 /var/www/html/vendor/laravel/lumen-framework/src/Routing/Pipeline.php(48): Laravel\\Lumen\\Application->Laravel\\Lumen\\Concerns\\{closure}(Object(Laravel\\Lumen\\Http\\Request))
#21 /var/www/html/app/Middleware/CrossMiddleware.php(55): Laravel\\Lumen\\Routing\\Pipeline->Laravel\\Lumen\\Routing\\{closure}(Object(Laravel\\Lumen\\Http\\Request))
#22 /var/www/html/vendor/illuminate/pipeline/Pipeline.php(180): App\\Middleware\\CrossMiddleware->handle(Object(Laravel\\Lumen\\Http\\Request), Object(Closure))
#23 /var/www/html/vendor/laravel/lumen-framework/src/Routing/Pipeline.php(30): Illuminate\\Pipeline\\Pipeline->Illuminate\\Pipeline\\{closure}(Object(Laravel\\Lumen\\Http\\Request))
#24 /var/www/html/vendor/illuminate/pipeline/Pipeline.php(116): Laravel\\Lumen\\Routing\\Pipeline->Laravel\\Lumen\\Routing\\{closure}(Object(Laravel\\Lumen\\Http\\Request))
#25 /var/www/html/vendor/laravel/lumen-framework/src/Concerns/RoutesRequests.php(428): Illuminate\\Pipeline\\Pipeline->then(Object(Closure))
#26 /var/www/html/vendor/laravel/lumen-framework/src/Concerns/RoutesRequests.php(177): Laravel\\Lumen\\Application->sendThroughPipeline(Array, Object(Closure))
#27 /var/www/html/vendor/laravel/lumen-framework/src/Concerns/RoutesRequests.php(112): Laravel\\Lumen\\Application->dispatch(NULL)
#28 /var/www/html/public/index.php(47): Laravel\\Lumen\\Application->run()
#29 {main}
"} 
[2026-09-21 20:46:06] production.ERROR: SQLSTATE[42000]: Syntax error or access violation: 1064 You have an error in your SQL syntax; check the manual that corresponds to your MySQL server version for the right syntax to use near '' AND 9
            GROUP BY time
            ORDER BY time' at line 5 (SQL: 
            SELECT
                FROM_UNIXTIME(trade_paid_time / 1000, '%m-%d') AS time,
                SUM(order_payment_amount) AS num
            FROM pay_consume_trade
            WHERE 1  AND trade_paid_time BETWEEN 1' AND 9
            GROUP BY time
            ORDER BY time) {"exception":"[object] (Illuminate\\Database\\QueryException(code: 42000): SQLSTATE[42000]: Syntax error or access violation: 1064 You have an error in your SQL syntax; check the manual that corresponds to your MySQL server version for the right syntax to use near '' AND 9
            GROUP BY time
            ORDER BY time' at line 5 (SQL: 
            SELECT
                FROM_UNIXTIME(trade_paid_time / 1000, '%m-%d') AS time,
                SUM(order_payment_amount) AS num
            FROM pay_consume_trade
            WHERE 1  AND trade_paid_time BETWEEN 1' AND 9
            GROUP BY time
            ORDER BY time) at /var/www/html/vendor/illuminate/database/Connection.php:760)
[stacktrace]
#0 /var/www/html/vendor/illuminate/database/Connection.php(720): Illuminate\\Database\\Connection->runQueryCallback(Object(Illuminate\\Database\\Query\\Expression), Array, Object(Closure))
#1 /var/www/html/vendor/illuminate/database/Connection.php(422): Illuminate\\Database\\Connection->run(Object(Illuminate\\Database\\Query\\Expression), Array, Object(Closure))
#2 /var/www/html/vendor/illuminate/database/DatabaseManager.php(469): Illuminate\\Database\\Connection->select(Object(Illuminate\\Database\\Query\\Expression))
#3 /var/www/html/vendor/illuminate/support/Facades/Facade.php(338): Illuminate\\Database\\DatabaseManager->__call('select', Array)
#4 /var/www/html/modules/Analytics/Repositories/Models/AnalyticsOrder.php(105): Illuminate\\Support\\Facades\\Facade::__callStatic('select', Array)
#5 /var/www/html/modules/Analytics/Services/AnalyticsOrderService.php(150): Modules\\Analytics\\Repositories\\Models\\AnalyticsOrder->getPayTimeLine('1'', '9')
#6 /var/www/html/modules/Analytics/Http/Controllers/Manage/AnalyticsController.php(89): Modules\\Analytics\\Services\\AnalyticsOrderService->getDashboardTimeLine(Object(Laravel\\Lumen\\Http\\Request))
#7 /var/www/html/vendor/illuminate/container/BoundMethod.php(36): Modules\\Analytics\\Http\\Controllers\\Manage\\AnalyticsController->getDashboardTimeLine(Object(Laravel\\Lumen\\Http\\Request))
#8 /var/www/html/vendor/illuminate/container/Util.php(41): Illuminate\\Container\\BoundMethod::Illuminate\\Container\\{closure}()
#9 /var/www/html/vendor/illuminate/container/BoundMethod.php(93): Illuminate\\Container\\Util::unwrapIfClosure(Object(Closure))
#10 /var/www/html/vendor/illuminate/container/BoundMethod.php(37): Illuminate\\Container\\BoundMethod::callBoundMethod(Object(Laravel\\Lumen\\Application), Array, Object(Closure))
#11 /var/www/html/vendor/illuminate/container/Container.php(661): Illuminate\\Container\\BoundMethod::call(Object(Laravel\\Lumen\\Application), Array, Array, NULL)
#12 /var/www/html/vendor/laravel/lumen-framework/src/Concerns/RoutesRequests.php(391): Illuminate\\Container\\Container->call(Array, Array)
#13 /var/www/html/vendor/laravel/lumen-framework/src/Concerns/RoutesRequests.php(357): Laravel\\Lumen\\Application->callControllerCallable(Array, Array)
#14 /var/www/html/vendor/laravel/lumen-framework/src/Concerns/RoutesRequests.php(331): Laravel\\Lumen\\Application->callLumenController(Object(Modules\\Analytics\\Http\\Controllers\\Manage\\AnalyticsController), 'getDashboardTim...', Array)
#15 /var/www/html/vendor/laravel/lumen-framework/src/Concerns/RoutesRequests.php(284): Laravel\\Lumen\\Application->callControllerAction(Array)
#16 /var/www/html/vendor/laravel/lumen-framework/src/Concerns/RoutesRequests.php(269): Laravel\\Lumen\\Application->callActionOnArrayBasedRoute(Array)
#17 /var/www/html/vendor/laravel/lumen-framework/src/Concerns/RoutesRequests.php(171): Laravel\\Lumen\\Application->handleFoundRoute(Array)
#18 /var/www/html/vendor/laravel/lumen-framework/src/Routing/Pipeline.php(48): Laravel\\Lumen\\Application->Laravel\\Lumen\\Concerns\\{closure}(Object(Laravel\\Lumen\\Http\\Request))
#19 /var/www/html/app/Middleware/CrossMiddleware.php(55): Laravel\\Lumen\\Routing\\Pipeline->Laravel\\Lumen\\Routing\\{closure}(Object(Laravel\\Lumen\\Http\\Request))
#20 /var/www/html/vendor/illuminate/pipeline/Pipeline.php(180): App\\Middleware\\CrossMiddleware->handle(Object(Laravel\\Lumen\\Http\\Request), Object(Closure))
#21 /var/www/html/vendor/laravel/lumen-framework/src/Routing/Pipeline.php(30): Illuminate\\Pipeline\\Pipeline->Illuminate\\Pipeline\\{closure}(Object(Laravel\\Lumen\\Http\\Request))
#22 /var/www/html/vendor/illuminate/pipeline/Pipeline.php(116): Laravel\\Lumen\\Routing\\Pipeline->Laravel\\Lumen\\Routing\\{closure}(Object(Laravel\\Lumen\\Http\\Request))
#23 /var/www/html/vendor/laravel/lumen-framework/src/Concerns/RoutesRequests.php(428): Illuminate\\Pipeline\\Pipeline->then(Object(Closure))
#24 /var/www/html/vendor/laravel/lumen-framework/src/Concerns/RoutesRequests.php(177): Laravel\\Lumen\\Application->sendThroughPipeline(Array, Object(Closure))
#25 /var/www/html/vendor/laravel/lumen-framework/src/Concerns/RoutesRequests.php(112): Laravel\\Lumen\\Application->dispatch(NULL)
#26 /var/www/html/public/index.php(47): Laravel\\Lumen\\Application->run()
#27 {main}

[previous exception] [object] (PDOException(code: 42000): SQLSTATE[42000]: Syntax error or access violation: 1064 You have an error in your SQL syntax; check the manual that corresponds to your MySQL server version for the right syntax to use near '' AND 9
            GROUP BY time
            ORDER BY time' at line 5 at /var/www/html/vendor/illuminate/database/Connection.php:414)
[stacktrace]
#0 /var/www/html/vendor/illuminate/database/Connection.php(414): PDO->prepare('\\n            SE...')
#1 /var/www/html/vendor/illuminate/database/Connection.php(753): Illuminate\\Database\\Connection->Illuminate\\Database\\{closure}(Object(Illuminate\\Database\\Query\\Expression), Array)
#2 /var/www/html/vendor/illuminate/database/Connection.php(720): Illuminate\\Database\\Connection->runQueryCallback(Object(Illuminate\\Database\\Query\\Expression), Array, Object(Closure))
#3 /var/www/html/vendor/illuminate/database/Connection.php(422): Illuminate\\Database\\Connection->run(Object(Illuminate\\Database\\Query\\Expression), Array, Object(Closure))
#4 /var/www/html/vendor/illuminate/database/DatabaseManager.php(469): Illuminate\\Database\\Connection->select(Object(Illuminate\\Database\\Query\\Expression))
#5 /var/www/html/vendor/illuminate/support/Facades/Facade.php(338): Illuminate\\Database\\DatabaseManager->__call('select', Array)
#6 /var/www/html/modules/Analytics/Repositories/Models/AnalyticsOrder.php(105): Illuminate\\Support\\Facades\\Facade::__callStatic('select', Array)
#7 /var/www/html/modules/Analytics/Services/AnalyticsOrderService.php(150): Modules\\Analytics\\Repositories\\Models\\AnalyticsOrder->getPayTimeLine('1'', '9')
#8 /var/www/html/modules/Analytics/Http/Controllers/Manage/AnalyticsController.php(89): Modules\\Analytics\\Services\\AnalyticsOrderService->getDashboardTimeLine(Object(Laravel\\Lumen\\Http\\Request))
#9 /var/www/html/vendor/illuminate/container/BoundMethod.php(36): Modules\\Analytics\\Http\\Controllers\\Manage\\AnalyticsController->getDashboardTimeLine(Object(Laravel\\Lumen\\Http\\Request))
#10 /var/www/html/vendor/illuminate/container/Util.php(41): Illuminate\\Container\\BoundMethod::Illuminate\\Container\\{closure}()
#11 /var/www/html/vendor/illuminate/container/BoundMethod.php(93): Illuminate\\Container\\Util::unwrapIfClosure(Object(Closure))
#12 /var/www/html/vendor/illuminate/container/BoundMethod.php(37): Illuminate\\Container\\BoundMethod::callBoundMethod(Object(Laravel\\Lumen\\Application), Array, Object(Closure))
#13 /var/www/html/vendor/illuminate/container/Container.php(661): Illuminate\\Container\\BoundMethod::call(Object(Laravel\\Lumen\\Application), Array, Array, NULL)
#14 /var/www/html/vendor/laravel/lumen-framework/src/Concerns/RoutesRequests.php(391): Illuminate\\Container\\Container->call(Array, Array)
#15 /var/www/html/vendor/laravel/lumen-framework/src/Concerns/RoutesRequests.php(357): Laravel\\Lumen\\Application->callControllerCallable(Array, Array)
#16 /var/www/html/vendor/laravel/lumen-framework/src/Concerns/RoutesRequests.php(331): Laravel\\Lumen\\Application->callLumenController(Object(Modules\\Analytics\\Http\\Controllers\\Manage\\AnalyticsController), 'getDashboardTim...', Array)
#17 /var/www/html/vendor/laravel/lumen-framework/src/Concerns/RoutesRequests.php(284): Laravel\\Lumen\\Application->callControllerAction(Array)
#18 /var/www/html/vendor/laravel/lumen-framework/src/Concerns/RoutesRequests.php(269): Laravel\\Lumen\\Application->callActionOnArrayBasedRoute(Array)
#19 /var/www/html/vendor/laravel/lumen-framework/src/Concerns/RoutesRequests.php(171): Laravel\\Lumen\\Application->handleFoundRoute(Array)
#20 /var/www/html/vendor/laravel/lumen-framework/src/Routing/Pipeline.php(48): Laravel\\Lumen\\Application->Laravel\\Lumen\\Concerns\\{closure}(Object(Laravel\\Lumen\\Http\\Request))
#21 /var/www/html/app/Middleware/CrossMiddleware.php(55): Laravel\\Lumen\\Routing\\Pipeline->Laravel\\Lumen\\Routing\\{closure}(Object(Laravel\\Lumen\\Http\\Request))
#22 /var/www/html/vendor/illuminate/pipeline/Pipeline.php(180): App\\Middleware\\CrossMiddleware->handle(Object(Laravel\\Lumen\\Http\\Request), Object(Closure))
#23 /var/www/html/vendor/laravel/lumen-framework/src/Routing/Pipeline.php(30): Illuminate\\Pipeline\\Pipeline->Illuminate\\Pipeline\\{closure}(Object(Laravel\\Lumen\\Http\\Request))
#24 /var/www/html/vendor/illuminate/pipeline/Pipeline.php(116): Laravel\\Lumen\\Routing\\Pipeline->Laravel\\Lumen\\Routing\\{closure}(Object(Laravel\\Lumen\\Http\\Request))
#25 /var/www/html/vendor/laravel/lumen-framework/src/Concerns/RoutesRequests.php(428): Illuminate\\Pipeline\\Pipeline->then(Object(Closure))
#26 /var/www/html/vendor/laravel/lumen-framework/src/Concerns/RoutesRequests.php(177): Laravel\\Lumen\\Application->sendThroughPipeline(Array, Object(Closure))
#27 /var/www/html/vendor/laravel/lumen-framework/src/Concerns/RoutesRequests.php(112): Laravel\\Lumen\\Application->dispatch(NULL)
#28 /var/www/html/public/index.php(47): Laravel\\Lumen\\Application->run()
#29 {main}
"} 
[2026-09-21 20:56:08] production.ERROR: 用户名或者密码不正确 {"exception":"[object] (App\\Exceptions\\ErrorException(code: 200): 用户名或者密码不正确 at /var/www/html/modules/Account/Services/LoginService.php:110)
[stacktrace]
#0 /var/www/html/modules/Account/Http/Controllers/LoginController.php(70): Modules\\Account\\Services\\LoginService->login(Object(Laravel\\Lumen\\Http\\Request))
#1 /var/www/html/vendor/illuminate/container/BoundMethod.php(36): Modules\\Account\\Http\\Controllers\\LoginController->login(Object(Laravel\\Lumen\\Http\\Request))
#2 /var/www/html/vendor/illuminate/container/Util.php(41): Illuminate\\Container\\BoundMethod::Illuminate\\Container\\{closure}()
#3 /var/www/html/vendor/illuminate/container/BoundMethod.php(93): Illuminate\\Container\\Util::unwrapIfClosure(Object(Closure))
#4 /var/www/html/vendor/illuminate/container/BoundMethod.php(37): Illuminate\\Container\\BoundMethod::callBoundMethod(Object(Laravel\\Lumen\\Application), Array, Object(Closure))
#5 /var/www/html/vendor/illuminate/container/Container.php(661): Illuminate\\Container\\BoundMethod::call(Object(Laravel\\Lumen\\Application), Array, Array, NULL)
#6 /var/www/html/vendor/laravel/lumen-framework/src/Concerns/RoutesRequests.php(391): Illuminate\\Container\\Container->call(Array, Array)
#7 /var/www/html/vendor/laravel/lumen-framework/src/Concerns/RoutesRequests.php(357): Laravel\\Lumen\\Application->callControllerCallable(Array, Array)
#8 /var/www/html/vendor/laravel/lumen-framework/src/Concerns/RoutesRequests.php(331): Laravel\\Lumen\\Application->callLumenController(Object(Modules\\Account\\Http\\Controllers\\LoginController), 'login', Array)
#9 /var/www/html/vendor/laravel/lumen-framework/src/Concerns/RoutesRequests.php(284): Laravel\\Lumen\\Application->callControllerAction(Array)
#10 /var/www/html/vendor/laravel/lumen-framework/src/Concerns/RoutesRequests.php(269): Laravel\\Lumen\\Application->callActionOnArrayBasedRoute(Array)
#11 /var/www/html/vendor/laravel/lumen-framework/src/Concerns/RoutesRequests.php(171): Laravel\\Lumen\\Application->handleFoundRoute(Array)
#12 /var/www/html/vendor/laravel/lumen-framework/src/Routing/Pipeline.php(48): Laravel\\Lumen\\Application->Laravel\\Lumen\\Concerns\\{closure}(Object(Laravel\\Lumen\\Http\\Request))
#13 /var/www/html/app/Middleware/CrossMiddleware.php(55): Laravel\\Lumen\\Routing\\Pipeline->Laravel\\Lumen\\Routing\\{closure}(Object(Laravel\\Lumen\\Http\\Request))
#14 /var/www/html/vendor/illuminate/pipeline/Pipeline.php(180): App\\Middleware\\CrossMiddleware->handle(Object(Laravel\\Lumen\\Http\\Request), Object(Closure))
#15 /var/www/html/vendor/laravel/lumen-framework/src/Routing/Pipeline.php(30): Illuminate\\Pipeline\\Pipeline->Illuminate\\Pipeline\\{closure}(Object(Laravel\\Lumen\\Http\\Request))
#16 /var/www/html/vendor/illuminate/pipeline/Pipeline.php(116): Laravel\\Lumen\\Routing\\Pipeline->Laravel\\Lumen\\Routing\\{closure}(Object(Laravel\\Lumen\\Http\\Request))
#17 /var/www/html/vendor/laravel/lumen-framework/src/Concerns/RoutesRequests.php(428): Illuminate\\Pipeline\\Pipeline->then(Object(Closure))
#18 /var/www/html/vendor/laravel/lumen-framework/src/Concerns/RoutesRequests.php(177): Laravel\\Lumen\\Application->sendThroughPipeline(Array, Object(Closure))
#19 /var/www/html/vendor/laravel/lumen-framework/src/Concerns/RoutesRequests.php(112): Laravel\\Lumen\\Application->dispatch(NULL)
#20 /var/www/html/public/index.php(47): Laravel\\Lumen\\Application->run()
#21 {main}
"} 
[2026-09-21 21:04:10] production.ERROR: 验证码有误 {"exception":"[object] (App\\Exceptions\\ErrorException(code: 200): 验证码有误 at /var/www/html/app/Support/helpers.php:75)
[stacktrace]
#0 /var/www/html/modules/Account/Http/Controllers/LoginController.php(68): checkVerifyCode(Object(Laravel\\Lumen\\Http\\Request))
#1 /var/www/html/vendor/illuminate/container/BoundMethod.php(36): Modules\\Account\\Http\\Controllers\\LoginController->login(Object(Laravel\\Lumen\\Http\\Request))
#2 /var/www/html/vendor/illuminate/container/Util.php(41): Illuminate\\Container\\BoundMethod::Illuminate\\Container\\{closure}()
#3 /var/www/html/vendor/illuminate/container/BoundMethod.php(93): Illuminate\\Container\\Util::unwrapIfClosure(Object(Closure))
#4 /var/www/html/vendor/illuminate/container/BoundMethod.php(37): Illuminate\\Container\\BoundMethod::callBoundMethod(Object(Laravel\\Lumen\\Application), Array, Object(Closure))
#5 /var/www/html/vendor/illuminate/container/Container.php(661): Illuminate\\Container\\BoundMethod::call(Object(Laravel\\Lumen\\Application), Array, Array, NULL)
#6 /var/www/html/vendor/laravel/lumen-framework/src/Concerns/RoutesRequests.php(391): Illuminate\\Container\\Container->call(Array, Array)
#7 /var/www/html/vendor/laravel/lumen-framework/src/Concerns/RoutesRequests.php(357): Laravel\\Lumen\\Application->callControllerCallable(Array, Array)
#8 /var/www/html/vendor/laravel/lumen-framework/src/Concerns/RoutesRequests.php(331): Laravel\\Lumen\\Application->callLumenController(Object(Modules\\Account\\Http\\Controllers\\LoginController), 'login', Array)
#9 /var/www/html/vendor/laravel/lumen-framework/src/Concerns/RoutesRequests.php(284): Laravel\\Lumen\\Application->callControllerAction(Array)
#10 /var/www/html/vendor/laravel/lumen-framework/src/Concerns/RoutesRequests.php(269): Laravel\\Lumen\\Application->callActionOnArrayBasedRoute(Array)
#11 /var/www/html/vendor/laravel/lumen-framework/src/Concerns/RoutesRequests.php(171): Laravel\\Lumen\\Application->handleFoundRoute(Array)
#12 /var/www/html/vendor/laravel/lumen-framework/src/Routing/Pipeline.php(48): Laravel\\Lumen\\Application->Laravel\\Lumen\\Concerns\\{closure}(Object(Laravel\\Lumen\\Http\\Request))
#13 /var/www/html/app/Middleware/CrossMiddleware.php(55): Laravel\\Lumen\\Routing\\Pipeline->Laravel\\Lumen\\Routing\\{closure}(Object(Laravel\\Lumen\\Http\\Request))
#14 /var/www/html/vendor/illuminate/pipeline/Pipeline.php(180): App\\Middleware\\CrossMiddleware->handle(Object(Laravel\\Lumen\\Http\\Request), Object(Closure))
#15 /var/www/html/vendor/laravel/lumen-framework/src/Routing/Pipeline.php(30): Illuminate\\Pipeline\\Pipeline->Illuminate\\Pipeline\\{closure}(Object(Laravel\\Lumen\\Http\\Request))
#16 /var/www/html/vendor/illuminate/pipeline/Pipeline.php(116): Laravel\\Lumen\\Routing\\Pipeline->Laravel\\Lumen\\Routing\\{closure}(Object(Laravel\\Lumen\\Http\\Request))
#17 /var/www/html/vendor/laravel/lumen-framework/src/Concerns/RoutesRequests.php(428): Illuminate\\Pipeline\\Pipeline->then(Object(Closure))
#18 /var/www/html/vendor/laravel/lumen-framework/src/Concerns/RoutesRequests.php(177): Laravel\\Lumen\\Application->sendThroughPipeline(Array, Object(Closure))
#19 /var/www/html/vendor/laravel/lumen-framework/src/Concerns/RoutesRequests.php(112): Laravel\\Lumen\\Application->dispatch(NULL)
#20 /var/www/html/public/index.php(47): Laravel\\Lumen\\Application->run()
#21 {main}
"} 
[2026-09-21 21:04:30] production.ERROR: 验证码有误 {"exception":"[object] (App\\Exceptions\\ErrorException(code: 200): 验证码有误 at /var/www/html/app/Support/helpers.php:75)
[stacktrace]
#0 /var/www/html/modules/Account/Http/Controllers/LoginController.php(68): checkVerifyCode(Object(Laravel\\Lumen\\Http\\Request))
#1 /var/www/html/vendor/illuminate/container/BoundMethod.php(36): Modules\\Account\\Http\\Controllers\\LoginController->login(Object(Laravel\\Lumen\\Http\\Request))
#2 /var/www/html/vendor/illuminate/container/Util.php(41): Illuminate\\Container\\BoundMethod::Illuminate\\Container\\{closure}()
#3 /var/www/html/vendor/illuminate/container/BoundMethod.php(93): Illuminate\\Container\\Util::unwrapIfClosure(Object(Closure))
#4 /var/www/html/vendor/illuminate/container/BoundMethod.php(37): Illuminate\\Container\\BoundMethod::callBoundMethod(Object(Laravel\\Lumen\\Application), Array, Object(Closure))
#5 /var/www/html/vendor/illuminate/container/Container.php(661): Illuminate\\Container\\BoundMethod::call(Object(Laravel\\Lumen\\Application), Array, Array, NULL)
#6 /var/www/html/vendor/laravel/lumen-framework/src/Concerns/RoutesRequests.php(391): Illuminate\\Container\\Container->call(Array, Array)
#7 /var/www/html/vendor/laravel/lumen-framework/src/Concerns/RoutesRequests.php(357): Laravel\\Lumen\\Application->callControllerCallable(Array, Array)
#8 /var/www/html/vendor/laravel/lumen-framework/src/Concerns/RoutesRequests.php(331): Laravel\\Lumen\\Application->callLumenController(Object(Modules\\Account\\Http\\Controllers\\LoginController), 'login', Array)
#9 /var/www/html/vendor/laravel/lumen-framework/src/Concerns/RoutesRequests.php(284): Laravel\\Lumen\\Application->callControllerAction(Array)
#10 /var/www/html/vendor/laravel/lumen-framework/src/Concerns/RoutesRequests.php(269): Laravel\\Lumen\\Application->callActionOnArrayBasedRoute(Array)
#11 /var/www/html/vendor/laravel/lumen-framework/src/Concerns/RoutesRequests.php(171): Laravel\\Lumen\\Application->handleFoundRoute(Array)
#12 /var/www/html/vendor/laravel/lumen-framework/src/Routing/Pipeline.php(48): Laravel\\Lumen\\Application->Laravel\\Lumen\\Concerns\\{closure}(Object(Laravel\\Lumen\\Http\\Request))
#13 /var/www/html/app/Middleware/CrossMiddleware.php(55): Laravel\\Lumen\\Routing\\Pipeline->Laravel\\Lumen\\Routing\\{closure}(Object(Laravel\\Lumen\\Http\\Request))
#14 /var/www/html/vendor/illuminate/pipeline/Pipeline.php(180): App\\Middleware\\CrossMiddleware->handle(Object(Laravel\\Lumen\\Http\\Request), Object(Closure))
#15 /var/www/html/vendor/laravel/lumen-framework/src/Routing/Pipeline.php(30): Illuminate\\Pipeline\\Pipeline->Illuminate\\Pipeline\\{closure}(Object(Laravel\\Lumen\\Http\\Request))
#16 /var/www/html/vendor/illuminate/pipeline/Pipeline.php(116): Laravel\\Lumen\\Routing\\Pipeline->Laravel\\Lumen\\Routing\\{closure}(Object(Laravel\\Lumen\\Http\\Request))
#17 /var/www/html/vendor/laravel/lumen-framework/src/Concerns/RoutesRequests.php(428): Illuminate\\Pipeline\\Pipeline->then(Object(Closure))
#18 /var/www/html/vendor/laravel/lumen-framework/src/Concerns/RoutesRequests.php(177): Laravel\\Lumen\\Application->sendThroughPipeline(Array, Object(Closure))
#19 /var/www/html/vendor/laravel/lumen-framework/src/Concerns/RoutesRequests.php(112): Laravel\\Lumen\\Application->dispatch(NULL)
#20 /var/www/html/public/index.php(47): Laravel\\Lumen\\Application->run()
#21 {main}
"} 
[2026-09-21 21:05:03] production.ERROR: 验证码有误 {"exception":"[object] (App\\Exceptions\\ErrorException(code: 200): 验证码有误 at /var/www/html/app/Support/helpers.php:75)
[stacktrace]
#0 /var/www/html/modules/Account/Http/Controllers/LoginController.php(68): checkVerifyCode(Object(Laravel\\Lumen\\Http\\Request))
#1 /var/www/html/vendor/illuminate/container/BoundMethod.php(36): Modules\\Account\\Http\\Controllers\\LoginController->login(Object(Laravel\\Lumen\\Http\\Request))
#2 /var/www/html/vendor/illuminate/container/Util.php(41): Illuminate\\Container\\BoundMethod::Illuminate\\Container\\{closure}()
#3 /var/www/html/vendor/illuminate/container/BoundMethod.php(93): Illuminate\\Container\\Util::unwrapIfClosure(Object(Closure))
#4 /var/www/html/vendor/illuminate/container/BoundMethod.php(37): Illuminate\\Container\\BoundMethod::callBoundMethod(Object(Laravel\\Lumen\\Application), Array, Object(Closure))
#5 /var/www/html/vendor/illuminate/container/Container.php(661): Illuminate\\Container\\BoundMethod::call(Object(Laravel\\Lumen\\Application), Array, Array, NULL)
#6 /var/www/html/vendor/laravel/lumen-framework/src/Concerns/RoutesRequests.php(391): Illuminate\\Container\\Container->call(Array, Array)
#7 /var/www/html/vendor/laravel/lumen-framework/src/Concerns/RoutesRequests.php(357): Laravel\\Lumen\\Application->callControllerCallable(Array, Array)
#8 /var/www/html/vendor/laravel/lumen-framework/src/Concerns/RoutesRequests.php(331): Laravel\\Lumen\\Application->callLumenController(Object(Modules\\Account\\Http\\Controllers\\LoginController), 'login', Array)
#9 /var/www/html/vendor/laravel/lumen-framework/src/Concerns/RoutesRequests.php(284): Laravel\\Lumen\\Application->callControllerAction(Array)
#10 /var/www/html/vendor/laravel/lumen-framework/src/Concerns/RoutesRequests.php(269): Laravel\\Lumen\\Application->callActionOnArrayBasedRoute(Array)
#11 /var/www/html/vendor/laravel/lumen-framework/src/Concerns/RoutesRequests.php(171): Laravel\\Lumen\\Application->handleFoundRoute(Array)
#12 /var/www/html/vendor/laravel/lumen-framework/src/Routing/Pipeline.php(48): Laravel\\Lumen\\Application->Laravel\\Lumen\\Concerns\\{closure}(Object(Laravel\\Lumen\\Http\\Request))
#13 /var/www/html/app/Middleware/CrossMiddleware.php(55): Laravel\\Lumen\\Routing\\Pipeline->Laravel\\Lumen\\Routing\\{closure}(Object(Laravel\\Lumen\\Http\\Request))
#14 /var/www/html/vendor/illuminate/pipeline/Pipeline.php(180): App\\Middleware\\CrossMiddleware->handle(Object(Laravel\\Lumen\\Http\\Request), Object(Closure))
#15 /var/www/html/vendor/laravel/lumen-framework/src/Routing/Pipeline.php(30): Illuminate\\Pipeline\\Pipeline->Illuminate\\Pipeline\\{closure}(Object(Laravel\\Lumen\\Http\\Request))
#16 /var/www/html/vendor/illuminate/pipeline/Pipeline.php(116): Laravel\\Lumen\\Routing\\Pipeline->Laravel\\Lumen\\Routing\\{closure}(Object(Laravel\\Lumen\\Http\\Request))
#17 /var/www/html/vendor/laravel/lumen-framework/src/Concerns/RoutesRequests.php(428): Illuminate\\Pipeline\\Pipeline->then(Object(Closure))
#18 /var/www/html/vendor/laravel/lumen-framework/src/Concerns/RoutesRequests.php(177): Laravel\\Lumen\\Application->sendThroughPipeline(Array, Object(Closure))
#19 /var/www/html/vendor/laravel/lumen-framework/src/Concerns/RoutesRequests.php(112): Laravel\\Lumen\\Application->dispatch(NULL)
#20 /var/www/html/public/index.php(47): Laravel\\Lumen\\Application->run()
#21 {main}
"} 
[2026-09-21 21:05:33] production.ERROR: 验证码有误 {"exception":"[object] (App\\Exceptions\\ErrorException(code: 200): 验证码有误 at /var/www/html/app/Support/helpers.php:75)
[stacktrace]
#0 /var/www/html/modules/Account/Http/Controllers/LoginController.php(68): checkVerifyCode(Object(Laravel\\Lumen\\Http\\Request))
#1 /var/www/html/vendor/illuminate/container/BoundMethod.php(36): Modules\\Account\\Http\\Controllers\\LoginController->login(Object(Laravel\\Lumen\\Http\\Request))
#2 /var/www/html/vendor/illuminate/container/Util.php(41): Illuminate\\Container\\BoundMethod::Illuminate\\Container\\{closure}()
#3 /var/www/html/vendor/illuminate/container/BoundMethod.php(93): Illuminate\\Container\\Util::unwrapIfClosure(Object(Closure))
#4 /var/www/html/vendor/illuminate/container/BoundMethod.php(37): Illuminate\\Container\\BoundMethod::callBoundMethod(Object(Laravel\\Lumen\\Application), Array, Object(Closure))
#5 /var/www/html/vendor/illuminate/container/Container.php(661): Illuminate\\Container\\BoundMethod::call(Object(Laravel\\Lumen\\Application), Array, Array, NULL)
#6 /var/www/html/vendor/laravel/lumen-framework/src/Concerns/RoutesRequests.php(391): Illuminate\\Container\\Container->call(Array, Array)
#7 /var/www/html/vendor/laravel/lumen-framework/src/Concerns/RoutesRequests.php(357): Laravel\\Lumen\\Application->callControllerCallable(Array, Array)
#8 /var/www/html/vendor/laravel/lumen-framework/src/Concerns/RoutesRequests.php(331): Laravel\\Lumen\\Application->callLumenController(Object(Modules\\Account\\Http\\Controllers\\LoginController), 'login', Array)
#9 /var/www/html/vendor/laravel/lumen-framework/src/Concerns/RoutesRequests.php(284): Laravel\\Lumen\\Application->callControllerAction(Array)
#10 /var/www/html/vendor/laravel/lumen-framework/src/Concerns/RoutesRequests.php(269): Laravel\\Lumen\\Application->callActionOnArrayBasedRoute(Array)
#11 /var/www/html/vendor/laravel/lumen-framework/src/Concerns/RoutesRequests.php(171): Laravel\\Lumen\\Application->handleFoundRoute(Array)
#12 /var/www/html/vendor/laravel/lumen-framework/src/Routing/Pipeline.php(48): Laravel\\Lumen\\Application->Laravel\\Lumen\\Concerns\\{closure}(Object(Laravel\\Lumen\\Http\\Request))
#13 /var/www/html/app/Middleware/CrossMiddleware.php(55): Laravel\\Lumen\\Routing\\Pipeline->Laravel\\Lumen\\Routing\\{closure}(Object(Laravel\\Lumen\\Http\\Request))
#14 /var/www/html/vendor/illuminate/pipeline/Pipeline.php(180): App\\Middleware\\CrossMiddleware->handle(Object(Laravel\\Lumen\\Http\\Request), Object(Closure))
#15 /var/www/html/vendor/laravel/lumen-framework/src/Routing/Pipeline.php(30): Illuminate\\Pipeline\\Pipeline->Illuminate\\Pipeline\\{closure}(Object(Laravel\\Lumen\\Http\\Request))
#16 /var/www/html/vendor/illuminate/pipeline/Pipeline.php(116): Laravel\\Lumen\\Routing\\Pipeline->Laravel\\Lumen\\Routing\\{closure}(Object(Laravel\\Lumen\\Http\\Request))
#17 /var/www/html/vendor/laravel/lumen-framework/src/Concerns/RoutesRequests.php(428): Illuminate\\Pipeline\\Pipeline->then(Object(Closure))
#18 /var/www/html/vendor/laravel/lumen-framework/src/Concerns/RoutesRequests.php(177): Laravel\\Lumen\\Application->sendThroughPipeline(Array, Object(Closure))
#19 /var/www/html/vendor/laravel/lumen-framework/src/Concerns/RoutesRequests.php(112): Laravel\\Lumen\\Application->dispatch(NULL)
#20 /var/www/html/public/index.php(47): Laravel\\Lumen\\Application->run()
#21 {main}
"} 
[2026-09-21 21:12:16] production.ERROR: 用户名或者密码不正确 {"exception":"[object] (App\\Exceptions\\ErrorException(code: 200): 用户名或者密码不正确 at /var/www/html/modules/Account/Services/LoginService.php:110)
[stacktrace]
#0 /var/www/html/modules/Account/Http/Controllers/LoginController.php(84): Modules\\Account\\Services\\LoginService->login(Object(Laravel\\Lumen\\Http\\Request))
#1 /var/www/html/vendor/illuminate/container/BoundMethod.php(36): Modules\\Account\\Http\\Controllers\\LoginController->register(Object(Laravel\\Lumen\\Http\\Request))
#2 /var/www/html/vendor/illuminate/container/Util.php(41): Illuminate\\Container\\BoundMethod::Illuminate\\Container\\{closure}()
#3 /var/www/html/vendor/illuminate/container/BoundMethod.php(93): Illuminate\\Container\\Util::unwrapIfClosure(Object(Closure))
#4 /var/www/html/vendor/illuminate/container/BoundMethod.php(37): Illuminate\\Container\\BoundMethod::callBoundMethod(Object(Laravel\\Lumen\\Application), Array, Object(Closure))
#5 /var/www/html/vendor/illuminate/container/Container.php(661): Illuminate\\Container\\BoundMethod::call(Object(Laravel\\Lumen\\Application), Array, Array, NULL)
#6 /var/www/html/vendor/laravel/lumen-framework/src/Concerns/RoutesRequests.php(391): Illuminate\\Container\\Container->call(Array, Array)
#7 /var/www/html/vendor/laravel/lumen-framework/src/Concerns/RoutesRequests.php(357): Laravel\\Lumen\\Application->callControllerCallable(Array, Array)
#8 /var/www/html/vendor/laravel/lumen-framework/src/Concerns/RoutesRequests.php(331): Laravel\\Lumen\\Application->callLumenController(Object(Modules\\Account\\Http\\Controllers\\LoginController), 'register', Array)
#9 /var/www/html/vendor/laravel/lumen-framework/src/Concerns/RoutesRequests.php(284): Laravel\\Lumen\\Application->callControllerAction(Array)
#10 /var/www/html/vendor/laravel/lumen-framework/src/Concerns/RoutesRequests.php(269): Laravel\\Lumen\\Application->callActionOnArrayBasedRoute(Array)
#11 /var/www/html/vendor/laravel/lumen-framework/src/Concerns/RoutesRequests.php(171): Laravel\\Lumen\\Application->handleFoundRoute(Array)
#12 /var/www/html/vendor/laravel/lumen-framework/src/Routing/Pipeline.php(48): Laravel\\Lumen\\Application->Laravel\\Lumen\\Concerns\\{closure}(Object(Laravel\\Lumen\\Http\\Request))
#13 /var/www/html/app/Middleware/CrossMiddleware.php(55): Laravel\\Lumen\\Routing\\Pipeline->Laravel\\Lumen\\Routing\\{closure}(Object(Laravel\\Lumen\\Http\\Request))
#14 /var/www/html/vendor/illuminate/pipeline/Pipeline.php(180): App\\Middleware\\CrossMiddleware->handle(Object(Laravel\\Lumen\\Http\\Request), Object(Closure))
#15 /var/www/html/vendor/laravel/lumen-framework/src/Routing/Pipeline.php(30): Illuminate\\Pipeline\\Pipeline->Illuminate\\Pipeline\\{closure}(Object(Laravel\\Lumen\\Http\\Request))
#16 /var/www/html/vendor/illuminate/pipeline/Pipeline.php(116): Laravel\\Lumen\\Routing\\Pipeline->Laravel\\Lumen\\Routing\\{closure}(Object(Laravel\\Lumen\\Http\\Request))
#17 /var/www/html/vendor/laravel/lumen-framework/src/Concerns/RoutesRequests.php(428): Illuminate\\Pipeline\\Pipeline->then(Object(Closure))
#18 /var/www/html/vendor/laravel/lumen-framework/src/Concerns/RoutesRequests.php(177): Laravel\\Lumen\\Application->sendThroughPipeline(Array, Object(Closure))
#19 /var/www/html/vendor/laravel/lumen-framework/src/Concerns/RoutesRequests.php(112): Laravel\\Lumen\\Application->dispatch(NULL)
#20 /var/www/html/public/index.php(47): Laravel\\Lumen\\Application->run()
#21 {main}
"} 
[2026-09-21 21:12:16] production.ERROR: 用户名或者密码不正确 {"exception":"[object] (App\\Exceptions\\ErrorException(code: 200): 用户名或者密码不正确 at /var/www/html/modules/Account/Services/LoginService.php:110)
[stacktrace]
#0 /var/www/html/modules/Account/Http/Controllers/LoginController.php(70): Modules\\Account\\Services\\LoginService->login(Object(Laravel\\Lumen\\Http\\Request))
#1 /var/www/html/vendor/illuminate/container/BoundMethod.php(36): Modules\\Account\\Http\\Controllers\\LoginController->login(Object(Laravel\\Lumen\\Http\\Request))
#2 /var/www/html/vendor/illuminate/container/Util.php(41): Illuminate\\Container\\BoundMethod::Illuminate\\Container\\{closure}()
#3 /var/www/html/vendor/illuminate/container/BoundMethod.php(93): Illuminate\\Container\\Util::unwrapIfClosure(Object(Closure))
#4 /var/www/html/vendor/illuminate/container/BoundMethod.php(37): Illuminate\\Container\\BoundMethod::callBoundMethod(Object(Laravel\\Lumen\\Application), Array, Object(Closure))
#5 /var/www/html/vendor/illuminate/container/Container.php(661): Illuminate\\Container\\BoundMethod::call(Object(Laravel\\Lumen\\Application), Array, Array, NULL)
#6 /var/www/html/vendor/laravel/lumen-framework/src/Concerns/RoutesRequests.php(391): Illuminate\\Container\\Container->call(Array, Array)
#7 /var/www/html/vendor/laravel/lumen-framework/src/Concerns/RoutesRequests.php(357): Laravel\\Lumen\\Application->callControllerCallable(Array, Array)
#8 /var/www/html/vendor/laravel/lumen-framework/src/Concerns/RoutesRequests.php(331): Laravel\\Lumen\\Application->callLumenController(Object(Modules\\Account\\Http\\Controllers\\LoginController), 'login', Array)
#9 /var/www/html/vendor/laravel/lumen-framework/src/Concerns/RoutesRequests.php(284): Laravel\\Lumen\\Application->callControllerAction(Array)
#10 /var/www/html/vendor/laravel/lumen-framework/src/Concerns/RoutesRequests.php(269): Laravel\\Lumen\\Application->callActionOnArrayBasedRoute(Array)
#11 /var/www/html/vendor/laravel/lumen-framework/src/Concerns/RoutesRequests.php(171): Laravel\\Lumen\\Application->handleFoundRoute(Array)
#12 /var/www/html/vendor/laravel/lumen-framework/src/Routing/Pipeline.php(48): Laravel\\Lumen\\Application->Laravel\\Lumen\\Concerns\\{closure}(Object(Laravel\\Lumen\\Http\\Request))
#13 /var/www/html/app/Middleware/CrossMiddleware.php(55): Laravel\\Lumen\\Routing\\Pipeline->Laravel\\Lumen\\Routing\\{closure}(Object(Laravel\\Lumen\\Http\\Request))
#14 /var/www/html/vendor/illuminate/pipeline/Pipeline.php(180): App\\Middleware\\CrossMiddleware->handle(Object(Laravel\\Lumen\\Http\\Request), Object(Closure))
#15 /var/www/html/vendor/laravel/lumen-framework/src/Routing/Pipeline.php(30): Illuminate\\Pipeline\\Pipeline->Illuminate\\Pipeline\\{closure}(Object(Laravel\\Lumen\\Http\\Request))
#16 /var/www/html/vendor/illuminate/pipeline/Pipeline.php(116): Laravel\\Lumen\\Routing\\Pipeline->Laravel\\Lumen\\Routing\\{closure}(Object(Laravel\\Lumen\\Http\\Request))
#17 /var/www/html/vendor/laravel/lumen-framework/src/Concerns/RoutesRequests.php(428): Illuminate\\Pipeline\\Pipeline->then(Object(Closure))
#18 /var/www/html/vendor/laravel/lumen-framework/src/Concerns/RoutesRequests.php(177): Laravel\\Lumen\\Application->sendThroughPipeline(Array, Object(Closure))
#19 /var/www/html/vendor/laravel/lumen-framework/src/Concerns/RoutesRequests.php(112): Laravel\\Lumen\\Application->dispatch(NULL)
#20 /var/www/html/public/index.php(47): Laravel\\Lumen\\Application->run()
#21 {main}
"} 
[2026-09-21 21:14:31] production.ERROR: 操作失败: 绑定失败: 该手机号已被绑定！ {"exception":"[object] (App\\Exceptions\\ErrorException(code: 200): 操作失败: 绑定失败: 该手机号已被绑定！ at /var/www/html/modules/Account/Services/LoginService.php:308)
[stacktrace]
#0 /var/www/html/modules/Account/Http/Controllers/LoginController.php(83): Modules\\Account\\Services\\LoginService->register(Object(Laravel\\Lumen\\Http\\Request))
#1 /var/www/html/vendor/illuminate/container/BoundMethod.php(36): Modules\\Account\\Http\\Controllers\\LoginController->register(Object(Laravel\\Lumen\\Http\\Request))
#2 /var/www/html/vendor/illuminate/container/Util.php(41): Illuminate\\Container\\BoundMethod::Illuminate\\Container\\{closure}()
#3 /var/www/html/vendor/illuminate/container/BoundMethod.php(93): Illuminate\\Container\\Util::unwrapIfClosure(Object(Closure))
#4 /var/www/html/vendor/illuminate/container/BoundMethod.php(37): Illuminate\\Container\\BoundMethod::callBoundMethod(Object(Laravel\\Lumen\\Application), Array, Object(Closure))
#5 /var/www/html/vendor/illuminate/container/Container.php(661): Illuminate\\Container\\BoundMethod::call(Object(Laravel\\Lumen\\Application), Array, Array, NULL)
#6 /var/www/html/vendor/laravel/lumen-framework/src/Concerns/RoutesRequests.php(391): Illuminate\\Container\\Container->call(Array, Array)
#7 /var/www/html/vendor/laravel/lumen-framework/src/Concerns/RoutesRequests.php(357): Laravel\\Lumen\\Application->callControllerCallable(Array, Array)
#8 /var/www/html/vendor/laravel/lumen-framework/src/Concerns/RoutesRequests.php(331): Laravel\\Lumen\\Application->callLumenController(Object(Modules\\Account\\Http\\Controllers\\LoginController), 'register', Array)
#9 /var/www/html/vendor/laravel/lumen-framework/src/Concerns/RoutesRequests.php(284): Laravel\\Lumen\\Application->callControllerAction(Array)
#10 /var/www/html/vendor/laravel/lumen-framework/src/Concerns/RoutesRequests.php(269): Laravel\\Lumen\\Application->callActionOnArrayBasedRoute(Array)
#11 /var/www/html/vendor/laravel/lumen-framework/src/Concerns/RoutesRequests.php(171): Laravel\\Lumen\\Application->handleFoundRoute(Array)
#12 /var/www/html/vendor/laravel/lumen-framework/src/Routing/Pipeline.php(48): Laravel\\Lumen\\Application->Laravel\\Lumen\\Concerns\\{closure}(Object(Laravel\\Lumen\\Http\\Request))
#13 /var/www/html/app/Middleware/CrossMiddleware.php(55): Laravel\\Lumen\\Routing\\Pipeline->Laravel\\Lumen\\Routing\\{closure}(Object(Laravel\\Lumen\\Http\\Request))
#14 /var/www/html/vendor/illuminate/pipeline/Pipeline.php(180): App\\Middleware\\CrossMiddleware->handle(Object(Laravel\\Lumen\\Http\\Request), Object(Closure))
#15 /var/www/html/vendor/laravel/lumen-framework/src/Routing/Pipeline.php(30): Illuminate\\Pipeline\\Pipeline->Illuminate\\Pipeline\\{closure}(Object(Laravel\\Lumen\\Http\\Request))
#16 /var/www/html/vendor/illuminate/pipeline/Pipeline.php(116): Laravel\\Lumen\\Routing\\Pipeline->Laravel\\Lumen\\Routing\\{closure}(Object(Laravel\\Lumen\\Http\\Request))
#17 /var/www/html/vendor/laravel/lumen-framework/src/Concerns/RoutesRequests.php(428): Illuminate\\Pipeline\\Pipeline->then(Object(Closure))
#18 /var/www/html/vendor/laravel/lumen-framework/src/Concerns/RoutesRequests.php(177): Laravel\\Lumen\\Application->sendThroughPipeline(Array, Object(Closure))
#19 /var/www/html/vendor/laravel/lumen-framework/src/Concerns/RoutesRequests.php(112): Laravel\\Lumen\\Application->dispatch(NULL)
#20 /var/www/html/public/index.php(47): Laravel\\Lumen\\Application->run()
#21 {main}
"} 
[2026-09-21 21:14:31] production.ERROR: 用户不存在 {"exception":"[object] (App\\Exceptions\\ErrorException(code: 200): 用户不存在 at /var/www/html/modules/Account/Services/LoginService.php:86)
[stacktrace]
#0 /var/www/html/modules/Account/Http/Controllers/LoginController.php(70): Modules\\Account\\Services\\LoginService->login(Object(Laravel\\Lumen\\Http\\Request))
#1 /var/www/html/vendor/illuminate/container/BoundMethod.php(36): Modules\\Account\\Http\\Controllers\\LoginController->login(Object(Laravel\\Lumen\\Http\\Request))
#2 /var/www/html/vendor/illuminate/container/Util.php(41): Illuminate\\Container\\BoundMethod::Illuminate\\Container\\{closure}()
#3 /var/www/html/vendor/illuminate/container/BoundMethod.php(93): Illuminate\\Container\\Util::unwrapIfClosure(Object(Closure))
#4 /var/www/html/vendor/illuminate/container/BoundMethod.php(37): Illuminate\\Container\\BoundMethod::callBoundMethod(Object(Laravel\\Lumen\\Application), Array, Object(Closure))
#5 /var/www/html/vendor/illuminate/container/Container.php(661): Illuminate\\Container\\BoundMethod::call(Object(Laravel\\Lumen\\Application), Array, Array, NULL)
#6 /var/www/html/vendor/laravel/lumen-framework/src/Concerns/RoutesRequests.php(391): Illuminate\\Container\\Container->call(Array, Array)
#7 /var/www/html/vendor/laravel/lumen-framework/src/Concerns/RoutesRequests.php(357): Laravel\\Lumen\\Application->callControllerCallable(Array, Array)
#8 /var/www/html/vendor/laravel/lumen-framework/src/Concerns/RoutesRequests.php(331): Laravel\\Lumen\\Application->callLumenController(Object(Modules\\Account\\Http\\Controllers\\LoginController), 'login', Array)
#9 /var/www/html/vendor/laravel/lumen-framework/src/Concerns/RoutesRequests.php(284): Laravel\\Lumen\\Application->callControllerAction(Array)
#10 /var/www/html/vendor/laravel/lumen-framework/src/Concerns/RoutesRequests.php(269): Laravel\\Lumen\\Application->callActionOnArrayBasedRoute(Array)
#11 /var/www/html/vendor/laravel/lumen-framework/src/Concerns/RoutesRequests.php(171): Laravel\\Lumen\\Application->handleFoundRoute(Array)
#12 /var/www/html/vendor/laravel/lumen-framework/src/Routing/Pipeline.php(48): Laravel\\Lumen\\Application->Laravel\\Lumen\\Concerns\\{closure}(Object(Laravel\\Lumen\\Http\\Request))
#13 /var/www/html/app/Middleware/CrossMiddleware.php(55): Laravel\\Lumen\\Routing\\Pipeline->Laravel\\Lumen\\Routing\\{closure}(Object(Laravel\\Lumen\\Http\\Request))
#14 /var/www/html/vendor/illuminate/pipeline/Pipeline.php(180): App\\Middleware\\CrossMiddleware->handle(Object(Laravel\\Lumen\\Http\\Request), Object(Closure))
#15 /var/www/html/vendor/laravel/lumen-framework/src/Routing/Pipeline.php(30): Illuminate\\Pipeline\\Pipeline->Illuminate\\Pipeline\\{closure}(Object(Laravel\\Lumen\\Http\\Request))
#16 /var/www/html/vendor/illuminate/pipeline/Pipeline.php(116): Laravel\\Lumen\\Routing\\Pipeline->Laravel\\Lumen\\Routing\\{closure}(Object(Laravel\\Lumen\\Http\\Request))
#17 /var/www/html/vendor/laravel/lumen-framework/src/Concerns/RoutesRequests.php(428): Illuminate\\Pipeline\\Pipeline->then(Object(Closure))
#18 /var/www/html/vendor/laravel/lumen-framework/src/Concerns/RoutesRequests.php(177): Laravel\\Lumen\\Application->sendThroughPipeline(Array, Object(Closure))
#19 /var/www/html/vendor/laravel/lumen-framework/src/Concerns/RoutesRequests.php(112): Laravel\\Lumen\\Application->dispatch(NULL)
#20 /var/www/html/public/index.php(47): Laravel\\Lumen\\Application->run()
#21 {main}
"} 
[2026-09-21 21:15:15] production.ERROR: Call to a member function getClientOriginalName() on null {"exception":"[object] (Error(code: 0): Call to a member function getClientOriginalName() on null at /var/www/html/modules/Sys/Http/Controllers/Front/UploadController.php:68)
[stacktrace]
#0 /var/www/html/vendor/illuminate/container/BoundMethod.php(36): Modules\\Sys\\Http\\Controllers\\Front\\UploadController->index(Object(Laravel\\Lumen\\Http\\Request))
#1 /var/www/html/vendor/illuminate/container/Util.php(41): Illuminate\\Container\\BoundMethod::Illuminate\\Container\\{closure}()
#2 /var/www/html/vendor/illuminate/container/BoundMethod.php(93): Illuminate\\Container\\Util::unwrapIfClosure(Object(Closure))
#3 /var/www/html/vendor/illuminate/container/BoundMethod.php(37): Illuminate\\Container\\BoundMethod::callBoundMethod(Object(Laravel\\Lumen\\Application), Array, Object(Closure))
#4 /var/www/html/vendor/illuminate/container/Container.php(661): Illuminate\\Container\\BoundMethod::call(Object(Laravel\\Lumen\\Application), Array, Array, NULL)
#5 /var/www/html/vendor/laravel/lumen-framework/src/Concerns/RoutesRequests.php(391): Illuminate\\Container\\Container->call(Array, Array)
#6 /var/www/html/vendor/laravel/lumen-framework/src/Concerns/RoutesRequests.php(357): Laravel\\Lumen\\Application->callControllerCallable(Array, Array)
#7 /var/www/html/vendor/laravel/lumen-framework/src/Concerns/RoutesRequests.php(331): Laravel\\Lumen\\Application->callLumenController(Object(Modules\\Sys\\Http\\Controllers\\Front\\UploadController), 'index', Array)
#8 /var/www/html/vendor/laravel/lumen-framework/src/Concerns/RoutesRequests.php(284): Laravel\\Lumen\\Application->callControllerAction(Array)
#9 /var/www/html/vendor/laravel/lumen-framework/src/Concerns/RoutesRequests.php(269): Laravel\\Lumen\\Application->callActionOnArrayBasedRoute(Array)
#10 /var/www/html/vendor/laravel/lumen-framework/src/Concerns/RoutesRequests.php(171): Laravel\\Lumen\\Application->handleFoundRoute(Array)
#11 /var/www/html/vendor/laravel/lumen-framework/src/Routing/Pipeline.php(48): Laravel\\Lumen\\Application->Laravel\\Lumen\\Concerns\\{closure}(Object(Laravel\\Lumen\\Http\\Request))
#12 /var/www/html/app/Middleware/CrossMiddleware.php(55): Laravel\\Lumen\\Routing\\Pipeline->Laravel\\Lumen\\Routing\\{closure}(Object(Laravel\\Lumen\\Http\\Request))
#13 /var/www/html/vendor/illuminate/pipeline/Pipeline.php(180): App\\Middleware\\CrossMiddleware->handle(Object(Laravel\\Lumen\\Http\\Request), Object(Closure))
#14 /var/www/html/vendor/laravel/lumen-framework/src/Routing/Pipeline.php(30): Illuminate\\Pipeline\\Pipeline->Illuminate\\Pipeline\\{closure}(Object(Laravel\\Lumen\\Http\\Request))
#15 /var/www/html/vendor/illuminate/pipeline/Pipeline.php(116): Laravel\\Lumen\\Routing\\Pipeline->Laravel\\Lumen\\Routing\\{closure}(Object(Laravel\\Lumen\\Http\\Request))
#16 /var/www/html/vendor/laravel/lumen-framework/src/Concerns/RoutesRequests.php(428): Illuminate\\Pipeline\\Pipeline->then(Object(Closure))
#17 /var/www/html/vendor/laravel/lumen-framework/src/Concerns/RoutesRequests.php(177): Laravel\\Lumen\\Application->sendThroughPipeline(Array, Object(Closure))
#18 /var/www/html/vendor/laravel/lumen-framework/src/Concerns/RoutesRequests.php(112): Laravel\\Lumen\\Application->dispatch(NULL)
#19 /var/www/html/public/index.php(47): Laravel\\Lumen\\Application->run()
#20 {main}
"} 
[2026-09-21 21:37:13] production.ERROR: 验证码有误 {"exception":"[object] (App\\Exceptions\\ErrorException(code: 200): 验证码有误 at /var/www/html/app/Support/helpers.php:75)
[stacktrace]
#0 /var/www/html/modules/Account/Http/Controllers/LoginController.php(68): checkVerifyCode(Object(Laravel\\Lumen\\Http\\Request))
#1 /var/www/html/vendor/illuminate/container/BoundMethod.php(36): Modules\\Account\\Http\\Controllers\\LoginController->login(Object(Laravel\\Lumen\\Http\\Request))
#2 /var/www/html/vendor/illuminate/container/Util.php(41): Illuminate\\Container\\BoundMethod::Illuminate\\Container\\{closure}()
#3 /var/www/html/vendor/illuminate/container/BoundMethod.php(93): Illuminate\\Container\\Util::unwrapIfClosure(Object(Closure))
#4 /var/www/html/vendor/illuminate/container/BoundMethod.php(37): Illuminate\\Container\\BoundMethod::callBoundMethod(Object(Laravel\\Lumen\\Application), Array, Object(Closure))
#5 /var/www/html/vendor/illuminate/container/Container.php(661): Illuminate\\Container\\BoundMethod::call(Object(Laravel\\Lumen\\Application), Array, Array, NULL)
#6 /var/www/html/vendor/laravel/lumen-framework/src/Concerns/RoutesRequests.php(391): Illuminate\\Container\\Container->call(Array, Array)
#7 /var/www/html/vendor/laravel/lumen-framework/src/Concerns/RoutesRequests.php(357): Laravel\\Lumen\\Application->callControllerCallable(Array, Array)
#8 /var/www/html/vendor/laravel/lumen-framework/src/Concerns/RoutesRequests.php(331): Laravel\\Lumen\\Application->callLumenController(Object(Modules\\Account\\Http\\Controllers\\LoginController), 'login', Array)
#9 /var/www/html/vendor/laravel/lumen-framework/src/Concerns/RoutesRequests.php(284): Laravel\\Lumen\\Application->callControllerAction(Array)
#10 /var/www/html/vendor/laravel/lumen-framework/src/Concerns/RoutesRequests.php(269): Laravel\\Lumen\\Application->callActionOnArrayBasedRoute(Array)
#11 /var/www/html/vendor/laravel/lumen-framework/src/Concerns/RoutesRequests.php(171): Laravel\\Lumen\\Application->handleFoundRoute(Array)
#12 /var/www/html/vendor/laravel/lumen-framework/src/Routing/Pipeline.php(48): Laravel\\Lumen\\Application->Laravel\\Lumen\\Concerns\\{closure}(Object(Laravel\\Lumen\\Http\\Request))
#13 /var/www/html/app/Middleware/CrossMiddleware.php(68): Laravel\\Lumen\\Routing\\Pipeline->Laravel\\Lumen\\Routing\\{closure}(Object(Laravel\\Lumen\\Http\\Request))
#14 /var/www/html/vendor/illuminate/pipeline/Pipeline.php(180): App\\Middleware\\CrossMiddleware->handle(Object(Laravel\\Lumen\\Http\\Request), Object(Closure))
#15 /var/www/html/vendor/laravel/lumen-framework/src/Routing/Pipeline.php(30): Illuminate\\Pipeline\\Pipeline->Illuminate\\Pipeline\\{closure}(Object(Laravel\\Lumen\\Http\\Request))
#16 /var/www/html/vendor/illuminate/pipeline/Pipeline.php(116): Laravel\\Lumen\\Routing\\Pipeline->Laravel\\Lumen\\Routing\\{closure}(Object(Laravel\\Lumen\\Http\\Request))
#17 /var/www/html/vendor/laravel/lumen-framework/src/Concerns/RoutesRequests.php(428): Illuminate\\Pipeline\\Pipeline->then(Object(Closure))
#18 /var/www/html/vendor/laravel/lumen-framework/src/Concerns/RoutesRequests.php(177): Laravel\\Lumen\\Application->sendThroughPipeline(Array, Object(Closure))
#19 /var/www/html/vendor/laravel/lumen-framework/src/Concerns/RoutesRequests.php(112): Laravel\\Lumen\\Application->dispatch(NULL)
#20 /var/www/html/public/index.php(47): Laravel\\Lumen\\Application->run()
#21 {main}
"} 
[2026-09-21 21:37:40] production.ERROR: 验证码有误 {"exception":"[object] (App\\Exceptions\\ErrorException(code: 200): 验证码有误 at /var/www/html/app/Support/helpers.php:75)
[stacktrace]
#0 /var/www/html/modules/Account/Http/Controllers/LoginController.php(68): checkVerifyCode(Object(Laravel\\Lumen\\Http\\Request))
#1 /var/www/html/vendor/illuminate/container/BoundMethod.php(36): Modules\\Account\\Http\\Controllers\\LoginController->login(Object(Laravel\\Lumen\\Http\\Request))
#2 /var/www/html/vendor/illuminate/container/Util.php(41): Illuminate\\Container\\BoundMethod::Illuminate\\Container\\{closure}()
#3 /var/www/html/vendor/illuminate/container/BoundMethod.php(93): Illuminate\\Container\\Util::unwrapIfClosure(Object(Closure))
#4 /var/www/html/vendor/illuminate/container/BoundMethod.php(37): Illuminate\\Container\\BoundMethod::callBoundMethod(Object(Laravel\\Lumen\\Application), Array, Object(Closure))
#5 /var/www/html/vendor/illuminate/container/Container.php(661): Illuminate\\Container\\BoundMethod::call(Object(Laravel\\Lumen\\Application), Array, Array, NULL)
#6 /var/www/html/vendor/laravel/lumen-framework/src/Concerns/RoutesRequests.php(391): Illuminate\\Container\\Container->call(Array, Array)
#7 /var/www/html/vendor/laravel/lumen-framework/src/Concerns/RoutesRequests.php(357): Laravel\\Lumen\\Application->callControllerCallable(Array, Array)
#8 /var/www/html/vendor/laravel/lumen-framework/src/Concerns/RoutesRequests.php(331): Laravel\\Lumen\\Application->callLumenController(Object(Modules\\Account\\Http\\Controllers\\LoginController), 'login', Array)
#9 /var/www/html/vendor/laravel/lumen-framework/src/Concerns/RoutesRequests.php(284): Laravel\\Lumen\\Application->callControllerAction(Array)
#10 /var/www/html/vendor/laravel/lumen-framework/src/Concerns/RoutesRequests.php(269): Laravel\\Lumen\\Application->callActionOnArrayBasedRoute(Array)
#11 /var/www/html/vendor/laravel/lumen-framework/src/Concerns/RoutesRequests.php(171): Laravel\\Lumen\\Application->handleFoundRoute(Array)
#12 /var/www/html/vendor/laravel/lumen-framework/src/Routing/Pipeline.php(48): Laravel\\Lumen\\Application->Laravel\\Lumen\\Concerns\\{closure}(Object(Laravel\\Lumen\\Http\\Request))
#13 /var/www/html/app/Middleware/CrossMiddleware.php(68): Laravel\\Lumen\\Routing\\Pipeline->Laravel\\Lumen\\Routing\\{closure}(Object(Laravel\\Lumen\\Http\\Request))
#14 /var/www/html/vendor/illuminate/pipeline/Pipeline.php(180): App\\Middleware\\CrossMiddleware->handle(Object(Laravel\\Lumen\\Http\\Request), Object(Closure))
#15 /var/www/html/vendor/laravel/lumen-framework/src/Routing/Pipeline.php(30): Illuminate\\Pipeline\\Pipeline->Illuminate\\Pipeline\\{closure}(Object(Laravel\\Lumen\\Http\\Request))
#16 /var/www/html/vendor/illuminate/pipeline/Pipeline.php(116): Laravel\\Lumen\\Routing\\Pipeline->Laravel\\Lumen\\Routing\\{closure}(Object(Laravel\\Lumen\\Http\\Request))
#17 /var/www/html/vendor/laravel/lumen-framework/src/Concerns/RoutesRequests.php(428): Illuminate\\Pipeline\\Pipeline->then(Object(Closure))
#18 /var/www/html/vendor/laravel/lumen-framework/src/Concerns/RoutesRequests.php(177): Laravel\\Lumen\\Application->sendThroughPipeline(Array, Object(Closure))
#19 /var/www/html/vendor/laravel/lumen-framework/src/Concerns/RoutesRequests.php(112): Laravel\\Lumen\\Application->dispatch(NULL)
#20 /var/www/html/public/index.php(47): Laravel\\Lumen\\Application->run()
#21 {main}
"} 
[2026-09-21 22:05:15] production.ERROR: 验证码有误 {"exception":"[object] (App\\Exceptions\\ErrorException(code: 200): 验证码有误 at /var/www/html/app/Support/helpers.php:75)
[stacktrace]
#0 /var/www/html/modules/Account/Http/Controllers/LoginController.php(68): checkVerifyCode(Object(Laravel\\Lumen\\Http\\Request))
#1 /var/www/html/vendor/illuminate/container/BoundMethod.php(36): Modules\\Account\\Http\\Controllers\\LoginController->login(Object(Laravel\\Lumen\\Http\\Request))
#2 /var/www/html/vendor/illuminate/container/Util.php(41): Illuminate\\Container\\BoundMethod::Illuminate\\Container\\{closure}()
#3 /var/www/html/vendor/illuminate/container/BoundMethod.php(93): Illuminate\\Container\\Util::unwrapIfClosure(Object(Closure))
#4 /var/www/html/vendor/illuminate/container/BoundMethod.php(37): Illuminate\\Container\\BoundMethod::callBoundMethod(Object(Laravel\\Lumen\\Application), Array, Object(Closure))
#5 /var/www/html/vendor/illuminate/container/Container.php(661): Illuminate\\Container\\BoundMethod::call(Object(Laravel\\Lumen\\Application), Array, Array, NULL)
#6 /var/www/html/vendor/laravel/lumen-framework/src/Concerns/RoutesRequests.php(391): Illuminate\\Container\\Container->call(Array, Array)
#7 /var/www/html/vendor/laravel/lumen-framework/src/Concerns/RoutesRequests.php(357): Laravel\\Lumen\\Application->callControllerCallable(Array, Array)
#8 /var/www/html/vendor/laravel/lumen-framework/src/Concerns/RoutesRequests.php(331): Laravel\\Lumen\\Application->callLumenController(Object(Modules\\Account\\Http\\Controllers\\LoginController), 'login', Array)
#9 /var/www/html/vendor/laravel/lumen-framework/src/Concerns/RoutesRequests.php(284): Laravel\\Lumen\\Application->callControllerAction(Array)
#10 /var/www/html/vendor/laravel/lumen-framework/src/Concerns/RoutesRequests.php(269): Laravel\\Lumen\\Application->callActionOnArrayBasedRoute(Array)
#11 /var/www/html/vendor/laravel/lumen-framework/src/Concerns/RoutesRequests.php(171): Laravel\\Lumen\\Application->handleFoundRoute(Array)
#12 /var/www/html/vendor/laravel/lumen-framework/src/Routing/Pipeline.php(48): Laravel\\Lumen\\Application->Laravel\\Lumen\\Concerns\\{closure}(Object(Laravel\\Lumen\\Http\\Request))
#13 /var/www/html/app/Middleware/CrossMiddleware.php(68): Laravel\\Lumen\\Routing\\Pipeline->Laravel\\Lumen\\Routing\\{closure}(Object(Laravel\\Lumen\\Http\\Request))
#14 /var/www/html/vendor/illuminate/pipeline/Pipeline.php(180): App\\Middleware\\CrossMiddleware->handle(Object(Laravel\\Lumen\\Http\\Request), Object(Closure))
#15 /var/www/html/vendor/laravel/lumen-framework/src/Routing/Pipeline.php(30): Illuminate\\Pipeline\\Pipeline->Illuminate\\Pipeline\\{closure}(Object(Laravel\\Lumen\\Http\\Request))
#16 /var/www/html/vendor/illuminate/pipeline/Pipeline.php(116): Laravel\\Lumen\\Routing\\Pipeline->Laravel\\Lumen\\Routing\\{closure}(Object(Laravel\\Lumen\\Http\\Request))
#17 /var/www/html/vendor/laravel/lumen-framework/src/Concerns/RoutesRequests.php(428): Illuminate\\Pipeline\\Pipeline->then(Object(Closure))
#18 /var/www/html/vendor/laravel/lumen-framework/src/Concerns/RoutesRequests.php(177): Laravel\\Lumen\\Application->sendThroughPipeline(Array, Object(Closure))
#19 /var/www/html/vendor/laravel/lumen-framework/src/Concerns/RoutesRequests.php(112): Laravel\\Lumen\\Application->dispatch(NULL)
#20 /var/www/html/public/index.php(47): Laravel\\Lumen\\Application->run()
#21 {main}
"} 
[2026-09-21 22:42:28] production.ERROR: 验证码有误 {"exception":"[object] (App\\Exceptions\\ErrorException(code: 200): 验证码有误 at /var/www/html/app/Support/helpers.php:75)
[stacktrace]
#0 /var/www/html/modules/Account/Http/Controllers/LoginController.php(68): checkVerifyCode(Object(Laravel\\Lumen\\Http\\Request))
#1 /var/www/html/vendor/illuminate/container/BoundMethod.php(36): Modules\\Account\\Http\\Controllers\\LoginController->login(Object(Laravel\\Lumen\\Http\\Request))
#2 /var/www/html/vendor/illuminate/container/Util.php(41): Illuminate\\Container\\BoundMethod::Illuminate\\Container\\{closure}()
#3 /var/www/html/vendor/illuminate/container/BoundMethod.php(93): Illuminate\\Container\\Util::unwrapIfClosure(Object(Closure))
#4 /var/www/html/vendor/illuminate/container/BoundMethod.php(37): Illuminate\\Container\\BoundMethod::callBoundMethod(Object(Laravel\\Lumen\\Application), Array, Object(Closure))
#5 /var/www/html/vendor/illuminate/container/Container.php(661): Illuminate\\Container\\BoundMethod::call(Object(Laravel\\Lumen\\Application), Array, Array, NULL)
#6 /var/www/html/vendor/laravel/lumen-framework/src/Concerns/RoutesRequests.php(391): Illuminate\\Container\\Container->call(Array, Array)
#7 /var/www/html/vendor/laravel/lumen-framework/src/Concerns/RoutesRequests.php(357): Laravel\\Lumen\\Application->callControllerCallable(Array, Array)
#8 /var/www/html/vendor/laravel/lumen-framework/src/Concerns/RoutesRequests.php(331): Laravel\\Lumen\\Application->callLumenController(Object(Modules\\Account\\Http\\Controllers\\LoginController), 'login', Array)
#9 /var/www/html/vendor/laravel/lumen-framework/src/Concerns/RoutesRequests.php(284): Laravel\\Lumen\\Application->callControllerAction(Array)
#10 /var/www/html/vendor/laravel/lumen-framework/src/Concerns/RoutesRequests.php(269): Laravel\\Lumen\\Application->callActionOnArrayBasedRoute(Array)
#11 /var/www/html/vendor/laravel/lumen-framework/src/Concerns/RoutesRequests.php(171): Laravel\\Lumen\\Application->handleFoundRoute(Array)
#12 /var/www/html/vendor/laravel/lumen-framework/src/Routing/Pipeline.php(48): Laravel\\Lumen\\Application->Laravel\\Lumen\\Concerns\\{closure}(Object(Laravel\\Lumen\\Http\\Request))
#13 /var/www/html/app/Middleware/CrossMiddleware.php(68): Laravel\\Lumen\\Routing\\Pipeline->Laravel\\Lumen\\Routing\\{closure}(Object(Laravel\\Lumen\\Http\\Request))
#14 /var/www/html/vendor/illuminate/pipeline/Pipeline.php(180): App\\Middleware\\CrossMiddleware->handle(Object(Laravel\\Lumen\\Http\\Request), Object(Closure))
#15 /var/www/html/vendor/laravel/lumen-framework/src/Routing/Pipeline.php(30): Illuminate\\Pipeline\\Pipeline->Illuminate\\Pipeline\\{closure}(Object(Laravel\\Lumen\\Http\\Request))
#16 /var/www/html/vendor/illuminate/pipeline/Pipeline.php(116): Laravel\\Lumen\\Routing\\Pipeline->Laravel\\Lumen\\Routing\\{closure}(Object(Laravel\\Lumen\\Http\\Request))
#17 /var/www/html/vendor/laravel/lumen-framework/src/Concerns/RoutesRequests.php(428): Illuminate\\Pipeline\\Pipeline->then(Object(Closure))
#18 /var/www/html/vendor/laravel/lumen-framework/src/Concerns/RoutesRequests.php(177): Laravel\\Lumen\\Application->sendThroughPipeline(Array, Object(Closure))
#19 /var/www/html/vendor/laravel/lumen-framework/src/Concerns/RoutesRequests.php(112): Laravel\\Lumen\\Application->dispatch(NULL)
#20 /var/www/html/public/index.php(47): Laravel\\Lumen\\Application->run()
#21 {main}
"} 
[2026-09-21 22:42:40] production.ERROR: Undefined array key "user_password" {"exception":"[object] (ErrorException(code: 0): Undefined array key \"user_password\" at /var/www/html/modules/Account/Services/LoginService.php:353)
[stacktrace]
#0 /var/www/html/vendor/laravel/lumen-framework/src/Concerns/RegistersExceptionHandlers.php(47): Laravel\\Lumen\\Application->handleError(2, 'Undefined array...', '/var/www/html/m...', 353)
#1 /var/www/html/modules/Account/Services/LoginService.php(353): Laravel\\Lumen\\Application->Laravel\\Lumen\\Concerns\\{closure}(2, 'Undefined array...', '/var/www/html/m...', 353)
#2 /var/www/html/modules/Account/Http/Controllers/Manage/UserInfoController.php(156): Modules\\Account\\Services\\LoginService->checkUserPassword(10001, 'wrongpass')
#3 /var/www/html/vendor/illuminate/container/BoundMethod.php(36): Modules\\Account\\Http\\Controllers\\Manage\\UserInfoController->myPassWordEdit(Object(Laravel\\Lumen\\Http\\Request))
#4 /var/www/html/vendor/illuminate/container/Util.php(41): Illuminate\\Container\\BoundMethod::Illuminate\\Container\\{closure}()
#5 /var/www/html/vendor/illuminate/container/BoundMethod.php(93): Illuminate\\Container\\Util::unwrapIfClosure(Object(Closure))
#6 /var/www/html/vendor/illuminate/container/BoundMethod.php(37): Illuminate\\Container\\BoundMethod::callBoundMethod(Object(Laravel\\Lumen\\Application), Array, Object(Closure))
#7 /var/www/html/vendor/illuminate/container/Container.php(661): Illuminate\\Container\\BoundMethod::call(Object(Laravel\\Lumen\\Application), Array, Array, NULL)
#8 /var/www/html/vendor/laravel/lumen-framework/src/Concerns/RoutesRequests.php(391): Illuminate\\Container\\Container->call(Array, Array)
#9 /var/www/html/vendor/laravel/lumen-framework/src/Concerns/RoutesRequests.php(357): Laravel\\Lumen\\Application->callControllerCallable(Array, Array)
#10 /var/www/html/vendor/laravel/lumen-framework/src/Concerns/RoutesRequests.php(331): Laravel\\Lumen\\Application->callLumenController(Object(Modules\\Account\\Http\\Controllers\\Manage\\UserInfoController), 'myPassWordEdit', Array)
#11 /var/www/html/vendor/laravel/lumen-framework/src/Concerns/RoutesRequests.php(284): Laravel\\Lumen\\Application->callControllerAction(Array)
#12 /var/www/html/vendor/laravel/lumen-framework/src/Concerns/RoutesRequests.php(264): Laravel\\Lumen\\Application->callActionOnArrayBasedRoute(Array)
#13 /var/www/html/vendor/laravel/lumen-framework/src/Routing/Pipeline.php(48): Laravel\\Lumen\\Application->Laravel\\Lumen\\Concerns\\{closure}(Object(Laravel\\Lumen\\Http\\Request))
#14 /var/www/html/app/Middleware/AdminAuthenticate.php(43): Laravel\\Lumen\\Routing\\Pipeline->Laravel\\Lumen\\Routing\\{closure}(Object(Laravel\\Lumen\\Http\\Request))
#15 /var/www/html/vendor/illuminate/pipeline/Pipeline.php(180): App\\Middleware\\AdminAuthenticate->handle(Object(Laravel\\Lumen\\Http\\Request), Object(Closure))
#16 /var/www/html/vendor/laravel/lumen-framework/src/Routing/Pipeline.php(30): Illuminate\\Pipeline\\Pipeline->Illuminate\\Pipeline\\{closure}(Object(Laravel\\Lumen\\Http\\Request))
#17 /var/www/html/app/Middleware/Authenticate.php(65): Laravel\\Lumen\\Routing\\Pipeline->Laravel\\Lumen\\Routing\\{closure}(Object(Laravel\\Lumen\\Http\\Request))
#18 /var/www/html/vendor/illuminate/pipeline/Pipeline.php(180): App\\Middleware\\Authenticate->handle(Object(Laravel\\Lumen\\Http\\Request), Object(Closure))
#19 /var/www/html/vendor/laravel/lumen-framework/src/Routing/Pipeline.php(30): Illuminate\\Pipeline\\Pipeline->Illuminate\\Pipeline\\{closure}(Object(Laravel\\Lumen\\Http\\Request))
#20 /var/www/html/vendor/illuminate/pipeline/Pipeline.php(116): Laravel\\Lumen\\Routing\\Pipeline->Laravel\\Lumen\\Routing\\{closure}(Object(Laravel\\Lumen\\Http\\Request))
#21 /var/www/html/vendor/laravel/lumen-framework/src/Concerns/RoutesRequests.php(428): Illuminate\\Pipeline\\Pipeline->then(Object(Closure))
#22 /var/www/html/vendor/laravel/lumen-framework/src/Concerns/RoutesRequests.php(265): Laravel\\Lumen\\Application->sendThroughPipeline(Array, Object(Closure))
#23 /var/www/html/vendor/laravel/lumen-framework/src/Concerns/RoutesRequests.php(171): Laravel\\Lumen\\Application->handleFoundRoute(Array)
#24 /var/www/html/vendor/laravel/lumen-framework/src/Routing/Pipeline.php(48): Laravel\\Lumen\\Application->Laravel\\Lumen\\Concerns\\{closure}(Object(Laravel\\Lumen\\Http\\Request))
#25 /var/www/html/app/Middleware/CrossMiddleware.php(68): Laravel\\Lumen\\Routing\\Pipeline->Laravel\\Lumen\\Routing\\{closure}(Object(Laravel\\Lumen\\Http\\Request))
#26 /var/www/html/vendor/illuminate/pipeline/Pipeline.php(180): App\\Middleware\\CrossMiddleware->handle(Object(Laravel\\Lumen\\Http\\Request), Object(Closure))
#27 /var/www/html/vendor/laravel/lumen-framework/src/Routing/Pipeline.php(30): Illuminate\\Pipeline\\Pipeline->Illuminate\\Pipeline\\{closure}(Object(Laravel\\Lumen\\Http\\Request))
#28 /var/www/html/vendor/illuminate/pipeline/Pipeline.php(116): Laravel\\Lumen\\Routing\\Pipeline->Laravel\\Lumen\\Routing\\{closure}(Object(Laravel\\Lumen\\Http\\Request))
#29 /var/www/html/vendor/laravel/lumen-framework/src/Concerns/RoutesRequests.php(428): Illuminate\\Pipeline\\Pipeline->then(Object(Closure))
#30 /var/www/html/vendor/laravel/lumen-framework/src/Concerns/RoutesRequests.php(177): Laravel\\Lumen\\Application->sendThroughPipeline(Array, Object(Closure))
#31 /var/www/html/vendor/laravel/lumen-framework/src/Concerns/RoutesRequests.php(112): Laravel\\Lumen\\Application->dispatch(NULL)
#32 /var/www/html/public/index.php(47): Laravel\\Lumen\\Application->run()
#33 {main}
"} 
[2026-09-21 22:43:28] production.ERROR: Undefined array key "user_password" {"exception":"[object] (ErrorException(code: 0): Undefined array key \"user_password\" at /var/www/html/modules/Account/Services/LoginService.php:360)
[stacktrace]
#0 /var/www/html/vendor/laravel/lumen-framework/src/Concerns/RegistersExceptionHandlers.php(47): Laravel\\Lumen\\Application->handleError(2, 'Undefined array...', '/var/www/html/m...', 360)
#1 /var/www/html/modules/Account/Services/LoginService.php(360): Laravel\\Lumen\\Application->Laravel\\Lumen\\Concerns\\{closure}(2, 'Undefined array...', '/var/www/html/m...', 360)
#2 /var/www/html/modules/Account/Http/Controllers/Manage/UserInfoController.php(156): Modules\\Account\\Services\\LoginService->checkUserPassword(10001, 'wrongpass')
#3 /var/www/html/vendor/illuminate/container/BoundMethod.php(36): Modules\\Account\\Http\\Controllers\\Manage\\UserInfoController->myPassWordEdit(Object(Laravel\\Lumen\\Http\\Request))
#4 /var/www/html/vendor/illuminate/container/Util.php(41): Illuminate\\Container\\BoundMethod::Illuminate\\Container\\{closure}()
#5 /var/www/html/vendor/illuminate/container/BoundMethod.php(93): Illuminate\\Container\\Util::unwrapIfClosure(Object(Closure))
#6 /var/www/html/vendor/illuminate/container/BoundMethod.php(37): Illuminate\\Container\\BoundMethod::callBoundMethod(Object(Laravel\\Lumen\\Application), Array, Object(Closure))
#7 /var/www/html/vendor/illuminate/container/Container.php(661): Illuminate\\Container\\BoundMethod::call(Object(Laravel\\Lumen\\Application), Array, Array, NULL)
#8 /var/www/html/vendor/laravel/lumen-framework/src/Concerns/RoutesRequests.php(391): Illuminate\\Container\\Container->call(Array, Array)
#9 /var/www/html/vendor/laravel/lumen-framework/src/Concerns/RoutesRequests.php(357): Laravel\\Lumen\\Application->callControllerCallable(Array, Array)
#10 /var/www/html/vendor/laravel/lumen-framework/src/Concerns/RoutesRequests.php(331): Laravel\\Lumen\\Application->callLumenController(Object(Modules\\Account\\Http\\Controllers\\Manage\\UserInfoController), 'myPassWordEdit', Array)
#11 /var/www/html/vendor/laravel/lumen-framework/src/Concerns/RoutesRequests.php(284): Laravel\\Lumen\\Application->callControllerAction(Array)
#12 /var/www/html/vendor/laravel/lumen-framework/src/Concerns/RoutesRequests.php(264): Laravel\\Lumen\\Application->callActionOnArrayBasedRoute(Array)
#13 /var/www/html/vendor/laravel/lumen-framework/src/Routing/Pipeline.php(48): Laravel\\Lumen\\Application->Laravel\\Lumen\\Concerns\\{closure}(Object(Laravel\\Lumen\\Http\\Request))
#14 /var/www/html/app/Middleware/AdminAuthenticate.php(43): Laravel\\Lumen\\Routing\\Pipeline->Laravel\\Lumen\\Routing\\{closure}(Object(Laravel\\Lumen\\Http\\Request))
#15 /var/www/html/vendor/illuminate/pipeline/Pipeline.php(180): App\\Middleware\\AdminAuthenticate->handle(Object(Laravel\\Lumen\\Http\\Request), Object(Closure))
#16 /var/www/html/vendor/laravel/lumen-framework/src/Routing/Pipeline.php(30): Illuminate\\Pipeline\\Pipeline->Illuminate\\Pipeline\\{closure}(Object(Laravel\\Lumen\\Http\\Request))
#17 /var/www/html/app/Middleware/Authenticate.php(65): Laravel\\Lumen\\Routing\\Pipeline->Laravel\\Lumen\\Routing\\{closure}(Object(Laravel\\Lumen\\Http\\Request))
#18 /var/www/html/vendor/illuminate/pipeline/Pipeline.php(180): App\\Middleware\\Authenticate->handle(Object(Laravel\\Lumen\\Http\\Request), Object(Closure))
#19 /var/www/html/vendor/laravel/lumen-framework/src/Routing/Pipeline.php(30): Illuminate\\Pipeline\\Pipeline->Illuminate\\Pipeline\\{closure}(Object(Laravel\\Lumen\\Http\\Request))
#20 /var/www/html/vendor/illuminate/pipeline/Pipeline.php(116): Laravel\\Lumen\\Routing\\Pipeline->Laravel\\Lumen\\Routing\\{closure}(Object(Laravel\\Lumen\\Http\\Request))
#21 /var/www/html/vendor/laravel/lumen-framework/src/Concerns/RoutesRequests.php(428): Illuminate\\Pipeline\\Pipeline->then(Object(Closure))
#22 /var/www/html/vendor/laravel/lumen-framework/src/Concerns/RoutesRequests.php(265): Laravel\\Lumen\\Application->sendThroughPipeline(Array, Object(Closure))
#23 /var/www/html/vendor/laravel/lumen-framework/src/Concerns/RoutesRequests.php(171): Laravel\\Lumen\\Application->handleFoundRoute(Array)
#24 /var/www/html/vendor/laravel/lumen-framework/src/Routing/Pipeline.php(48): Laravel\\Lumen\\Application->Laravel\\Lumen\\Concerns\\{closure}(Object(Laravel\\Lumen\\Http\\Request))
#25 /var/www/html/app/Middleware/CrossMiddleware.php(68): Laravel\\Lumen\\Routing\\Pipeline->Laravel\\Lumen\\Routing\\{closure}(Object(Laravel\\Lumen\\Http\\Request))
#26 /var/www/html/vendor/illuminate/pipeline/Pipeline.php(180): App\\Middleware\\CrossMiddleware->handle(Object(Laravel\\Lumen\\Http\\Request), Object(Closure))
#27 /var/www/html/vendor/laravel/lumen-framework/src/Routing/Pipeline.php(30): Illuminate\\Pipeline\\Pipeline->Illuminate\\Pipeline\\{closure}(Object(Laravel\\Lumen\\Http\\Request))
#28 /var/www/html/vendor/illuminate/pipeline/Pipeline.php(116): Laravel\\Lumen\\Routing\\Pipeline->Laravel\\Lumen\\Routing\\{closure}(Object(Laravel\\Lumen\\Http\\Request))
#29 /var/www/html/vendor/laravel/lumen-framework/src/Concerns/RoutesRequests.php(428): Illuminate\\Pipeline\\Pipeline->then(Object(Closure))
#30 /var/www/html/vendor/laravel/lumen-framework/src/Concerns/RoutesRequests.php(177): Laravel\\Lumen\\Application->sendThroughPipeline(Array, Object(Closure))
#31 /var/www/html/vendor/laravel/lumen-framework/src/Concerns/RoutesRequests.php(112): Laravel\\Lumen\\Application->dispatch(NULL)
#32 /var/www/html/public/index.php(47): Laravel\\Lumen\\Application->run()
#33 {main}
"} 
[2026-09-21 22:43:28] production.ERROR: Undefined array key "user_password" {"exception":"[object] (ErrorException(code: 0): Undefined array key \"user_password\" at /var/www/html/modules/Account/Services/LoginService.php:360)
[stacktrace]
#0 /var/www/html/vendor/laravel/lumen-framework/src/Concerns/RegistersExceptionHandlers.php(47): Laravel\\Lumen\\Application->handleError(2, 'Undefined array...', '/var/www/html/m...', 360)
#1 /var/www/html/modules/Account/Services/LoginService.php(360): Laravel\\Lumen\\Application->Laravel\\Lumen\\Concerns\\{closure}(2, 'Undefined array...', '/var/www/html/m...', 360)
#2 /var/www/html/modules/Account/Http/Controllers/Manage/UserInfoController.php(156): Modules\\Account\\Services\\LoginService->checkUserPassword(10001, 'shopsuite.cn')
#3 /var/www/html/vendor/illuminate/container/BoundMethod.php(36): Modules\\Account\\Http\\Controllers\\Manage\\UserInfoController->myPassWordEdit(Object(Laravel\\Lumen\\Http\\Request))
#4 /var/www/html/vendor/illuminate/container/Util.php(41): Illuminate\\Container\\BoundMethod::Illuminate\\Container\\{closure}()
#5 /var/www/html/vendor/illuminate/container/BoundMethod.php(93): Illuminate\\Container\\Util::unwrapIfClosure(Object(Closure))
#6 /var/www/html/vendor/illuminate/container/BoundMethod.php(37): Illuminate\\Container\\BoundMethod::callBoundMethod(Object(Laravel\\Lumen\\Application), Array, Object(Closure))
#7 /var/www/html/vendor/illuminate/container/Container.php(661): Illuminate\\Container\\BoundMethod::call(Object(Laravel\\Lumen\\Application), Array, Array, NULL)
#8 /var/www/html/vendor/laravel/lumen-framework/src/Concerns/RoutesRequests.php(391): Illuminate\\Container\\Container->call(Array, Array)
#9 /var/www/html/vendor/laravel/lumen-framework/src/Concerns/RoutesRequests.php(357): Laravel\\Lumen\\Application->callControllerCallable(Array, Array)
#10 /var/www/html/vendor/laravel/lumen-framework/src/Concerns/RoutesRequests.php(331): Laravel\\Lumen\\Application->callLumenController(Object(Modules\\Account\\Http\\Controllers\\Manage\\UserInfoController), 'myPassWordEdit', Array)
#11 /var/www/html/vendor/laravel/lumen-framework/src/Concerns/RoutesRequests.php(284): Laravel\\Lumen\\Application->callControllerAction(Array)
#12 /var/www/html/vendor/laravel/lumen-framework/src/Concerns/RoutesRequests.php(264): Laravel\\Lumen\\Application->callActionOnArrayBasedRoute(Array)
#13 /var/www/html/vendor/laravel/lumen-framework/src/Routing/Pipeline.php(48): Laravel\\Lumen\\Application->Laravel\\Lumen\\Concerns\\{closure}(Object(Laravel\\Lumen\\Http\\Request))
#14 /var/www/html/app/Middleware/AdminAuthenticate.php(43): Laravel\\Lumen\\Routing\\Pipeline->Laravel\\Lumen\\Routing\\{closure}(Object(Laravel\\Lumen\\Http\\Request))
#15 /var/www/html/vendor/illuminate/pipeline/Pipeline.php(180): App\\Middleware\\AdminAuthenticate->handle(Object(Laravel\\Lumen\\Http\\Request), Object(Closure))
#16 /var/www/html/vendor/laravel/lumen-framework/src/Routing/Pipeline.php(30): Illuminate\\Pipeline\\Pipeline->Illuminate\\Pipeline\\{closure}(Object(Laravel\\Lumen\\Http\\Request))
#17 /var/www/html/app/Middleware/Authenticate.php(65): Laravel\\Lumen\\Routing\\Pipeline->Laravel\\Lumen\\Routing\\{closure}(Object(Laravel\\Lumen\\Http\\Request))
#18 /var/www/html/vendor/illuminate/pipeline/Pipeline.php(180): App\\Middleware\\Authenticate->handle(Object(Laravel\\Lumen\\Http\\Request), Object(Closure))
#19 /var/www/html/vendor/laravel/lumen-framework/src/Routing/Pipeline.php(30): Illuminate\\Pipeline\\Pipeline->Illuminate\\Pipeline\\{closure}(Object(Laravel\\Lumen\\Http\\Request))
#20 /var/www/html/vendor/illuminate/pipeline/Pipeline.php(116): Laravel\\Lumen\\Routing\\Pipeline->Laravel\\Lumen\\Routing\\{closure}(Object(Laravel\\Lumen\\Http\\Request))
#21 /var/www/html/vendor/laravel/lumen-framework/src/Concerns/RoutesRequests.php(428): Illuminate\\Pipeline\\Pipeline->then(Object(Closure))
#22 /var/www/html/vendor/laravel/lumen-framework/src/Concerns/RoutesRequests.php(265): Laravel\\Lumen\\Application->sendThroughPipeline(Array, Object(Closure))
#23 /var/www/html/vendor/laravel/lumen-framework/src/Concerns/RoutesRequests.php(171): Laravel\\Lumen\\Application->handleFoundRoute(Array)
#24 /var/www/html/vendor/laravel/lumen-framework/src/Routing/Pipeline.php(48): Laravel\\Lumen\\Application->Laravel\\Lumen\\Concerns\\{closure}(Object(Laravel\\Lumen\\Http\\Request))
#25 /var/www/html/app/Middleware/CrossMiddleware.php(68): Laravel\\Lumen\\Routing\\Pipeline->Laravel\\Lumen\\Routing\\{closure}(Object(Laravel\\Lumen\\Http\\Request))
#26 /var/www/html/vendor/illuminate/pipeline/Pipeline.php(180): App\\Middleware\\CrossMiddleware->handle(Object(Laravel\\Lumen\\Http\\Request), Object(Closure))
#27 /var/www/html/vendor/laravel/lumen-framework/src/Routing/Pipeline.php(30): Illuminate\\Pipeline\\Pipeline->Illuminate\\Pipeline\\{closure}(Object(Laravel\\Lumen\\Http\\Request))
#28 /var/www/html/vendor/illuminate/pipeline/Pipeline.php(116): Laravel\\Lumen\\Routing\\Pipeline->Laravel\\Lumen\\Routing\\{closure}(Object(Laravel\\Lumen\\Http\\Request))
#29 /var/www/html/vendor/laravel/lumen-framework/src/Concerns/RoutesRequests.php(428): Illuminate\\Pipeline\\Pipeline->then(Object(Closure))
#30 /var/www/html/vendor/laravel/lumen-framework/src/Concerns/RoutesRequests.php(177): Laravel\\Lumen\\Application->sendThroughPipeline(Array, Object(Closure))
#31 /var/www/html/vendor/laravel/lumen-framework/src/Concerns/RoutesRequests.php(112): Laravel\\Lumen\\Application->dispatch(NULL)
#32 /var/www/html/public/index.php(47): Laravel\\Lumen\\Application->run()
#33 {main}
"} 
[2026-09-21 22:43:28] production.ERROR: 用户名或者密码不正确 {"exception":"[object] (App\\Exceptions\\ErrorException(code: 200): 用户名或者密码不正确 at /var/www/html/modules/Account/Services/LoginService.php:110)
[stacktrace]
#0 /var/www/html/modules/Account/Http/Controllers/LoginController.php(70): Modules\\Account\\Services\\LoginService->login(Object(Laravel\\Lumen\\Http\\Request))
#1 /var/www/html/vendor/illuminate/container/BoundMethod.php(36): Modules\\Account\\Http\\Controllers\\LoginController->login(Object(Laravel\\Lumen\\Http\\Request))
#2 /var/www/html/vendor/illuminate/container/Util.php(41): Illuminate\\Container\\BoundMethod::Illuminate\\Container\\{closure}()
#3 /var/www/html/vendor/illuminate/container/BoundMethod.php(93): Illuminate\\Container\\Util::unwrapIfClosure(Object(Closure))
#4 /var/www/html/vendor/illuminate/container/BoundMethod.php(37): Illuminate\\Container\\BoundMethod::callBoundMethod(Object(Laravel\\Lumen\\Application), Array, Object(Closure))
#5 /var/www/html/vendor/illuminate/container/Container.php(661): Illuminate\\Container\\BoundMethod::call(Object(Laravel\\Lumen\\Application), Array, Array, NULL)
#6 /var/www/html/vendor/laravel/lumen-framework/src/Concerns/RoutesRequests.php(391): Illuminate\\Container\\Container->call(Array, Array)
#7 /var/www/html/vendor/laravel/lumen-framework/src/Concerns/RoutesRequests.php(357): Laravel\\Lumen\\Application->callControllerCallable(Array, Array)
#8 /var/www/html/vendor/laravel/lumen-framework/src/Concerns/RoutesRequests.php(331): Laravel\\Lumen\\Application->callLumenController(Object(Modules\\Account\\Http\\Controllers\\LoginController), 'login', Array)
#9 /var/www/html/vendor/laravel/lumen-framework/src/Concerns/RoutesRequests.php(284): Laravel\\Lumen\\Application->callControllerAction(Array)
#10 /var/www/html/vendor/laravel/lumen-framework/src/Concerns/RoutesRequests.php(269): Laravel\\Lumen\\Application->callActionOnArrayBasedRoute(Array)
#11 /var/www/html/vendor/laravel/lumen-framework/src/Concerns/RoutesRequests.php(171): Laravel\\Lumen\\Application->handleFoundRoute(Array)
#12 /var/www/html/vendor/laravel/lumen-framework/src/Routing/Pipeline.php(48): Laravel\\Lumen\\Application->Laravel\\Lumen\\Concerns\\{closure}(Object(Laravel\\Lumen\\Http\\Request))
#13 /var/www/html/app/Middleware/CrossMiddleware.php(68): Laravel\\Lumen\\Routing\\Pipeline->Laravel\\Lumen\\Routing\\{closure}(Object(Laravel\\Lumen\\Http\\Request))
#14 /var/www/html/vendor/illuminate/pipeline/Pipeline.php(180): App\\Middleware\\CrossMiddleware->handle(Object(Laravel\\Lumen\\Http\\Request), Object(Closure))
#15 /var/www/html/vendor/laravel/lumen-framework/src/Routing/Pipeline.php(30): Illuminate\\Pipeline\\Pipeline->Illuminate\\Pipeline\\{closure}(Object(Laravel\\Lumen\\Http\\Request))
#16 /var/www/html/vendor/illuminate/pipeline/Pipeline.php(116): Laravel\\Lumen\\Routing\\Pipeline->Laravel\\Lumen\\Routing\\{closure}(Object(Laravel\\Lumen\\Http\\Request))
#17 /var/www/html/vendor/laravel/lumen-framework/src/Concerns/RoutesRequests.php(428): Illuminate\\Pipeline\\Pipeline->then(Object(Closure))
#18 /var/www/html/vendor/laravel/lumen-framework/src/Concerns/RoutesRequests.php(177): Laravel\\Lumen\\Application->sendThroughPipeline(Array, Object(Closure))
#19 /var/www/html/vendor/laravel/lumen-framework/src/Concerns/RoutesRequests.php(112): Laravel\\Lumen\\Application->dispatch(NULL)
#20 /var/www/html/public/index.php(47): Laravel\\Lumen\\Application->run()
#21 {main}
"} 
[2026-09-21 22:43:28] production.ERROR: Undefined array key "user_password" {"exception":"[object] (ErrorException(code: 0): Undefined array key \"user_password\" at /var/www/html/modules/Account/Services/LoginService.php:360)
[stacktrace]
#0 /var/www/html/vendor/laravel/lumen-framework/src/Concerns/RegistersExceptionHandlers.php(47): Laravel\\Lumen\\Application->handleError(2, 'Undefined array...', '/var/www/html/m...', 360)
#1 /var/www/html/modules/Account/Services/LoginService.php(360): Laravel\\Lumen\\Application->Laravel\\Lumen\\Concerns\\{closure}(2, 'Undefined array...', '/var/www/html/m...', 360)
#2 /var/www/html/modules/Account/Http/Controllers/Manage/UserInfoController.php(156): Modules\\Account\\Services\\LoginService->checkUserPassword(10001, 'shopsuite.cn1')
#3 /var/www/html/vendor/illuminate/container/BoundMethod.php(36): Modules\\Account\\Http\\Controllers\\Manage\\UserInfoController->myPassWordEdit(Object(Laravel\\Lumen\\Http\\Request))
#4 /var/www/html/vendor/illuminate/container/Util.php(41): Illuminate\\Container\\BoundMethod::Illuminate\\Container\\{closure}()
#5 /var/www/html/vendor/illuminate/container/BoundMethod.php(93): Illuminate\\Container\\Util::unwrapIfClosure(Object(Closure))
#6 /var/www/html/vendor/illuminate/container/BoundMethod.php(37): Illuminate\\Container\\BoundMethod::callBoundMethod(Object(Laravel\\Lumen\\Application), Array, Object(Closure))
#7 /var/www/html/vendor/illuminate/container/Container.php(661): Illuminate\\Container\\BoundMethod::call(Object(Laravel\\Lumen\\Application), Array, Array, NULL)
#8 /var/www/html/vendor/laravel/lumen-framework/src/Concerns/RoutesRequests.php(391): Illuminate\\Container\\Container->call(Array, Array)
#9 /var/www/html/vendor/laravel/lumen-framework/src/Concerns/RoutesRequests.php(357): Laravel\\Lumen\\Application->callControllerCallable(Array, Array)
#10 /var/www/html/vendor/laravel/lumen-framework/src/Concerns/RoutesRequests.php(331): Laravel\\Lumen\\Application->callLumenController(Object(Modules\\Account\\Http\\Controllers\\Manage\\UserInfoController), 'myPassWordEdit', Array)
#11 /var/www/html/vendor/laravel/lumen-framework/src/Concerns/RoutesRequests.php(284): Laravel\\Lumen\\Application->callControllerAction(Array)
#12 /var/www/html/vendor/laravel/lumen-framework/src/Concerns/RoutesRequests.php(264): Laravel\\Lumen\\Application->callActionOnArrayBasedRoute(Array)
#13 /var/www/html/vendor/laravel/lumen-framework/src/Routing/Pipeline.php(48): Laravel\\Lumen\\Application->Laravel\\Lumen\\Concerns\\{closure}(Object(Laravel\\Lumen\\Http\\Request))
#14 /var/www/html/app/Middleware/AdminAuthenticate.php(43): Laravel\\Lumen\\Routing\\Pipeline->Laravel\\Lumen\\Routing\\{closure}(Object(Laravel\\Lumen\\Http\\Request))
#15 /var/www/html/vendor/illuminate/pipeline/Pipeline.php(180): App\\Middleware\\AdminAuthenticate->handle(Object(Laravel\\Lumen\\Http\\Request), Object(Closure))
#16 /var/www/html/vendor/laravel/lumen-framework/src/Routing/Pipeline.php(30): Illuminate\\Pipeline\\Pipeline->Illuminate\\Pipeline\\{closure}(Object(Laravel\\Lumen\\Http\\Request))
#17 /var/www/html/app/Middleware/Authenticate.php(65): Laravel\\Lumen\\Routing\\Pipeline->Laravel\\Lumen\\Routing\\{closure}(Object(Laravel\\Lumen\\Http\\Request))
#18 /var/www/html/vendor/illuminate/pipeline/Pipeline.php(180): App\\Middleware\\Authenticate->handle(Object(Laravel\\Lumen\\Http\\Request), Object(Closure))
#19 /var/www/html/vendor/laravel/lumen-framework/src/Routing/Pipeline.php(30): Illuminate\\Pipeline\\Pipeline->Illuminate\\Pipeline\\{closure}(Object(Laravel\\Lumen\\Http\\Request))
#20 /var/www/html/vendor/illuminate/pipeline/Pipeline.php(116): Laravel\\Lumen\\Routing\\Pipeline->Laravel\\Lumen\\Routing\\{closure}(Object(Laravel\\Lumen\\Http\\Request))
#21 /var/www/html/vendor/laravel/lumen-framework/src/Concerns/RoutesRequests.php(428): Illuminate\\Pipeline\\Pipeline->then(Object(Closure))
#22 /var/www/html/vendor/laravel/lumen-framework/src/Concerns/RoutesRequests.php(265): Laravel\\Lumen\\Application->sendThroughPipeline(Array, Object(Closure))
#23 /var/www/html/vendor/laravel/lumen-framework/src/Concerns/RoutesRequests.php(171): Laravel\\Lumen\\Application->handleFoundRoute(Array)
#24 /var/www/html/vendor/laravel/lumen-framework/src/Routing/Pipeline.php(48): Laravel\\Lumen\\Application->Laravel\\Lumen\\Concerns\\{closure}(Object(Laravel\\Lumen\\Http\\Request))
#25 /var/www/html/app/Middleware/CrossMiddleware.php(68): Laravel\\Lumen\\Routing\\Pipeline->Laravel\\Lumen\\Routing\\{closure}(Object(Laravel\\Lumen\\Http\\Request))
#26 /var/www/html/vendor/illuminate/pipeline/Pipeline.php(180): App\\Middleware\\CrossMiddleware->handle(Object(Laravel\\Lumen\\Http\\Request), Object(Closure))
#27 /var/www/html/vendor/laravel/lumen-framework/src/Routing/Pipeline.php(30): Illuminate\\Pipeline\\Pipeline->Illuminate\\Pipeline\\{closure}(Object(Laravel\\Lumen\\Http\\Request))
#28 /var/www/html/vendor/illuminate/pipeline/Pipeline.php(116): Laravel\\Lumen\\Routing\\Pipeline->Laravel\\Lumen\\Routing\\{closure}(Object(Laravel\\Lumen\\Http\\Request))
#29 /var/www/html/vendor/laravel/lumen-framework/src/Concerns/RoutesRequests.php(428): Illuminate\\Pipeline\\Pipeline->then(Object(Closure))
#30 /var/www/html/vendor/laravel/lumen-framework/src/Concerns/RoutesRequests.php(177): Laravel\\Lumen\\Application->sendThroughPipeline(Array, Object(Closure))
#31 /var/www/html/vendor/laravel/lumen-framework/src/Concerns/RoutesRequests.php(112): Laravel\\Lumen\\Application->dispatch(NULL)
#32 /var/www/html/public/index.php(47): Laravel\\Lumen\\Application->run()
#33 {main}
"} 
[2026-09-21 22:44:05] production.ERROR: 旧密码不正确 {"exception":"[object] (App\\Exceptions\\ErrorException(code: 200): 旧密码不正确 at /var/www/html/modules/Account/Services/LoginService.php:362)
[stacktrace]
#0 /var/www/html/modules/Account/Http/Controllers/Manage/UserInfoController.php(156): Modules\\Account\\Services\\LoginService->checkUserPassword(10001, 'wrongpass')
#1 /var/www/html/vendor/illuminate/container/BoundMethod.php(36): Modules\\Account\\Http\\Controllers\\Manage\\UserInfoController->myPassWordEdit(Object(Laravel\\Lumen\\Http\\Request))
#2 /var/www/html/vendor/illuminate/container/Util.php(41): Illuminate\\Container\\BoundMethod::Illuminate\\Container\\{closure}()
#3 /var/www/html/vendor/illuminate/container/BoundMethod.php(93): Illuminate\\Container\\Util::unwrapIfClosure(Object(Closure))
#4 /var/www/html/vendor/illuminate/container/BoundMethod.php(37): Illuminate\\Container\\BoundMethod::callBoundMethod(Object(Laravel\\Lumen\\Application), Array, Object(Closure))
#5 /var/www/html/vendor/illuminate/container/Container.php(661): Illuminate\\Container\\BoundMethod::call(Object(Laravel\\Lumen\\Application), Array, Array, NULL)
#6 /var/www/html/vendor/laravel/lumen-framework/src/Concerns/RoutesRequests.php(391): Illuminate\\Container\\Container->call(Array, Array)
#7 /var/www/html/vendor/laravel/lumen-framework/src/Concerns/RoutesRequests.php(357): Laravel\\Lumen\\Application->callControllerCallable(Array, Array)
#8 /var/www/html/vendor/laravel/lumen-framework/src/Concerns/RoutesRequests.php(331): Laravel\\Lumen\\Application->callLumenController(Object(Modules\\Account\\Http\\Controllers\\Manage\\UserInfoController), 'myPassWordEdit', Array)
#9 /var/www/html/vendor/laravel/lumen-framework/src/Concerns/RoutesRequests.php(284): Laravel\\Lumen\\Application->callControllerAction(Array)
#10 /var/www/html/vendor/laravel/lumen-framework/src/Concerns/RoutesRequests.php(264): Laravel\\Lumen\\Application->callActionOnArrayBasedRoute(Array)
#11 /var/www/html/vendor/laravel/lumen-framework/src/Routing/Pipeline.php(48): Laravel\\Lumen\\Application->Laravel\\Lumen\\Concerns\\{closure}(Object(Laravel\\Lumen\\Http\\Request))
#12 /var/www/html/app/Middleware/AdminAuthenticate.php(43): Laravel\\Lumen\\Routing\\Pipeline->Laravel\\Lumen\\Routing\\{closure}(Object(Laravel\\Lumen\\Http\\Request))
#13 /var/www/html/vendor/illuminate/pipeline/Pipeline.php(180): App\\Middleware\\AdminAuthenticate->handle(Object(Laravel\\Lumen\\Http\\Request), Object(Closure))
#14 /var/www/html/vendor/laravel/lumen-framework/src/Routing/Pipeline.php(30): Illuminate\\Pipeline\\Pipeline->Illuminate\\Pipeline\\{closure}(Object(Laravel\\Lumen\\Http\\Request))
#15 /var/www/html/app/Middleware/Authenticate.php(65): Laravel\\Lumen\\Routing\\Pipeline->Laravel\\Lumen\\Routing\\{closure}(Object(Laravel\\Lumen\\Http\\Request))
#16 /var/www/html/vendor/illuminate/pipeline/Pipeline.php(180): App\\Middleware\\Authenticate->handle(Object(Laravel\\Lumen\\Http\\Request), Object(Closure))
#17 /var/www/html/vendor/laravel/lumen-framework/src/Routing/Pipeline.php(30): Illuminate\\Pipeline\\Pipeline->Illuminate\\Pipeline\\{closure}(Object(Laravel\\Lumen\\Http\\Request))
#18 /var/www/html/vendor/illuminate/pipeline/Pipeline.php(116): Laravel\\Lumen\\Routing\\Pipeline->Laravel\\Lumen\\Routing\\{closure}(Object(Laravel\\Lumen\\Http\\Request))
#19 /var/www/html/vendor/laravel/lumen-framework/src/Concerns/RoutesRequests.php(428): Illuminate\\Pipeline\\Pipeline->then(Object(Closure))
#20 /var/www/html/vendor/laravel/lumen-framework/src/Concerns/RoutesRequests.php(265): Laravel\\Lumen\\Application->sendThroughPipeline(Array, Object(Closure))
#21 /var/www/html/vendor/laravel/lumen-framework/src/Concerns/RoutesRequests.php(171): Laravel\\Lumen\\Application->handleFoundRoute(Array)
#22 /var/www/html/vendor/laravel/lumen-framework/src/Routing/Pipeline.php(48): Laravel\\Lumen\\Application->Laravel\\Lumen\\Concerns\\{closure}(Object(Laravel\\Lumen\\Http\\Request))
#23 /var/www/html/app/Middleware/CrossMiddleware.php(68): Laravel\\Lumen\\Routing\\Pipeline->Laravel\\Lumen\\Routing\\{closure}(Object(Laravel\\Lumen\\Http\\Request))
#24 /var/www/html/vendor/illuminate/pipeline/Pipeline.php(180): App\\Middleware\\CrossMiddleware->handle(Object(Laravel\\Lumen\\Http\\Request), Object(Closure))
#25 /var/www/html/vendor/laravel/lumen-framework/src/Routing/Pipeline.php(30): Illuminate\\Pipeline\\Pipeline->Illuminate\\Pipeline\\{closure}(Object(Laravel\\Lumen\\Http\\Request))
#26 /var/www/html/vendor/illuminate/pipeline/Pipeline.php(116): Laravel\\Lumen\\Routing\\Pipeline->Laravel\\Lumen\\Routing\\{closure}(Object(Laravel\\Lumen\\Http\\Request))
#27 /var/www/html/vendor/laravel/lumen-framework/src/Concerns/RoutesRequests.php(428): Illuminate\\Pipeline\\Pipeline->then(Object(Closure))
#28 /var/www/html/vendor/laravel/lumen-framework/src/Concerns/RoutesRequests.php(177): Laravel\\Lumen\\Application->sendThroughPipeline(Array, Object(Closure))
#29 /var/www/html/vendor/laravel/lumen-framework/src/Concerns/RoutesRequests.php(112): Laravel\\Lumen\\Application->dispatch(NULL)
#30 /var/www/html/public/index.php(47): Laravel\\Lumen\\Application->run()
#31 {main}
"} 
[2026-09-21 22:58:38] production.ERROR: 旧密码不正确 {"exception":"[object] (App\\Exceptions\\ErrorException(code: 200): 旧密码不正确 at /var/www/html/modules/Account/Services/LoginService.php:362)
[stacktrace]
#0 /var/www/html/modules/Account/Http/Controllers/Manage/UserInfoController.php(171): Modules\\Account\\Services\\LoginService->checkUserPassword(10001, 'wrongpass')
#1 /var/www/html/vendor/illuminate/container/BoundMethod.php(36): Modules\\Account\\Http\\Controllers\\Manage\\UserInfoController->myPassWordEdit(Object(Laravel\\Lumen\\Http\\Request))
#2 /var/www/html/vendor/illuminate/container/Util.php(41): Illuminate\\Container\\BoundMethod::Illuminate\\Container\\{closure}()
#3 /var/www/html/vendor/illuminate/container/BoundMethod.php(93): Illuminate\\Container\\Util::unwrapIfClosure(Object(Closure))
#4 /var/www/html/vendor/illuminate/container/BoundMethod.php(37): Illuminate\\Container\\BoundMethod::callBoundMethod(Object(Laravel\\Lumen\\Application), Array, Object(Closure))
#5 /var/www/html/vendor/illuminate/container/Container.php(661): Illuminate\\Container\\BoundMethod::call(Object(Laravel\\Lumen\\Application), Array, Array, NULL)
#6 /var/www/html/vendor/laravel/lumen-framework/src/Concerns/RoutesRequests.php(391): Illuminate\\Container\\Container->call(Array, Array)
#7 /var/www/html/vendor/laravel/lumen-framework/src/Concerns/RoutesRequests.php(357): Laravel\\Lumen\\Application->callControllerCallable(Array, Array)
#8 /var/www/html/vendor/laravel/lumen-framework/src/Concerns/RoutesRequests.php(331): Laravel\\Lumen\\Application->callLumenController(Object(Modules\\Account\\Http\\Controllers\\Manage\\UserInfoController), 'myPassWordEdit', Array)
#9 /var/www/html/vendor/laravel/lumen-framework/src/Concerns/RoutesRequests.php(284): Laravel\\Lumen\\Application->callControllerAction(Array)
#10 /var/www/html/vendor/laravel/lumen-framework/src/Concerns/RoutesRequests.php(264): Laravel\\Lumen\\Application->callActionOnArrayBasedRoute(Array)
#11 /var/www/html/vendor/laravel/lumen-framework/src/Routing/Pipeline.php(48): Laravel\\Lumen\\Application->Laravel\\Lumen\\Concerns\\{closure}(Object(Laravel\\Lumen\\Http\\Request))
#12 /var/www/html/app/Middleware/AdminAuthenticate.php(43): Laravel\\Lumen\\Routing\\Pipeline->Laravel\\Lumen\\Routing\\{closure}(Object(Laravel\\Lumen\\Http\\Request))
#13 /var/www/html/vendor/illuminate/pipeline/Pipeline.php(180): App\\Middleware\\AdminAuthenticate->handle(Object(Laravel\\Lumen\\Http\\Request), Object(Closure))
#14 /var/www/html/vendor/laravel/lumen-framework/src/Routing/Pipeline.php(30): Illuminate\\Pipeline\\Pipeline->Illuminate\\Pipeline\\{closure}(Object(Laravel\\Lumen\\Http\\Request))
#15 /var/www/html/app/Middleware/Authenticate.php(65): Laravel\\Lumen\\Routing\\Pipeline->Laravel\\Lumen\\Routing\\{closure}(Object(Laravel\\Lumen\\Http\\Request))
#16 /var/www/html/vendor/illuminate/pipeline/Pipeline.php(180): App\\Middleware\\Authenticate->handle(Object(Laravel\\Lumen\\Http\\Request), Object(Closure))
#17 /var/www/html/vendor/laravel/lumen-framework/src/Routing/Pipeline.php(30): Illuminate\\Pipeline\\Pipeline->Illuminate\\Pipeline\\{closure}(Object(Laravel\\Lumen\\Http\\Request))
#18 /var/www/html/vendor/illuminate/pipeline/Pipeline.php(116): Laravel\\Lumen\\Routing\\Pipeline->Laravel\\Lumen\\Routing\\{closure}(Object(Laravel\\Lumen\\Http\\Request))
#19 /var/www/html/vendor/laravel/lumen-framework/src/Concerns/RoutesRequests.php(428): Illuminate\\Pipeline\\Pipeline->then(Object(Closure))
#20 /var/www/html/vendor/laravel/lumen-framework/src/Concerns/RoutesRequests.php(265): Laravel\\Lumen\\Application->sendThroughPipeline(Array, Object(Closure))
#21 /var/www/html/vendor/laravel/lumen-framework/src/Concerns/RoutesRequests.php(171): Laravel\\Lumen\\Application->handleFoundRoute(Array)
#22 /var/www/html/vendor/laravel/lumen-framework/src/Routing/Pipeline.php(48): Laravel\\Lumen\\Application->Laravel\\Lumen\\Concerns\\{closure}(Object(Laravel\\Lumen\\Http\\Request))
#23 /var/www/html/app/Middleware/CrossMiddleware.php(68): Laravel\\Lumen\\Routing\\Pipeline->Laravel\\Lumen\\Routing\\{closure}(Object(Laravel\\Lumen\\Http\\Request))
#24 /var/www/html/vendor/illuminate/pipeline/Pipeline.php(180): App\\Middleware\\CrossMiddleware->handle(Object(Laravel\\Lumen\\Http\\Request), Object(Closure))
#25 /var/www/html/vendor/laravel/lumen-framework/src/Routing/Pipeline.php(30): Illuminate\\Pipeline\\Pipeline->Illuminate\\Pipeline\\{closure}(Object(Laravel\\Lumen\\Http\\Request))
#26 /var/www/html/vendor/illuminate/pipeline/Pipeline.php(116): Laravel\\Lumen\\Routing\\Pipeline->Laravel\\Lumen\\Routing\\{closure}(Object(Laravel\\Lumen\\Http\\Request))
#27 /var/www/html/vendor/laravel/lumen-framework/src/Concerns/RoutesRequests.php(428): Illuminate\\Pipeline\\Pipeline->then(Object(Closure))
#28 /var/www/html/vendor/laravel/lumen-framework/src/Concerns/RoutesRequests.php(177): Laravel\\Lumen\\Application->sendThroughPipeline(Array, Object(Closure))
#29 /var/www/html/vendor/laravel/lumen-framework/src/Concerns/RoutesRequests.php(112): Laravel\\Lumen\\Application->dispatch(NULL)
#30 /var/www/html/public/index.php(47): Laravel\\Lumen\\Application->run()
#31 {main}
"} 
[2026-09-21 22:58:38] production.ERROR: 用户名或者密码不正确 {"exception":"[object] (App\\Exceptions\\ErrorException(code: 200): 用户名或者密码不正确 at /var/www/html/modules/Account/Services/LoginService.php:110)
[stacktrace]
#0 /var/www/html/modules/Account/Http/Controllers/LoginController.php(70): Modules\\Account\\Services\\LoginService->login(Object(Laravel\\Lumen\\Http\\Request))
#1 /var/www/html/vendor/illuminate/container/BoundMethod.php(36): Modules\\Account\\Http\\Controllers\\LoginController->login(Object(Laravel\\Lumen\\Http\\Request))
#2 /var/www/html/vendor/illuminate/container/Util.php(41): Illuminate\\Container\\BoundMethod::Illuminate\\Container\\{closure}()
#3 /var/www/html/vendor/illuminate/container/BoundMethod.php(93): Illuminate\\Container\\Util::unwrapIfClosure(Object(Closure))
#4 /var/www/html/vendor/illuminate/container/BoundMethod.php(37): Illuminate\\Container\\BoundMethod::callBoundMethod(Object(Laravel\\Lumen\\Application), Array, Object(Closure))
#5 /var/www/html/vendor/illuminate/container/Container.php(661): Illuminate\\Container\\BoundMethod::call(Object(Laravel\\Lumen\\Application), Array, Array, NULL)
#6 /var/www/html/vendor/laravel/lumen-framework/src/Concerns/RoutesRequests.php(391): Illuminate\\Container\\Container->call(Array, Array)
#7 /var/www/html/vendor/laravel/lumen-framework/src/Concerns/RoutesRequests.php(357): Laravel\\Lumen\\Application->callControllerCallable(Array, Array)
#8 /var/www/html/vendor/laravel/lumen-framework/src/Concerns/RoutesRequests.php(331): Laravel\\Lumen\\Application->callLumenController(Object(Modules\\Account\\Http\\Controllers\\LoginController), 'login', Array)
#9 /var/www/html/vendor/laravel/lumen-framework/src/Concerns/RoutesRequests.php(284): Laravel\\Lumen\\Application->callControllerAction(Array)
#10 /var/www/html/vendor/laravel/lumen-framework/src/Concerns/RoutesRequests.php(269): Laravel\\Lumen\\Application->callActionOnArrayBasedRoute(Array)
#11 /var/www/html/vendor/laravel/lumen-framework/src/Concerns/RoutesRequests.php(171): Laravel\\Lumen\\Application->handleFoundRoute(Array)
#12 /var/www/html/vendor/laravel/lumen-framework/src/Routing/Pipeline.php(48): Laravel\\Lumen\\Application->Laravel\\Lumen\\Concerns\\{closure}(Object(Laravel\\Lumen\\Http\\Request))
#13 /var/www/html/app/Middleware/CrossMiddleware.php(68): Laravel\\Lumen\\Routing\\Pipeline->Laravel\\Lumen\\Routing\\{closure}(Object(Laravel\\Lumen\\Http\\Request))
#14 /var/www/html/vendor/illuminate/pipeline/Pipeline.php(180): App\\Middleware\\CrossMiddleware->handle(Object(Laravel\\Lumen\\Http\\Request), Object(Closure))
#15 /var/www/html/vendor/laravel/lumen-framework/src/Routing/Pipeline.php(30): Illuminate\\Pipeline\\Pipeline->Illuminate\\Pipeline\\{closure}(Object(Laravel\\Lumen\\Http\\Request))
#16 /var/www/html/vendor/illuminate/pipeline/Pipeline.php(116): Laravel\\Lumen\\Routing\\Pipeline->Laravel\\Lumen\\Routing\\{closure}(Object(Laravel\\Lumen\\Http\\Request))
#17 /var/www/html/vendor/laravel/lumen-framework/src/Concerns/RoutesRequests.php(428): Illuminate\\Pipeline\\Pipeline->then(Object(Closure))
#18 /var/www/html/vendor/laravel/lumen-framework/src/Concerns/RoutesRequests.php(177): Laravel\\Lumen\\Application->sendThroughPipeline(Array, Object(Closure))
#19 /var/www/html/vendor/laravel/lumen-framework/src/Concerns/RoutesRequests.php(112): Laravel\\Lumen\\Application->dispatch(NULL)
#20 /var/www/html/public/index.php(47): Laravel\\Lumen\\Application->run()
#21 {main}
"} 
[2026-09-21 22:59:35] production.ERROR: Token失效，请重新登录 {"exception":"[object] (App\\Exceptions\\ErrorException(code: 200): Token失效，请重新登录 at /var/www/html/modules/Account/Services/UserInfoService.php:165)
[stacktrace]
#0 /var/www/html/modules/Account/Http/Controllers/Front/UserController.php(66): Modules\\Account\\Services\\UserInfoService->getUserInfo()
#1 /var/www/html/vendor/illuminate/container/BoundMethod.php(36): Modules\\Account\\Http\\Controllers\\Front\\UserController->info()
#2 /var/www/html/vendor/illuminate/container/Util.php(41): Illuminate\\Container\\BoundMethod::Illuminate\\Container\\{closure}()
#3 /var/www/html/vendor/illuminate/container/BoundMethod.php(93): Illuminate\\Container\\Util::unwrapIfClosure(Object(Closure))
#4 /var/www/html/vendor/illuminate/container/BoundMethod.php(37): Illuminate\\Container\\BoundMethod::callBoundMethod(Object(Laravel\\Lumen\\Application), Array, Object(Closure))
#5 /var/www/html/vendor/illuminate/container/Container.php(661): Illuminate\\Container\\BoundMethod::call(Object(Laravel\\Lumen\\Application), Array, Array, NULL)
#6 /var/www/html/vendor/laravel/lumen-framework/src/Concerns/RoutesRequests.php(391): Illuminate\\Container\\Container->call(Array, Array)
#7 /var/www/html/vendor/laravel/lumen-framework/src/Concerns/RoutesRequests.php(357): Laravel\\Lumen\\Application->callControllerCallable(Array, Array)
#8 /var/www/html/vendor/laravel/lumen-framework/src/Concerns/RoutesRequests.php(331): Laravel\\Lumen\\Application->callLumenController(Object(Modules\\Account\\Http\\Controllers\\Front\\UserController), 'info', Array)
#9 /var/www/html/vendor/laravel/lumen-framework/src/Concerns/RoutesRequests.php(284): Laravel\\Lumen\\Application->callControllerAction(Array)
#10 /var/www/html/vendor/laravel/lumen-framework/src/Concerns/RoutesRequests.php(264): Laravel\\Lumen\\Application->callActionOnArrayBasedRoute(Array)
#11 /var/www/html/vendor/laravel/lumen-framework/src/Routing/Pipeline.php(48): Laravel\\Lumen\\Application->Laravel\\Lumen\\Concerns\\{closure}(Object(Laravel\\Lumen\\Http\\Request))
#12 /var/www/html/app/Middleware/Authenticate.php(65): Laravel\\Lumen\\Routing\\Pipeline->Laravel\\Lumen\\Routing\\{closure}(Object(Laravel\\Lumen\\Http\\Request))
#13 /var/www/html/vendor/illuminate/pipeline/Pipeline.php(180): App\\Middleware\\Authenticate->handle(Object(Laravel\\Lumen\\Http\\Request), Object(Closure))
#14 /var/www/html/vendor/laravel/lumen-framework/src/Routing/Pipeline.php(30): Illuminate\\Pipeline\\Pipeline->Illuminate\\Pipeline\\{closure}(Object(Laravel\\Lumen\\Http\\Request))
#15 /var/www/html/vendor/illuminate/pipeline/Pipeline.php(116): Laravel\\Lumen\\Routing\\Pipeline->Laravel\\Lumen\\Routing\\{closure}(Object(Laravel\\Lumen\\Http\\Request))
#16 /var/www/html/vendor/laravel/lumen-framework/src/Concerns/RoutesRequests.php(428): Illuminate\\Pipeline\\Pipeline->then(Object(Closure))
#17 /var/www/html/vendor/laravel/lumen-framework/src/Concerns/RoutesRequests.php(265): Laravel\\Lumen\\Application->sendThroughPipeline(Array, Object(Closure))
#18 /var/www/html/vendor/laravel/lumen-framework/src/Concerns/RoutesRequests.php(171): Laravel\\Lumen\\Application->handleFoundRoute(Array)
#19 /var/www/html/vendor/laravel/lumen-framework/src/Routing/Pipeline.php(48): Laravel\\Lumen\\Application->Laravel\\Lumen\\Concerns\\{closure}(Object(Laravel\\Lumen\\Http\\Request))
#20 /var/www/html/app/Middleware/CrossMiddleware.php(68): Laravel\\Lumen\\Routing\\Pipeline->Laravel\\Lumen\\Routing\\{closure}(Object(Laravel\\Lumen\\Http\\Request))
#21 /var/www/html/vendor/illuminate/pipeline/Pipeline.php(180): App\\Middleware\\CrossMiddleware->handle(Object(Laravel\\Lumen\\Http\\Request), Object(Closure))
#22 /var/www/html/vendor/laravel/lumen-framework/src/Routing/Pipeline.php(30): Illuminate\\Pipeline\\Pipeline->Illuminate\\Pipeline\\{closure}(Object(Laravel\\Lumen\\Http\\Request))
#23 /var/www/html/vendor/illuminate/pipeline/Pipeline.php(116): Laravel\\Lumen\\Routing\\Pipeline->Laravel\\Lumen\\Routing\\{closure}(Object(Laravel\\Lumen\\Http\\Request))
#24 /var/www/html/vendor/laravel/lumen-framework/src/Concerns/RoutesRequests.php(428): Illuminate\\Pipeline\\Pipeline->then(Object(Closure))
#25 /var/www/html/vendor/laravel/lumen-framework/src/Concerns/RoutesRequests.php(177): Laravel\\Lumen\\Application->sendThroughPipeline(Array, Object(Closure))
#26 /var/www/html/vendor/laravel/lumen-framework/src/Concerns/RoutesRequests.php(112): Laravel\\Lumen\\Application->dispatch(NULL)
#27 /var/www/html/public/index.php(47): Laravel\\Lumen\\Application->run()
#28 {main}
"} 
[2026-09-21 22:59:37] production.ERROR: Token失效，请重新登录 {"exception":"[object] (App\\Exceptions\\ErrorException(code: 200): Token失效，请重新登录 at /var/www/html/modules/Account/Services/UserInfoService.php:165)
[stacktrace]
#0 /var/www/html/modules/Account/Http/Controllers/Front/UserController.php(66): Modules\\Account\\Services\\UserInfoService->getUserInfo()
#1 /var/www/html/vendor/illuminate/container/BoundMethod.php(36): Modules\\Account\\Http\\Controllers\\Front\\UserController->info()
#2 /var/www/html/vendor/illuminate/container/Util.php(41): Illuminate\\Container\\BoundMethod::Illuminate\\Container\\{closure}()
#3 /var/www/html/vendor/illuminate/container/BoundMethod.php(93): Illuminate\\Container\\Util::unwrapIfClosure(Object(Closure))
#4 /var/www/html/vendor/illuminate/container/BoundMethod.php(37): Illuminate\\Container\\BoundMethod::callBoundMethod(Object(Laravel\\Lumen\\Application), Array, Object(Closure))
#5 /var/www/html/vendor/illuminate/container/Container.php(661): Illuminate\\Container\\BoundMethod::call(Object(Laravel\\Lumen\\Application), Array, Array, NULL)
#6 /var/www/html/vendor/laravel/lumen-framework/src/Concerns/RoutesRequests.php(391): Illuminate\\Container\\Container->call(Array, Array)
#7 /var/www/html/vendor/laravel/lumen-framework/src/Concerns/RoutesRequests.php(357): Laravel\\Lumen\\Application->callControllerCallable(Array, Array)
#8 /var/www/html/vendor/laravel/lumen-framework/src/Concerns/RoutesRequests.php(331): Laravel\\Lumen\\Application->callLumenController(Object(Modules\\Account\\Http\\Controllers\\Front\\UserController), 'info', Array)
#9 /var/www/html/vendor/laravel/lumen-framework/src/Concerns/RoutesRequests.php(284): Laravel\\Lumen\\Application->callControllerAction(Array)
#10 /var/www/html/vendor/laravel/lumen-framework/src/Concerns/RoutesRequests.php(264): Laravel\\Lumen\\Application->callActionOnArrayBasedRoute(Array)
#11 /var/www/html/vendor/laravel/lumen-framework/src/Routing/Pipeline.php(48): Laravel\\Lumen\\Application->Laravel\\Lumen\\Concerns\\{closure}(Object(Laravel\\Lumen\\Http\\Request))
#12 /var/www/html/app/Middleware/Authenticate.php(65): Laravel\\Lumen\\Routing\\Pipeline->Laravel\\Lumen\\Routing\\{closure}(Object(Laravel\\Lumen\\Http\\Request))
#13 /var/www/html/vendor/illuminate/pipeline/Pipeline.php(180): App\\Middleware\\Authenticate->handle(Object(Laravel\\Lumen\\Http\\Request), Object(Closure))
#14 /var/www/html/vendor/laravel/lumen-framework/src/Routing/Pipeline.php(30): Illuminate\\Pipeline\\Pipeline->Illuminate\\Pipeline\\{closure}(Object(Laravel\\Lumen\\Http\\Request))
#15 /var/www/html/vendor/illuminate/pipeline/Pipeline.php(116): Laravel\\Lumen\\Routing\\Pipeline->Laravel\\Lumen\\Routing\\{closure}(Object(Laravel\\Lumen\\Http\\Request))
#16 /var/www/html/vendor/laravel/lumen-framework/src/Concerns/RoutesRequests.php(428): Illuminate\\Pipeline\\Pipeline->then(Object(Closure))
#17 /var/www/html/vendor/laravel/lumen-framework/src/Concerns/RoutesRequests.php(265): Laravel\\Lumen\\Application->sendThroughPipeline(Array, Object(Closure))
#18 /var/www/html/vendor/laravel/lumen-framework/src/Concerns/RoutesRequests.php(171): Laravel\\Lumen\\Application->handleFoundRoute(Array)
#19 /var/www/html/vendor/laravel/lumen-framework/src/Routing/Pipeline.php(48): Laravel\\Lumen\\Application->Laravel\\Lumen\\Concerns\\{closure}(Object(Laravel\\Lumen\\Http\\Request))
#20 /var/www/html/app/Middleware/CrossMiddleware.php(68): Laravel\\Lumen\\Routing\\Pipeline->Laravel\\Lumen\\Routing\\{closure}(Object(Laravel\\Lumen\\Http\\Request))
#21 /var/www/html/vendor/illuminate/pipeline/Pipeline.php(180): App\\Middleware\\CrossMiddleware->handle(Object(Laravel\\Lumen\\Http\\Request), Object(Closure))
#22 /var/www/html/vendor/laravel/lumen-framework/src/Routing/Pipeline.php(30): Illuminate\\Pipeline\\Pipeline->Illuminate\\Pipeline\\{closure}(Object(Laravel\\Lumen\\Http\\Request))
#23 /var/www/html/vendor/illuminate/pipeline/Pipeline.php(116): Laravel\\Lumen\\Routing\\Pipeline->Laravel\\Lumen\\Routing\\{closure}(Object(Laravel\\Lumen\\Http\\Request))
#24 /var/www/html/vendor/laravel/lumen-framework/src/Concerns/RoutesRequests.php(428): Illuminate\\Pipeline\\Pipeline->then(Object(Closure))
#25 /var/www/html/vendor/laravel/lumen-framework/src/Concerns/RoutesRequests.php(177): Laravel\\Lumen\\Application->sendThroughPipeline(Array, Object(Closure))
#26 /var/www/html/vendor/laravel/lumen-framework/src/Concerns/RoutesRequests.php(112): Laravel\\Lumen\\Application->dispatch(NULL)
#27 /var/www/html/public/index.php(47): Laravel\\Lumen\\Application->run()
#28 {main}
"} 
[2026-09-21 23:22:52] production.ERROR: Token失效，请重新登录 {"exception":"[object] (App\\Exceptions\\ErrorException(code: 200): Token失效，请重新登录 at /var/www/html/modules/Account/Services/UserInfoService.php:165)
[stacktrace]
#0 /var/www/html/modules/Account/Http/Controllers/Front/UserController.php(66): Modules\\Account\\Services\\UserInfoService->getUserInfo()
#1 /var/www/html/vendor/illuminate/container/BoundMethod.php(36): Modules\\Account\\Http\\Controllers\\Front\\UserController->info()
#2 /var/www/html/vendor/illuminate/container/Util.php(41): Illuminate\\Container\\BoundMethod::Illuminate\\Container\\{closure}()
#3 /var/www/html/vendor/illuminate/container/BoundMethod.php(93): Illuminate\\Container\\Util::unwrapIfClosure(Object(Closure))
#4 /var/www/html/vendor/illuminate/container/BoundMethod.php(37): Illuminate\\Container\\BoundMethod::callBoundMethod(Object(Laravel\\Lumen\\Application), Array, Object(Closure))
#5 /var/www/html/vendor/illuminate/container/Container.php(661): Illuminate\\Container\\BoundMethod::call(Object(Laravel\\Lumen\\Application), Array, Array, NULL)
#6 /var/www/html/vendor/laravel/lumen-framework/src/Concerns/RoutesRequests.php(391): Illuminate\\Container\\Container->call(Array, Array)
#7 /var/www/html/vendor/laravel/lumen-framework/src/Concerns/RoutesRequests.php(357): Laravel\\Lumen\\Application->callControllerCallable(Array, Array)
#8 /var/www/html/vendor/laravel/lumen-framework/src/Concerns/RoutesRequests.php(331): Laravel\\Lumen\\Application->callLumenController(Object(Modules\\Account\\Http\\Controllers\\Front\\UserController), 'info', Array)
#9 /var/www/html/vendor/laravel/lumen-framework/src/Concerns/RoutesRequests.php(284): Laravel\\Lumen\\Application->callControllerAction(Array)
#10 /var/www/html/vendor/laravel/lumen-framework/src/Concerns/RoutesRequests.php(264): Laravel\\Lumen\\Application->callActionOnArrayBasedRoute(Array)
#11 /var/www/html/vendor/laravel/lumen-framework/src/Routing/Pipeline.php(48): Laravel\\Lumen\\Application->Laravel\\Lumen\\Concerns\\{closure}(Object(Laravel\\Lumen\\Http\\Request))
#12 /var/www/html/app/Middleware/Authenticate.php(65): Laravel\\Lumen\\Routing\\Pipeline->Laravel\\Lumen\\Routing\\{closure}(Object(Laravel\\Lumen\\Http\\Request))
#13 /var/www/html/vendor/illuminate/pipeline/Pipeline.php(180): App\\Middleware\\Authenticate->handle(Object(Laravel\\Lumen\\Http\\Request), Object(Closure))
#14 /var/www/html/vendor/laravel/lumen-framework/src/Routing/Pipeline.php(30): Illuminate\\Pipeline\\Pipeline->Illuminate\\Pipeline\\{closure}(Object(Laravel\\Lumen\\Http\\Request))
#15 /var/www/html/vendor/illuminate/pipeline/Pipeline.php(116): Laravel\\Lumen\\Routing\\Pipeline->Laravel\\Lumen\\Routing\\{closure}(Object(Laravel\\Lumen\\Http\\Request))
#16 /var/www/html/vendor/laravel/lumen-framework/src/Concerns/RoutesRequests.php(428): Illuminate\\Pipeline\\Pipeline->then(Object(Closure))
#17 /var/www/html/vendor/laravel/lumen-framework/src/Concerns/RoutesRequests.php(265): Laravel\\Lumen\\Application->sendThroughPipeline(Array, Object(Closure))
#18 /var/www/html/vendor/laravel/lumen-framework/src/Concerns/RoutesRequests.php(171): Laravel\\Lumen\\Application->handleFoundRoute(Array)
#19 /var/www/html/vendor/laravel/lumen-framework/src/Routing/Pipeline.php(48): Laravel\\Lumen\\Application->Laravel\\Lumen\\Concerns\\{closure}(Object(Laravel\\Lumen\\Http\\Request))
#20 /var/www/html/app/Middleware/CrossMiddleware.php(68): Laravel\\Lumen\\Routing\\Pipeline->Laravel\\Lumen\\Routing\\{closure}(Object(Laravel\\Lumen\\Http\\Request))
#21 /var/www/html/vendor/illuminate/pipeline/Pipeline.php(180): App\\Middleware\\CrossMiddleware->handle(Object(Laravel\\Lumen\\Http\\Request), Object(Closure))
#22 /var/www/html/vendor/laravel/lumen-framework/src/Routing/Pipeline.php(30): Illuminate\\Pipeline\\Pipeline->Illuminate\\Pipeline\\{closure}(Object(Laravel\\Lumen\\Http\\Request))
#23 /var/www/html/vendor/illuminate/pipeline/Pipeline.php(116): Laravel\\Lumen\\Routing\\Pipeline->Laravel\\Lumen\\Routing\\{closure}(Object(Laravel\\Lumen\\Http\\Request))
#24 /var/www/html/vendor/laravel/lumen-framework/src/Concerns/RoutesRequests.php(428): Illuminate\\Pipeline\\Pipeline->then(Object(Closure))
#25 /var/www/html/vendor/laravel/lumen-framework/src/Concerns/RoutesRequests.php(177): Laravel\\Lumen\\Application->sendThroughPipeline(Array, Object(Closure))
#26 /var/www/html/vendor/laravel/lumen-framework/src/Concerns/RoutesRequests.php(112): Laravel\\Lumen\\Application->dispatch(NULL)
#27 /var/www/html/public/index.php(47): Laravel\\Lumen\\Application->run()
#28 {main}
"} 
[2026-09-21 23:24:20] production.ERROR: 验证码有误 {"exception":"[object] (App\\Exceptions\\ErrorException(code: 200): 验证码有误 at /var/www/html/app/Support/helpers.php:75)
[stacktrace]
#0 /var/www/html/modules/Account/Http/Controllers/LoginController.php(68): checkVerifyCode(Object(Laravel\\Lumen\\Http\\Request))
#1 /var/www/html/vendor/illuminate/container/BoundMethod.php(36): Modules\\Account\\Http\\Controllers\\LoginController->login(Object(Laravel\\Lumen\\Http\\Request))
#2 /var/www/html/vendor/illuminate/container/Util.php(41): Illuminate\\Container\\BoundMethod::Illuminate\\Container\\{closure}()
#3 /var/www/html/vendor/illuminate/container/BoundMethod.php(93): Illuminate\\Container\\Util::unwrapIfClosure(Object(Closure))
#4 /var/www/html/vendor/illuminate/container/BoundMethod.php(37): Illuminate\\Container\\BoundMethod::callBoundMethod(Object(Laravel\\Lumen\\Application), Array, Object(Closure))
#5 /var/www/html/vendor/illuminate/container/Container.php(661): Illuminate\\Container\\BoundMethod::call(Object(Laravel\\Lumen\\Application), Array, Array, NULL)
#6 /var/www/html/vendor/laravel/lumen-framework/src/Concerns/RoutesRequests.php(391): Illuminate\\Container\\Container->call(Array, Array)
#7 /var/www/html/vendor/laravel/lumen-framework/src/Concerns/RoutesRequests.php(357): Laravel\\Lumen\\Application->callControllerCallable(Array, Array)
#8 /var/www/html/vendor/laravel/lumen-framework/src/Concerns/RoutesRequests.php(331): Laravel\\Lumen\\Application->callLumenController(Object(Modules\\Account\\Http\\Controllers\\LoginController), 'login', Array)
#9 /var/www/html/vendor/laravel/lumen-framework/src/Concerns/RoutesRequests.php(284): Laravel\\Lumen\\Application->callControllerAction(Array)
#10 /var/www/html/vendor/laravel/lumen-framework/src/Concerns/RoutesRequests.php(269): Laravel\\Lumen\\Application->callActionOnArrayBasedRoute(Array)
#11 /var/www/html/vendor/laravel/lumen-framework/src/Concerns/RoutesRequests.php(171): Laravel\\Lumen\\Application->handleFoundRoute(Array)
#12 /var/www/html/vendor/laravel/lumen-framework/src/Routing/Pipeline.php(48): Laravel\\Lumen\\Application->Laravel\\Lumen\\Concerns\\{closure}(Object(Laravel\\Lumen\\Http\\Request))
#13 /var/www/html/app/Middleware/CrossMiddleware.php(68): Laravel\\Lumen\\Routing\\Pipeline->Laravel\\Lumen\\Routing\\{closure}(Object(Laravel\\Lumen\\Http\\Request))
#14 /var/www/html/vendor/illuminate/pipeline/Pipeline.php(180): App\\Middleware\\CrossMiddleware->handle(Object(Laravel\\Lumen\\Http\\Request), Object(Closure))
#15 /var/www/html/vendor/laravel/lumen-framework/src/Routing/Pipeline.php(30): Illuminate\\Pipeline\\Pipeline->Illuminate\\Pipeline\\{closure}(Object(Laravel\\Lumen\\Http\\Request))
#16 /var/www/html/vendor/illuminate/pipeline/Pipeline.php(116): Laravel\\Lumen\\Routing\\Pipeline->Laravel\\Lumen\\Routing\\{closure}(Object(Laravel\\Lumen\\Http\\Request))
#17 /var/www/html/vendor/laravel/lumen-framework/src/Concerns/RoutesRequests.php(428): Illuminate\\Pipeline\\Pipeline->then(Object(Closure))
#18 /var/www/html/vendor/laravel/lumen-framework/src/Concerns/RoutesRequests.php(177): Laravel\\Lumen\\Application->sendThroughPipeline(Array, Object(Closure))
#19 /var/www/html/vendor/laravel/lumen-framework/src/Concerns/RoutesRequests.php(112): Laravel\\Lumen\\Application->dispatch(NULL)
#20 /var/www/html/public/index.php(47): Laravel\\Lumen\\Application->run()
#21 {main}
"} 
[2026-09-21 23:39:13] production.ERROR: 验证码有误 {"exception":"[object] (App\\Exceptions\\ErrorException(code: 200): 验证码有误 at /var/www/html/app/Support/helpers.php:75)
[stacktrace]
#0 /var/www/html/modules/Account/Http/Controllers/LoginController.php(68): checkVerifyCode(Object(Laravel\\Lumen\\Http\\Request))
#1 /var/www/html/vendor/illuminate/container/BoundMethod.php(36): Modules\\Account\\Http\\Controllers\\LoginController->login(Object(Laravel\\Lumen\\Http\\Request))
#2 /var/www/html/vendor/illuminate/container/Util.php(41): Illuminate\\Container\\BoundMethod::Illuminate\\Container\\{closure}()
#3 /var/www/html/vendor/illuminate/container/BoundMethod.php(93): Illuminate\\Container\\Util::unwrapIfClosure(Object(Closure))
#4 /var/www/html/vendor/illuminate/container/BoundMethod.php(37): Illuminate\\Container\\BoundMethod::callBoundMethod(Object(Laravel\\Lumen\\Application), Array, Object(Closure))
#5 /var/www/html/vendor/illuminate/container/Container.php(661): Illuminate\\Container\\BoundMethod::call(Object(Laravel\\Lumen\\Application), Array, Array, NULL)
#6 /var/www/html/vendor/laravel/lumen-framework/src/Concerns/RoutesRequests.php(391): Illuminate\\Container\\Container->call(Array, Array)
#7 /var/www/html/vendor/laravel/lumen-framework/src/Concerns/RoutesRequests.php(357): Laravel\\Lumen\\Application->callControllerCallable(Array, Array)
#8 /var/www/html/vendor/laravel/lumen-framework/src/Concerns/RoutesRequests.php(331): Laravel\\Lumen\\Application->callLumenController(Object(Modules\\Account\\Http\\Controllers\\LoginController), 'login', Array)
#9 /var/www/html/vendor/laravel/lumen-framework/src/Concerns/RoutesRequests.php(284): Laravel\\Lumen\\Application->callControllerAction(Array)
#10 /var/www/html/vendor/laravel/lumen-framework/src/Concerns/RoutesRequests.php(269): Laravel\\Lumen\\Application->callActionOnArrayBasedRoute(Array)
#11 /var/www/html/vendor/laravel/lumen-framework/src/Concerns/RoutesRequests.php(171): Laravel\\Lumen\\Application->handleFoundRoute(Array)
#12 /var/www/html/vendor/laravel/lumen-framework/src/Routing/Pipeline.php(48): Laravel\\Lumen\\Application->Laravel\\Lumen\\Concerns\\{closure}(Object(Laravel\\Lumen\\Http\\Request))
#13 /var/www/html/app/Middleware/CrossMiddleware.php(68): Laravel\\Lumen\\Routing\\Pipeline->Laravel\\Lumen\\Routing\\{closure}(Object(Laravel\\Lumen\\Http\\Request))
#14 /var/www/html/vendor/illuminate/pipeline/Pipeline.php(180): App\\Middleware\\CrossMiddleware->handle(Object(Laravel\\Lumen\\Http\\Request), Object(Closure))
#15 /var/www/html/vendor/laravel/lumen-framework/src/Routing/Pipeline.php(30): Illuminate\\Pipeline\\Pipeline->Illuminate\\Pipeline\\{closure}(Object(Laravel\\Lumen\\Http\\Request))
#16 /var/www/html/vendor/illuminate/pipeline/Pipeline.php(116): Laravel\\Lumen\\Routing\\Pipeline->Laravel\\Lumen\\Routing\\{closure}(Object(Laravel\\Lumen\\Http\\Request))
#17 /var/www/html/vendor/laravel/lumen-framework/src/Concerns/RoutesRequests.php(428): Illuminate\\Pipeline\\Pipeline->then(Object(Closure))
#18 /var/www/html/vendor/laravel/lumen-framework/src/Concerns/RoutesRequests.php(177): Laravel\\Lumen\\Application->sendThroughPipeline(Array, Object(Closure))
#19 /var/www/html/vendor/laravel/lumen-framework/src/Concerns/RoutesRequests.php(112): Laravel\\Lumen\\Application->dispatch(NULL)
#20 /var/www/html/public/index.php(47): Laravel\\Lumen\\Application->run()
#21 {main}
"} 
[2026-09-21 23:39:55] production.ERROR: 验证码有误 {"exception":"[object] (App\\Exceptions\\ErrorException(code: 200): 验证码有误 at /var/www/html/app/Support/helpers.php:75)
[stacktrace]
#0 /var/www/html/modules/Account/Http/Controllers/LoginController.php(68): checkVerifyCode(Object(Laravel\\Lumen\\Http\\Request))
#1 /var/www/html/vendor/illuminate/container/BoundMethod.php(36): Modules\\Account\\Http\\Controllers\\LoginController->login(Object(Laravel\\Lumen\\Http\\Request))
#2 /var/www/html/vendor/illuminate/container/Util.php(41): Illuminate\\Container\\BoundMethod::Illuminate\\Container\\{closure}()
#3 /var/www/html/vendor/illuminate/container/BoundMethod.php(93): Illuminate\\Container\\Util::unwrapIfClosure(Object(Closure))
#4 /var/www/html/vendor/illuminate/container/BoundMethod.php(37): Illuminate\\Container\\BoundMethod::callBoundMethod(Object(Laravel\\Lumen\\Application), Array, Object(Closure))
#5 /var/www/html/vendor/illuminate/container/Container.php(661): Illuminate\\Container\\BoundMethod::call(Object(Laravel\\Lumen\\Application), Array, Array, NULL)
#6 /var/www/html/vendor/laravel/lumen-framework/src/Concerns/RoutesRequests.php(391): Illuminate\\Container\\Container->call(Array, Array)
#7 /var/www/html/vendor/laravel/lumen-framework/src/Concerns/RoutesRequests.php(357): Laravel\\Lumen\\Application->callControllerCallable(Array, Array)
#8 /var/www/html/vendor/laravel/lumen-framework/src/Concerns/RoutesRequests.php(331): Laravel\\Lumen\\Application->callLumenController(Object(Modules\\Account\\Http\\Controllers\\LoginController), 'login', Array)
#9 /var/www/html/vendor/laravel/lumen-framework/src/Concerns/RoutesRequests.php(284): Laravel\\Lumen\\Application->callControllerAction(Array)
#10 /var/www/html/vendor/laravel/lumen-framework/src/Concerns/RoutesRequests.php(269): Laravel\\Lumen\\Application->callActionOnArrayBasedRoute(Array)
#11 /var/www/html/vendor/laravel/lumen-framework/src/Concerns/RoutesRequests.php(171): Laravel\\Lumen\\Application->handleFoundRoute(Array)
#12 /var/www/html/vendor/laravel/lumen-framework/src/Routing/Pipeline.php(48): Laravel\\Lumen\\Application->Laravel\\Lumen\\Concerns\\{closure}(Object(Laravel\\Lumen\\Http\\Request))
#13 /var/www/html/app/Middleware/CrossMiddleware.php(68): Laravel\\Lumen\\Routing\\Pipeline->Laravel\\Lumen\\Routing\\{closure}(Object(Laravel\\Lumen\\Http\\Request))
#14 /var/www/html/vendor/illuminate/pipeline/Pipeline.php(180): App\\Middleware\\CrossMiddleware->handle(Object(Laravel\\Lumen\\Http\\Request), Object(Closure))
#15 /var/www/html/vendor/laravel/lumen-framework/src/Routing/Pipeline.php(30): Illuminate\\Pipeline\\Pipeline->Illuminate\\Pipeline\\{closure}(Object(Laravel\\Lumen\\Http\\Request))
#16 /var/www/html/vendor/illuminate/pipeline/Pipeline.php(116): Laravel\\Lumen\\Routing\\Pipeline->Laravel\\Lumen\\Routing\\{closure}(Object(Laravel\\Lumen\\Http\\Request))
#17 /var/www/html/vendor/laravel/lumen-framework/src/Concerns/RoutesRequests.php(428): Illuminate\\Pipeline\\Pipeline->then(Object(Closure))
#18 /var/www/html/vendor/laravel/lumen-framework/src/Concerns/RoutesRequests.php(177): Laravel\\Lumen\\Application->sendThroughPipeline(Array, Object(Closure))
#19 /var/www/html/vendor/laravel/lumen-framework/src/Concerns/RoutesRequests.php(112): Laravel\\Lumen\\Application->dispatch(NULL)
#20 /var/www/html/public/index.php(47): Laravel\\Lumen\\Application->run()
#21 {main}
"} 
