[2026-09-23 10:20:00] production.ERROR: 用户Id不能为空 {"exception":"[object] (App\\Exceptions\\ErrorException(code: 200): 用户Id不能为空 at /var/www/html/modules/Account/Services/UserInfoService.php:507)
[stacktrace]
#0 /var/www/html/modules/Account/Http/Controllers/Manage/UserInfoController.php(181): Modules\\Account\\Services\\UserInfoService->editState(Object(Laravel\\Lumen\\Http\\Request))
#1 /var/www/html/vendor/illuminate/container/BoundMethod.php(36): Modules\\Account\\Http\\Controllers\\Manage\\UserInfoController->editState(Object(Laravel\\Lumen\\Http\\Request))
#2 /var/www/html/vendor/illuminate/container/Util.php(41): Illuminate\\Container\\BoundMethod::Illuminate\\Container\\{closure}()
#3 /var/www/html/vendor/illuminate/container/BoundMethod.php(93): Illuminate\\Container\\Util::unwrapIfClosure(Object(Closure))
#4 /var/www/html/vendor/illuminate/container/BoundMethod.php(37): Illuminate\\Container\\BoundMethod::callBoundMethod(Object(Laravel\\Lumen\\Application), Array, Object(Closure))
#5 /var/www/html/vendor/illuminate/container/Container.php(661): Illuminate\\Container\\BoundMethod::call(Object(Laravel\\Lumen\\Application), Array, Array, NULL)
#6 /var/www/html/vendor/laravel/lumen-framework/src/Concerns/RoutesRequests.php(391): Illuminate\\Container\\Container->call(Array, Array)
#7 /var/www/html/vendor/laravel/lumen-framework/src/Concerns/RoutesRequests.php(357): Laravel\\Lumen\\Application->callControllerCallable(Array, Array)
#8 /var/www/html/vendor/laravel/lumen-framework/src/Concerns/RoutesRequests.php(331): Laravel\\Lumen\\Application->callLumenController(Object(Modules\\Account\\Http\\Controllers\\Manage\\UserInfoController), 'editState', Array)
#9 /var/www/html/vendor/laravel/lumen-framework/src/Concerns/RoutesRequests.php(284): Laravel\\Lumen\\Application->callControllerAction(Array)
#10 /var/www/html/vendor/laravel/lumen-framework/src/Concerns/RoutesRequests.php(264): Laravel\\Lumen\\Application->callActionOnArrayBasedRoute(Array)
#11 /var/www/html/vendor/laravel/lumen-framework/src/Routing/Pipeline.php(48): Laravel\\Lumen\\Application->Laravel\\Lumen\\Concerns\\{closure}(Object(Laravel\\Lumen\\Http\\Request))
#12 /var/www/html/app/Middleware/AdminAuthenticate.php(43): Laravel\\Lumen\\Routing\\Pipeline->Laravel\\Lumen\\Routing\\{closure}(Object(Laravel\\Lumen\\Http\\Request))
#13 /var/www/html/vendor/illuminate/pipeline/Pipeline.php(180): App\\Middleware\\AdminAuthenticate->handle(Object(Laravel\\Lumen\\Http\\Request), Object(Closure))
#14 /var/www/html/vendor/laravel/lumen-framework/src/Routing/Pipeline.php(30): Illuminate\\Pipeline\\Pipeline->Illuminate\\Pipeline\\{closure}(Object(Laravel\\Lumen\\Http\\Request))
#15 /var/www/html/app/Middleware/Authenticate.php(45): Laravel\\Lumen\\Routing\\Pipeline->Laravel\\Lumen\\Routing\\{closure}(Object(Laravel\\Lumen\\Http\\Request))
#16 /var/www/html/vendor/illuminate/pipeline/Pipeline.php(180): App\\Middleware\\Authenticate->handle(Object(Laravel\\Lumen\\Http\\Request), Object(Closure))
#17 /var/www/html/vendor/laravel/lumen-framework/src/Routing/Pipeline.php(30): Illuminate\\Pipeline\\Pipeline->Illuminate\\Pipeline\\{closure}(Object(Laravel\\Lumen\\Http\\Request))
#18 /var/www/html/vendor/illuminate/pipeline/Pipeline.php(116): Laravel\\Lumen\\Routing\\Pipeline->Laravel\\Lumen\\Routing\\{closure}(Object(Laravel\\Lumen\\Http\\Request))
#19 /var/www/html/vendor/laravel/lumen-framework/src/Concerns/RoutesRequests.php(428): Illuminate\\Pipeline\\Pipeline->then(Object(Closure))
#20 /var/www/html/vendor/laravel/lumen-framework/src/Concerns/RoutesRequests.php(265): Laravel\\Lumen\\Application->sendThroughPipeline(Array, Object(Closure))
#21 /var/www/html/vendor/laravel/lumen-framework/src/Concerns/RoutesRequests.php(171): Laravel\\Lumen\\Application->handleFoundRoute(Array)
#22 /var/www/html/vendor/laravel/lumen-framework/src/Routing/Pipeline.php(48): Laravel\\Lumen\\Application->Laravel\\Lumen\\Concerns\\{closure}(Object(Laravel\\Lumen\\Http\\Request))
#23 /var/www/html/app/Middleware/CrossMiddleware.php(48): Laravel\\Lumen\\Routing\\Pipeline->Laravel\\Lumen\\Routing\\{closure}(Object(Laravel\\Lumen\\Http\\Request))
#24 /var/www/html/vendor/illuminate/pipeline/Pipeline.php(180): App\\Middleware\\CrossMiddleware->handle(Object(Laravel\\Lumen\\Http\\Request), Object(Closure))
#25 /var/www/html/vendor/laravel/lumen-framework/src/Routing/Pipeline.php(30): Illuminate\\Pipeline\\Pipeline->Illuminate\\Pipeline\\{closure}(Object(Laravel\\Lumen\\Http\\Request))
#26 /var/www/html/vendor/illuminate/pipeline/Pipeline.php(116): Laravel\\Lumen\\Routing\\Pipeline->Laravel\\Lumen\\Routing\\{closure}(Object(Laravel\\Lumen\\Http\\Request))
#27 /var/www/html/vendor/laravel/lumen-framework/src/Concerns/RoutesRequests.php(428): Illuminate\\Pipeline\\Pipeline->then(Object(Closure))
#28 /var/www/html/vendor/laravel/lumen-framework/src/Concerns/RoutesRequests.php(177): Laravel\\Lumen\\Application->sendThroughPipeline(Array, Object(Closure))
#29 /var/www/html/vendor/laravel/lumen-framework/src/Concerns/RoutesRequests.php(112): Laravel\\Lumen\\Application->dispatch(NULL)
#30 /var/www/html/public/index.php(28): Laravel\\Lumen\\Application->run()
#31 {main}
"} 
[2026-09-23 10:20:00] production.ERROR: 请先选择会员 {"exception":"[object] (App\\Exceptions\\ErrorException(code: 200): 请先选择会员 at /var/www/html/modules/Account/Services/UserInfoService.php:561)
[stacktrace]
#0 /var/www/html/modules/Account/Http/Controllers/Manage/UserInfoController.php(194): Modules\\Account\\Services\\UserInfoService->addTags(Object(Laravel\\Lumen\\Http\\Request))
#1 /var/www/html/vendor/illuminate/container/BoundMethod.php(36): Modules\\Account\\Http\\Controllers\\Manage\\UserInfoController->addTags(Object(Laravel\\Lumen\\Http\\Request))
#2 /var/www/html/vendor/illuminate/container/Util.php(41): Illuminate\\Container\\BoundMethod::Illuminate\\Container\\{closure}()
#3 /var/www/html/vendor/illuminate/container/BoundMethod.php(93): Illuminate\\Container\\Util::unwrapIfClosure(Object(Closure))
#4 /var/www/html/vendor/illuminate/container/BoundMethod.php(37): Illuminate\\Container\\BoundMethod::callBoundMethod(Object(Laravel\\Lumen\\Application), Array, Object(Closure))
#5 /var/www/html/vendor/illuminate/container/Container.php(661): Illuminate\\Container\\BoundMethod::call(Object(Laravel\\Lumen\\Application), Array, Array, NULL)
#6 /var/www/html/vendor/laravel/lumen-framework/src/Concerns/RoutesRequests.php(391): Illuminate\\Container\\Container->call(Array, Array)
#7 /var/www/html/vendor/laravel/lumen-framework/src/Concerns/RoutesRequests.php(357): Laravel\\Lumen\\Application->callControllerCallable(Array, Array)
#8 /var/www/html/vendor/laravel/lumen-framework/src/Concerns/RoutesRequests.php(331): Laravel\\Lumen\\Application->callLumenController(Object(Modules\\Account\\Http\\Controllers\\Manage\\UserInfoController), 'addTags', Array)
#9 /var/www/html/vendor/laravel/lumen-framework/src/Concerns/RoutesRequests.php(284): Laravel\\Lumen\\Application->callControllerAction(Array)
#10 /var/www/html/vendor/laravel/lumen-framework/src/Concerns/RoutesRequests.php(264): Laravel\\Lumen\\Application->callActionOnArrayBasedRoute(Array)
#11 /var/www/html/vendor/laravel/lumen-framework/src/Routing/Pipeline.php(48): Laravel\\Lumen\\Application->Laravel\\Lumen\\Concerns\\{closure}(Object(Laravel\\Lumen\\Http\\Request))
#12 /var/www/html/app/Middleware/AdminAuthenticate.php(43): Laravel\\Lumen\\Routing\\Pipeline->Laravel\\Lumen\\Routing\\{closure}(Object(Laravel\\Lumen\\Http\\Request))
#13 /var/www/html/vendor/illuminate/pipeline/Pipeline.php(180): App\\Middleware\\AdminAuthenticate->handle(Object(Laravel\\Lumen\\Http\\Request), Object(Closure))
#14 /var/www/html/vendor/laravel/lumen-framework/src/Routing/Pipeline.php(30): Illuminate\\Pipeline\\Pipeline->Illuminate\\Pipeline\\{closure}(Object(Laravel\\Lumen\\Http\\Request))
#15 /var/www/html/app/Middleware/Authenticate.php(45): Laravel\\Lumen\\Routing\\Pipeline->Laravel\\Lumen\\Routing\\{closure}(Object(Laravel\\Lumen\\Http\\Request))
#16 /var/www/html/vendor/illuminate/pipeline/Pipeline.php(180): App\\Middleware\\Authenticate->handle(Object(Laravel\\Lumen\\Http\\Request), Object(Closure))
#17 /var/www/html/vendor/laravel/lumen-framework/src/Routing/Pipeline.php(30): Illuminate\\Pipeline\\Pipeline->Illuminate\\Pipeline\\{closure}(Object(Laravel\\Lumen\\Http\\Request))
#18 /var/www/html/vendor/illuminate/pipeline/Pipeline.php(116): Laravel\\Lumen\\Routing\\Pipeline->Laravel\\Lumen\\Routing\\{closure}(Object(Laravel\\Lumen\\Http\\Request))
#19 /var/www/html/vendor/laravel/lumen-framework/src/Concerns/RoutesRequests.php(428): Illuminate\\Pipeline\\Pipeline->then(Object(Closure))
#20 /var/www/html/vendor/laravel/lumen-framework/src/Concerns/RoutesRequests.php(265): Laravel\\Lumen\\Application->sendThroughPipeline(Array, Object(Closure))
#21 /var/www/html/vendor/laravel/lumen-framework/src/Concerns/RoutesRequests.php(171): Laravel\\Lumen\\Application->handleFoundRoute(Array)
#22 /var/www/html/vendor/laravel/lumen-framework/src/Routing/Pipeline.php(48): Laravel\\Lumen\\Application->Laravel\\Lumen\\Concerns\\{closure}(Object(Laravel\\Lumen\\Http\\Request))
#23 /var/www/html/app/Middleware/CrossMiddleware.php(48): Laravel\\Lumen\\Routing\\Pipeline->Laravel\\Lumen\\Routing\\{closure}(Object(Laravel\\Lumen\\Http\\Request))
#24 /var/www/html/vendor/illuminate/pipeline/Pipeline.php(180): App\\Middleware\\CrossMiddleware->handle(Object(Laravel\\Lumen\\Http\\Request), Object(Closure))
#25 /var/www/html/vendor/laravel/lumen-framework/src/Routing/Pipeline.php(30): Illuminate\\Pipeline\\Pipeline->Illuminate\\Pipeline\\{closure}(Object(Laravel\\Lumen\\Http\\Request))
#26 /var/www/html/vendor/illuminate/pipeline/Pipeline.php(116): Laravel\\Lumen\\Routing\\Pipeline->Laravel\\Lumen\\Routing\\{closure}(Object(Laravel\\Lumen\\Http\\Request))
#27 /var/www/html/vendor/laravel/lumen-framework/src/Concerns/RoutesRequests.php(428): Illuminate\\Pipeline\\Pipeline->then(Object(Closure))
#28 /var/www/html/vendor/laravel/lumen-framework/src/Concerns/RoutesRequests.php(177): Laravel\\Lumen\\Application->sendThroughPipeline(Array, Object(Closure))
#29 /var/www/html/vendor/laravel/lumen-framework/src/Concerns/RoutesRequests.php(112): Laravel\\Lumen\\Application->dispatch(NULL)
#30 /var/www/html/public/index.php(28): Laravel\\Lumen\\Application->run()
#31 {main}
"} 
[2026-09-23 10:20:00] production.ERROR: 请选择优惠券 {"exception":"[object] (App\\Exceptions\\ErrorException(code: 200): 请选择优惠券 at /var/www/html/modules/Account/Services/UserInfoService.php:615)
[stacktrace]
#0 /var/www/html/modules/Account/Http/Controllers/Manage/UserInfoController.php(207): Modules\\Account\\Services\\UserInfoService->addVouchers(Object(Laravel\\Lumen\\Http\\Request))
#1 /var/www/html/vendor/illuminate/container/BoundMethod.php(36): Modules\\Account\\Http\\Controllers\\Manage\\UserInfoController->addVouchers(Object(Laravel\\Lumen\\Http\\Request))
#2 /var/www/html/vendor/illuminate/container/Util.php(41): Illuminate\\Container\\BoundMethod::Illuminate\\Container\\{closure}()
#3 /var/www/html/vendor/illuminate/container/BoundMethod.php(93): Illuminate\\Container\\Util::unwrapIfClosure(Object(Closure))
#4 /var/www/html/vendor/illuminate/container/BoundMethod.php(37): Illuminate\\Container\\BoundMethod::callBoundMethod(Object(Laravel\\Lumen\\Application), Array, Object(Closure))
#5 /var/www/html/vendor/illuminate/container/Container.php(661): Illuminate\\Container\\BoundMethod::call(Object(Laravel\\Lumen\\Application), Array, Array, NULL)
#6 /var/www/html/vendor/laravel/lumen-framework/src/Concerns/RoutesRequests.php(391): Illuminate\\Container\\Container->call(Array, Array)
#7 /var/www/html/vendor/laravel/lumen-framework/src/Concerns/RoutesRequests.php(357): Laravel\\Lumen\\Application->callControllerCallable(Array, Array)
#8 /var/www/html/vendor/laravel/lumen-framework/src/Concerns/RoutesRequests.php(331): Laravel\\Lumen\\Application->callLumenController(Object(Modules\\Account\\Http\\Controllers\\Manage\\UserInfoController), 'addVouchers', Array)
#9 /var/www/html/vendor/laravel/lumen-framework/src/Concerns/RoutesRequests.php(284): Laravel\\Lumen\\Application->callControllerAction(Array)
#10 /var/www/html/vendor/laravel/lumen-framework/src/Concerns/RoutesRequests.php(264): Laravel\\Lumen\\Application->callActionOnArrayBasedRoute(Array)
#11 /var/www/html/vendor/laravel/lumen-framework/src/Routing/Pipeline.php(48): Laravel\\Lumen\\Application->Laravel\\Lumen\\Concerns\\{closure}(Object(Laravel\\Lumen\\Http\\Request))
#12 /var/www/html/app/Middleware/AdminAuthenticate.php(43): Laravel\\Lumen\\Routing\\Pipeline->Laravel\\Lumen\\Routing\\{closure}(Object(Laravel\\Lumen\\Http\\Request))
#13 /var/www/html/vendor/illuminate/pipeline/Pipeline.php(180): App\\Middleware\\AdminAuthenticate->handle(Object(Laravel\\Lumen\\Http\\Request), Object(Closure))
#14 /var/www/html/vendor/laravel/lumen-framework/src/Routing/Pipeline.php(30): Illuminate\\Pipeline\\Pipeline->Illuminate\\Pipeline\\{closure}(Object(Laravel\\Lumen\\Http\\Request))
#15 /var/www/html/app/Middleware/Authenticate.php(45): Laravel\\Lumen\\Routing\\Pipeline->Laravel\\Lumen\\Routing\\{closure}(Object(Laravel\\Lumen\\Http\\Request))
#16 /var/www/html/vendor/illuminate/pipeline/Pipeline.php(180): App\\Middleware\\Authenticate->handle(Object(Laravel\\Lumen\\Http\\Request), Object(Closure))
#17 /var/www/html/vendor/laravel/lumen-framework/src/Routing/Pipeline.php(30): Illuminate\\Pipeline\\Pipeline->Illuminate\\Pipeline\\{closure}(Object(Laravel\\Lumen\\Http\\Request))
#18 /var/www/html/vendor/illuminate/pipeline/Pipeline.php(116): Laravel\\Lumen\\Routing\\Pipeline->Laravel\\Lumen\\Routing\\{closure}(Object(Laravel\\Lumen\\Http\\Request))
#19 /var/www/html/vendor/laravel/lumen-framework/src/Concerns/RoutesRequests.php(428): Illuminate\\Pipeline\\Pipeline->then(Object(Closure))
#20 /var/www/html/vendor/laravel/lumen-framework/src/Concerns/RoutesRequests.php(265): Laravel\\Lumen\\Application->sendThroughPipeline(Array, Object(Closure))
#21 /var/www/html/vendor/laravel/lumen-framework/src/Concerns/RoutesRequests.php(171): Laravel\\Lumen\\Application->handleFoundRoute(Array)
#22 /var/www/html/vendor/laravel/lumen-framework/src/Routing/Pipeline.php(48): Laravel\\Lumen\\Application->Laravel\\Lumen\\Concerns\\{closure}(Object(Laravel\\Lumen\\Http\\Request))
#23 /var/www/html/app/Middleware/CrossMiddleware.php(48): Laravel\\Lumen\\Routing\\Pipeline->Laravel\\Lumen\\Routing\\{closure}(Object(Laravel\\Lumen\\Http\\Request))
#24 /var/www/html/vendor/illuminate/pipeline/Pipeline.php(180): App\\Middleware\\CrossMiddleware->handle(Object(Laravel\\Lumen\\Http\\Request), Object(Closure))
#25 /var/www/html/vendor/laravel/lumen-framework/src/Routing/Pipeline.php(30): Illuminate\\Pipeline\\Pipeline->Illuminate\\Pipeline\\{closure}(Object(Laravel\\Lumen\\Http\\Request))
#26 /var/www/html/vendor/illuminate/pipeline/Pipeline.php(116): Laravel\\Lumen\\Routing\\Pipeline->Laravel\\Lumen\\Routing\\{closure}(Object(Laravel\\Lumen\\Http\\Request))
#27 /var/www/html/vendor/laravel/lumen-framework/src/Concerns/RoutesRequests.php(428): Illuminate\\Pipeline\\Pipeline->then(Object(Closure))
#28 /var/www/html/vendor/laravel/lumen-framework/src/Concerns/RoutesRequests.php(177): Laravel\\Lumen\\Application->sendThroughPipeline(Array, Object(Closure))
#29 /var/www/html/vendor/laravel/lumen-framework/src/Concerns/RoutesRequests.php(112): Laravel\\Lumen\\Application->dispatch(NULL)
#30 /var/www/html/public/index.php(28): Laravel\\Lumen\\Application->run()
#31 {main}
"} 
[2026-09-23 10:20:23] production.ERROR: 用户Id不能为空 {"exception":"[object] (App\\Exceptions\\ErrorException(code: 200): 用户Id不能为空 at /var/www/html/modules/Account/Services/UserInfoService.php:507)
[stacktrace]
#0 /var/www/html/modules/Account/Http/Controllers/Manage/UserInfoController.php(181): Modules\\Account\\Services\\UserInfoService->editState(Object(Laravel\\Lumen\\Http\\Request))
#1 /var/www/html/vendor/illuminate/container/BoundMethod.php(36): Modules\\Account\\Http\\Controllers\\Manage\\UserInfoController->editState(Object(Laravel\\Lumen\\Http\\Request))
#2 /var/www/html/vendor/illuminate/container/Util.php(41): Illuminate\\Container\\BoundMethod::Illuminate\\Container\\{closure}()
#3 /var/www/html/vendor/illuminate/container/BoundMethod.php(93): Illuminate\\Container\\Util::unwrapIfClosure(Object(Closure))
#4 /var/www/html/vendor/illuminate/container/BoundMethod.php(37): Illuminate\\Container\\BoundMethod::callBoundMethod(Object(Laravel\\Lumen\\Application), Array, Object(Closure))
#5 /var/www/html/vendor/illuminate/container/Container.php(661): Illuminate\\Container\\BoundMethod::call(Object(Laravel\\Lumen\\Application), Array, Array, NULL)
#6 /var/www/html/vendor/laravel/lumen-framework/src/Concerns/RoutesRequests.php(391): Illuminate\\Container\\Container->call(Array, Array)
#7 /var/www/html/vendor/laravel/lumen-framework/src/Concerns/RoutesRequests.php(357): Laravel\\Lumen\\Application->callControllerCallable(Array, Array)
#8 /var/www/html/vendor/laravel/lumen-framework/src/Concerns/RoutesRequests.php(331): Laravel\\Lumen\\Application->callLumenController(Object(Modules\\Account\\Http\\Controllers\\Manage\\UserInfoController), 'editState', Array)
#9 /var/www/html/vendor/laravel/lumen-framework/src/Concerns/RoutesRequests.php(284): Laravel\\Lumen\\Application->callControllerAction(Array)
#10 /var/www/html/vendor/laravel/lumen-framework/src/Concerns/RoutesRequests.php(264): Laravel\\Lumen\\Application->callActionOnArrayBasedRoute(Array)
#11 /var/www/html/vendor/laravel/lumen-framework/src/Routing/Pipeline.php(48): Laravel\\Lumen\\Application->Laravel\\Lumen\\Concerns\\{closure}(Object(Laravel\\Lumen\\Http\\Request))
#12 /var/www/html/app/Middleware/AdminAuthenticate.php(43): Laravel\\Lumen\\Routing\\Pipeline->Laravel\\Lumen\\Routing\\{closure}(Object(Laravel\\Lumen\\Http\\Request))
#13 /var/www/html/vendor/illuminate/pipeline/Pipeline.php(180): App\\Middleware\\AdminAuthenticate->handle(Object(Laravel\\Lumen\\Http\\Request), Object(Closure))
#14 /var/www/html/vendor/laravel/lumen-framework/src/Routing/Pipeline.php(30): Illuminate\\Pipeline\\Pipeline->Illuminate\\Pipeline\\{closure}(Object(Laravel\\Lumen\\Http\\Request))
#15 /var/www/html/app/Middleware/Authenticate.php(45): Laravel\\Lumen\\Routing\\Pipeline->Laravel\\Lumen\\Routing\\{closure}(Object(Laravel\\Lumen\\Http\\Request))
#16 /var/www/html/vendor/illuminate/pipeline/Pipeline.php(180): App\\Middleware\\Authenticate->handle(Object(Laravel\\Lumen\\Http\\Request), Object(Closure))
#17 /var/www/html/vendor/laravel/lumen-framework/src/Routing/Pipeline.php(30): Illuminate\\Pipeline\\Pipeline->Illuminate\\Pipeline\\{closure}(Object(Laravel\\Lumen\\Http\\Request))
#18 /var/www/html/vendor/illuminate/pipeline/Pipeline.php(116): Laravel\\Lumen\\Routing\\Pipeline->Laravel\\Lumen\\Routing\\{closure}(Object(Laravel\\Lumen\\Http\\Request))
#19 /var/www/html/vendor/laravel/lumen-framework/src/Concerns/RoutesRequests.php(428): Illuminate\\Pipeline\\Pipeline->then(Object(Closure))
#20 /var/www/html/vendor/laravel/lumen-framework/src/Concerns/RoutesRequests.php(265): Laravel\\Lumen\\Application->sendThroughPipeline(Array, Object(Closure))
#21 /var/www/html/vendor/laravel/lumen-framework/src/Concerns/RoutesRequests.php(171): Laravel\\Lumen\\Application->handleFoundRoute(Array)
#22 /var/www/html/vendor/laravel/lumen-framework/src/Routing/Pipeline.php(48): Laravel\\Lumen\\Application->Laravel\\Lumen\\Concerns\\{closure}(Object(Laravel\\Lumen\\Http\\Request))
#23 /var/www/html/app/Middleware/CrossMiddleware.php(48): Laravel\\Lumen\\Routing\\Pipeline->Laravel\\Lumen\\Routing\\{closure}(Object(Laravel\\Lumen\\Http\\Request))
#24 /var/www/html/vendor/illuminate/pipeline/Pipeline.php(180): App\\Middleware\\CrossMiddleware->handle(Object(Laravel\\Lumen\\Http\\Request), Object(Closure))
#25 /var/www/html/vendor/laravel/lumen-framework/src/Routing/Pipeline.php(30): Illuminate\\Pipeline\\Pipeline->Illuminate\\Pipeline\\{closure}(Object(Laravel\\Lumen\\Http\\Request))
#26 /var/www/html/vendor/illuminate/pipeline/Pipeline.php(116): Laravel\\Lumen\\Routing\\Pipeline->Laravel\\Lumen\\Routing\\{closure}(Object(Laravel\\Lumen\\Http\\Request))
#27 /var/www/html/vendor/laravel/lumen-framework/src/Concerns/RoutesRequests.php(428): Illuminate\\Pipeline\\Pipeline->then(Object(Closure))
#28 /var/www/html/vendor/laravel/lumen-framework/src/Concerns/RoutesRequests.php(177): Laravel\\Lumen\\Application->sendThroughPipeline(Array, Object(Closure))
#29 /var/www/html/vendor/laravel/lumen-framework/src/Concerns/RoutesRequests.php(112): Laravel\\Lumen\\Application->dispatch(NULL)
#30 /var/www/html/public/index.php(28): Laravel\\Lumen\\Application->run()
#31 {main}
"} 
[2026-09-23 10:20:40] production.ERROR: 用户Id不能为空 {"exception":"[object] (App\\Exceptions\\ErrorException(code: 200): 用户Id不能为空 at /var/www/html/modules/Account/Services/UserInfoService.php:507)
[stacktrace]
#0 /var/www/html/modules/Account/Http/Controllers/Manage/UserInfoController.php(181): Modules\\Account\\Services\\UserInfoService->editState(Object(Laravel\\Lumen\\Http\\Request))
#1 /var/www/html/vendor/illuminate/container/BoundMethod.php(36): Modules\\Account\\Http\\Controllers\\Manage\\UserInfoController->editState(Object(Laravel\\Lumen\\Http\\Request))
#2 /var/www/html/vendor/illuminate/container/Util.php(41): Illuminate\\Container\\BoundMethod::Illuminate\\Container\\{closure}()
#3 /var/www/html/vendor/illuminate/container/BoundMethod.php(93): Illuminate\\Container\\Util::unwrapIfClosure(Object(Closure))
#4 /var/www/html/vendor/illuminate/container/BoundMethod.php(37): Illuminate\\Container\\BoundMethod::callBoundMethod(Object(Laravel\\Lumen\\Application), Array, Object(Closure))
#5 /var/www/html/vendor/illuminate/container/Container.php(661): Illuminate\\Container\\BoundMethod::call(Object(Laravel\\Lumen\\Application), Array, Array, NULL)
#6 /var/www/html/vendor/laravel/lumen-framework/src/Concerns/RoutesRequests.php(391): Illuminate\\Container\\Container->call(Array, Array)
#7 /var/www/html/vendor/laravel/lumen-framework/src/Concerns/RoutesRequests.php(357): Laravel\\Lumen\\Application->callControllerCallable(Array, Array)
#8 /var/www/html/vendor/laravel/lumen-framework/src/Concerns/RoutesRequests.php(331): Laravel\\Lumen\\Application->callLumenController(Object(Modules\\Account\\Http\\Controllers\\Manage\\UserInfoController), 'editState', Array)
#9 /var/www/html/vendor/laravel/lumen-framework/src/Concerns/RoutesRequests.php(284): Laravel\\Lumen\\Application->callControllerAction(Array)
#10 /var/www/html/vendor/laravel/lumen-framework/src/Concerns/RoutesRequests.php(264): Laravel\\Lumen\\Application->callActionOnArrayBasedRoute(Array)
#11 /var/www/html/vendor/laravel/lumen-framework/src/Routing/Pipeline.php(48): Laravel\\Lumen\\Application->Laravel\\Lumen\\Concerns\\{closure}(Object(Laravel\\Lumen\\Http\\Request))
#12 /var/www/html/app/Middleware/AdminAuthenticate.php(43): Laravel\\Lumen\\Routing\\Pipeline->Laravel\\Lumen\\Routing\\{closure}(Object(Laravel\\Lumen\\Http\\Request))
#13 /var/www/html/vendor/illuminate/pipeline/Pipeline.php(180): App\\Middleware\\AdminAuthenticate->handle(Object(Laravel\\Lumen\\Http\\Request), Object(Closure))
#14 /var/www/html/vendor/laravel/lumen-framework/src/Routing/Pipeline.php(30): Illuminate\\Pipeline\\Pipeline->Illuminate\\Pipeline\\{closure}(Object(Laravel\\Lumen\\Http\\Request))
#15 /var/www/html/app/Middleware/Authenticate.php(45): Laravel\\Lumen\\Routing\\Pipeline->Laravel\\Lumen\\Routing\\{closure}(Object(Laravel\\Lumen\\Http\\Request))
#16 /var/www/html/vendor/illuminate/pipeline/Pipeline.php(180): App\\Middleware\\Authenticate->handle(Object(Laravel\\Lumen\\Http\\Request), Object(Closure))
#17 /var/www/html/vendor/laravel/lumen-framework/src/Routing/Pipeline.php(30): Illuminate\\Pipeline\\Pipeline->Illuminate\\Pipeline\\{closure}(Object(Laravel\\Lumen\\Http\\Request))
#18 /var/www/html/vendor/illuminate/pipeline/Pipeline.php(116): Laravel\\Lumen\\Routing\\Pipeline->Laravel\\Lumen\\Routing\\{closure}(Object(Laravel\\Lumen\\Http\\Request))
#19 /var/www/html/vendor/laravel/lumen-framework/src/Concerns/RoutesRequests.php(428): Illuminate\\Pipeline\\Pipeline->then(Object(Closure))
#20 /var/www/html/vendor/laravel/lumen-framework/src/Concerns/RoutesRequests.php(265): Laravel\\Lumen\\Application->sendThroughPipeline(Array, Object(Closure))
#21 /var/www/html/vendor/laravel/lumen-framework/src/Concerns/RoutesRequests.php(171): Laravel\\Lumen\\Application->handleFoundRoute(Array)
#22 /var/www/html/vendor/laravel/lumen-framework/src/Routing/Pipeline.php(48): Laravel\\Lumen\\Application->Laravel\\Lumen\\Concerns\\{closure}(Object(Laravel\\Lumen\\Http\\Request))
#23 /var/www/html/app/Middleware/CrossMiddleware.php(48): Laravel\\Lumen\\Routing\\Pipeline->Laravel\\Lumen\\Routing\\{closure}(Object(Laravel\\Lumen\\Http\\Request))
#24 /var/www/html/vendor/illuminate/pipeline/Pipeline.php(180): App\\Middleware\\CrossMiddleware->handle(Object(Laravel\\Lumen\\Http\\Request), Object(Closure))
#25 /var/www/html/vendor/laravel/lumen-framework/src/Routing/Pipeline.php(30): Illuminate\\Pipeline\\Pipeline->Illuminate\\Pipeline\\{closure}(Object(Laravel\\Lumen\\Http\\Request))
#26 /var/www/html/vendor/illuminate/pipeline/Pipeline.php(116): Laravel\\Lumen\\Routing\\Pipeline->Laravel\\Lumen\\Routing\\{closure}(Object(Laravel\\Lumen\\Http\\Request))
#27 /var/www/html/vendor/laravel/lumen-framework/src/Concerns/RoutesRequests.php(428): Illuminate\\Pipeline\\Pipeline->then(Object(Closure))
#28 /var/www/html/vendor/laravel/lumen-framework/src/Concerns/RoutesRequests.php(177): Laravel\\Lumen\\Application->sendThroughPipeline(Array, Object(Closure))
#29 /var/www/html/vendor/laravel/lumen-framework/src/Concerns/RoutesRequests.php(112): Laravel\\Lumen\\Application->dispatch(NULL)
#30 /var/www/html/public/index.php(28): Laravel\\Lumen\\Application->run()
#31 {main}
"} 
[2026-09-23 10:20:40] production.ERROR: 请先选择会员 {"exception":"[object] (App\\Exceptions\\ErrorException(code: 200): 请先选择会员 at /var/www/html/modules/Account/Services/UserInfoService.php:561)
[stacktrace]
#0 /var/www/html/modules/Account/Http/Controllers/Manage/UserInfoController.php(194): Modules\\Account\\Services\\UserInfoService->addTags(Object(Laravel\\Lumen\\Http\\Request))
#1 /var/www/html/vendor/illuminate/container/BoundMethod.php(36): Modules\\Account\\Http\\Controllers\\Manage\\UserInfoController->addTags(Object(Laravel\\Lumen\\Http\\Request))
#2 /var/www/html/vendor/illuminate/container/Util.php(41): Illuminate\\Container\\BoundMethod::Illuminate\\Container\\{closure}()
#3 /var/www/html/vendor/illuminate/container/BoundMethod.php(93): Illuminate\\Container\\Util::unwrapIfClosure(Object(Closure))
#4 /var/www/html/vendor/illuminate/container/BoundMethod.php(37): Illuminate\\Container\\BoundMethod::callBoundMethod(Object(Laravel\\Lumen\\Application), Array, Object(Closure))
#5 /var/www/html/vendor/illuminate/container/Container.php(661): Illuminate\\Container\\BoundMethod::call(Object(Laravel\\Lumen\\Application), Array, Array, NULL)
#6 /var/www/html/vendor/laravel/lumen-framework/src/Concerns/RoutesRequests.php(391): Illuminate\\Container\\Container->call(Array, Array)
#7 /var/www/html/vendor/laravel/lumen-framework/src/Concerns/RoutesRequests.php(357): Laravel\\Lumen\\Application->callControllerCallable(Array, Array)
#8 /var/www/html/vendor/laravel/lumen-framework/src/Concerns/RoutesRequests.php(331): Laravel\\Lumen\\Application->callLumenController(Object(Modules\\Account\\Http\\Controllers\\Manage\\UserInfoController), 'addTags', Array)
#9 /var/www/html/vendor/laravel/lumen-framework/src/Concerns/RoutesRequests.php(284): Laravel\\Lumen\\Application->callControllerAction(Array)
#10 /var/www/html/vendor/laravel/lumen-framework/src/Concerns/RoutesRequests.php(264): Laravel\\Lumen\\Application->callActionOnArrayBasedRoute(Array)
#11 /var/www/html/vendor/laravel/lumen-framework/src/Routing/Pipeline.php(48): Laravel\\Lumen\\Application->Laravel\\Lumen\\Concerns\\{closure}(Object(Laravel\\Lumen\\Http\\Request))
#12 /var/www/html/app/Middleware/AdminAuthenticate.php(43): Laravel\\Lumen\\Routing\\Pipeline->Laravel\\Lumen\\Routing\\{closure}(Object(Laravel\\Lumen\\Http\\Request))
#13 /var/www/html/vendor/illuminate/pipeline/Pipeline.php(180): App\\Middleware\\AdminAuthenticate->handle(Object(Laravel\\Lumen\\Http\\Request), Object(Closure))
#14 /var/www/html/vendor/laravel/lumen-framework/src/Routing/Pipeline.php(30): Illuminate\\Pipeline\\Pipeline->Illuminate\\Pipeline\\{closure}(Object(Laravel\\Lumen\\Http\\Request))
#15 /var/www/html/app/Middleware/Authenticate.php(45): Laravel\\Lumen\\Routing\\Pipeline->Laravel\\Lumen\\Routing\\{closure}(Object(Laravel\\Lumen\\Http\\Request))
#16 /var/www/html/vendor/illuminate/pipeline/Pipeline.php(180): App\\Middleware\\Authenticate->handle(Object(Laravel\\Lumen\\Http\\Request), Object(Closure))
#17 /var/www/html/vendor/laravel/lumen-framework/src/Routing/Pipeline.php(30): Illuminate\\Pipeline\\Pipeline->Illuminate\\Pipeline\\{closure}(Object(Laravel\\Lumen\\Http\\Request))
#18 /var/www/html/vendor/illuminate/pipeline/Pipeline.php(116): Laravel\\Lumen\\Routing\\Pipeline->Laravel\\Lumen\\Routing\\{closure}(Object(Laravel\\Lumen\\Http\\Request))
#19 /var/www/html/vendor/laravel/lumen-framework/src/Concerns/RoutesRequests.php(428): Illuminate\\Pipeline\\Pipeline->then(Object(Closure))
#20 /var/www/html/vendor/laravel/lumen-framework/src/Concerns/RoutesRequests.php(265): Laravel\\Lumen\\Application->sendThroughPipeline(Array, Object(Closure))
#21 /var/www/html/vendor/laravel/lumen-framework/src/Concerns/RoutesRequests.php(171): Laravel\\Lumen\\Application->handleFoundRoute(Array)
#22 /var/www/html/vendor/laravel/lumen-framework/src/Routing/Pipeline.php(48): Laravel\\Lumen\\Application->Laravel\\Lumen\\Concerns\\{closure}(Object(Laravel\\Lumen\\Http\\Request))
#23 /var/www/html/app/Middleware/CrossMiddleware.php(48): Laravel\\Lumen\\Routing\\Pipeline->Laravel\\Lumen\\Routing\\{closure}(Object(Laravel\\Lumen\\Http\\Request))
#24 /var/www/html/vendor/illuminate/pipeline/Pipeline.php(180): App\\Middleware\\CrossMiddleware->handle(Object(Laravel\\Lumen\\Http\\Request), Object(Closure))
#25 /var/www/html/vendor/laravel/lumen-framework/src/Routing/Pipeline.php(30): Illuminate\\Pipeline\\Pipeline->Illuminate\\Pipeline\\{closure}(Object(Laravel\\Lumen\\Http\\Request))
#26 /var/www/html/vendor/illuminate/pipeline/Pipeline.php(116): Laravel\\Lumen\\Routing\\Pipeline->Laravel\\Lumen\\Routing\\{closure}(Object(Laravel\\Lumen\\Http\\Request))
#27 /var/www/html/vendor/laravel/lumen-framework/src/Concerns/RoutesRequests.php(428): Illuminate\\Pipeline\\Pipeline->then(Object(Closure))
#28 /var/www/html/vendor/laravel/lumen-framework/src/Concerns/RoutesRequests.php(177): Laravel\\Lumen\\Application->sendThroughPipeline(Array, Object(Closure))
#29 /var/www/html/vendor/laravel/lumen-framework/src/Concerns/RoutesRequests.php(112): Laravel\\Lumen\\Application->dispatch(NULL)
#30 /var/www/html/public/index.php(28): Laravel\\Lumen\\Application->run()
#31 {main}
"} 
[2026-09-23 10:20:40] production.ERROR: 请选择优惠券 {"exception":"[object] (App\\Exceptions\\ErrorException(code: 200): 请选择优惠券 at /var/www/html/modules/Account/Services/UserInfoService.php:615)
[stacktrace]
#0 /var/www/html/modules/Account/Http/Controllers/Manage/UserInfoController.php(207): Modules\\Account\\Services\\UserInfoService->addVouchers(Object(Laravel\\Lumen\\Http\\Request))
#1 /var/www/html/vendor/illuminate/container/BoundMethod.php(36): Modules\\Account\\Http\\Controllers\\Manage\\UserInfoController->addVouchers(Object(Laravel\\Lumen\\Http\\Request))
#2 /var/www/html/vendor/illuminate/container/Util.php(41): Illuminate\\Container\\BoundMethod::Illuminate\\Container\\{closure}()
#3 /var/www/html/vendor/illuminate/container/BoundMethod.php(93): Illuminate\\Container\\Util::unwrapIfClosure(Object(Closure))
#4 /var/www/html/vendor/illuminate/container/BoundMethod.php(37): Illuminate\\Container\\BoundMethod::callBoundMethod(Object(Laravel\\Lumen\\Application), Array, Object(Closure))
#5 /var/www/html/vendor/illuminate/container/Container.php(661): Illuminate\\Container\\BoundMethod::call(Object(Laravel\\Lumen\\Application), Array, Array, NULL)
#6 /var/www/html/vendor/laravel/lumen-framework/src/Concerns/RoutesRequests.php(391): Illuminate\\Container\\Container->call(Array, Array)
#7 /var/www/html/vendor/laravel/lumen-framework/src/Concerns/RoutesRequests.php(357): Laravel\\Lumen\\Application->callControllerCallable(Array, Array)
#8 /var/www/html/vendor/laravel/lumen-framework/src/Concerns/RoutesRequests.php(331): Laravel\\Lumen\\Application->callLumenController(Object(Modules\\Account\\Http\\Controllers\\Manage\\UserInfoController), 'addVouchers', Array)
#9 /var/www/html/vendor/laravel/lumen-framework/src/Concerns/RoutesRequests.php(284): Laravel\\Lumen\\Application->callControllerAction(Array)
#10 /var/www/html/vendor/laravel/lumen-framework/src/Concerns/RoutesRequests.php(264): Laravel\\Lumen\\Application->callActionOnArrayBasedRoute(Array)
#11 /var/www/html/vendor/laravel/lumen-framework/src/Routing/Pipeline.php(48): Laravel\\Lumen\\Application->Laravel\\Lumen\\Concerns\\{closure}(Object(Laravel\\Lumen\\Http\\Request))
#12 /var/www/html/app/Middleware/AdminAuthenticate.php(43): Laravel\\Lumen\\Routing\\Pipeline->Laravel\\Lumen\\Routing\\{closure}(Object(Laravel\\Lumen\\Http\\Request))
#13 /var/www/html/vendor/illuminate/pipeline/Pipeline.php(180): App\\Middleware\\AdminAuthenticate->handle(Object(Laravel\\Lumen\\Http\\Request), Object(Closure))
#14 /var/www/html/vendor/laravel/lumen-framework/src/Routing/Pipeline.php(30): Illuminate\\Pipeline\\Pipeline->Illuminate\\Pipeline\\{closure}(Object(Laravel\\Lumen\\Http\\Request))
#15 /var/www/html/app/Middleware/Authenticate.php(45): Laravel\\Lumen\\Routing\\Pipeline->Laravel\\Lumen\\Routing\\{closure}(Object(Laravel\\Lumen\\Http\\Request))
#16 /var/www/html/vendor/illuminate/pipeline/Pipeline.php(180): App\\Middleware\\Authenticate->handle(Object(Laravel\\Lumen\\Http\\Request), Object(Closure))
#17 /var/www/html/vendor/laravel/lumen-framework/src/Routing/Pipeline.php(30): Illuminate\\Pipeline\\Pipeline->Illuminate\\Pipeline\\{closure}(Object(Laravel\\Lumen\\Http\\Request))
#18 /var/www/html/vendor/illuminate/pipeline/Pipeline.php(116): Laravel\\Lumen\\Routing\\Pipeline->Laravel\\Lumen\\Routing\\{closure}(Object(Laravel\\Lumen\\Http\\Request))
#19 /var/www/html/vendor/laravel/lumen-framework/src/Concerns/RoutesRequests.php(428): Illuminate\\Pipeline\\Pipeline->then(Object(Closure))
#20 /var/www/html/vendor/laravel/lumen-framework/src/Concerns/RoutesRequests.php(265): Laravel\\Lumen\\Application->sendThroughPipeline(Array, Object(Closure))
#21 /var/www/html/vendor/laravel/lumen-framework/src/Concerns/RoutesRequests.php(171): Laravel\\Lumen\\Application->handleFoundRoute(Array)
#22 /var/www/html/vendor/laravel/lumen-framework/src/Routing/Pipeline.php(48): Laravel\\Lumen\\Application->Laravel\\Lumen\\Concerns\\{closure}(Object(Laravel\\Lumen\\Http\\Request))
#23 /var/www/html/app/Middleware/CrossMiddleware.php(48): Laravel\\Lumen\\Routing\\Pipeline->Laravel\\Lumen\\Routing\\{closure}(Object(Laravel\\Lumen\\Http\\Request))
#24 /var/www/html/vendor/illuminate/pipeline/Pipeline.php(180): App\\Middleware\\CrossMiddleware->handle(Object(Laravel\\Lumen\\Http\\Request), Object(Closure))
#25 /var/www/html/vendor/laravel/lumen-framework/src/Routing/Pipeline.php(30): Illuminate\\Pipeline\\Pipeline->Illuminate\\Pipeline\\{closure}(Object(Laravel\\Lumen\\Http\\Request))
#26 /var/www/html/vendor/illuminate/pipeline/Pipeline.php(116): Laravel\\Lumen\\Routing\\Pipeline->Laravel\\Lumen\\Routing\\{closure}(Object(Laravel\\Lumen\\Http\\Request))
#27 /var/www/html/vendor/laravel/lumen-framework/src/Concerns/RoutesRequests.php(428): Illuminate\\Pipeline\\Pipeline->then(Object(Closure))
#28 /var/www/html/vendor/laravel/lumen-framework/src/Concerns/RoutesRequests.php(177): Laravel\\Lumen\\Application->sendThroughPipeline(Array, Object(Closure))
#29 /var/www/html/vendor/laravel/lumen-framework/src/Concerns/RoutesRequests.php(112): Laravel\\Lumen\\Application->dispatch(NULL)
#30 /var/www/html/public/index.php(28): Laravel\\Lumen\\Application->run()
#31 {main}
"} 
[2026-09-23 10:20:40] production.ERROR: 收件人名称不能为空 {"exception":"[object] (App\\Exceptions\\ErrorException(code: 200): 收件人名称不能为空 at /var/www/html/modules/Account/Repositories/Validators/UserDeliveryAddressValidator.php:28)
[stacktrace]
#0 /var/www/html/modules/Account/Http/Controllers/Manage/DeliveryAddressController.php(64): Modules\\Account\\Repositories\\Validators\\UserDeliveryAddressValidator->passesOrFail('create')
#1 /var/www/html/vendor/illuminate/container/BoundMethod.php(36): Modules\\Account\\Http\\Controllers\\Manage\\DeliveryAddressController->add(Object(Laravel\\Lumen\\Http\\Request))
#2 /var/www/html/vendor/illuminate/container/Util.php(41): Illuminate\\Container\\BoundMethod::Illuminate\\Container\\{closure}()
#3 /var/www/html/vendor/illuminate/container/BoundMethod.php(93): Illuminate\\Container\\Util::unwrapIfClosure(Object(Closure))
#4 /var/www/html/vendor/illuminate/container/BoundMethod.php(37): Illuminate\\Container\\BoundMethod::callBoundMethod(Object(Laravel\\Lumen\\Application), Array, Object(Closure))
#5 /var/www/html/vendor/illuminate/container/Container.php(661): Illuminate\\Container\\BoundMethod::call(Object(Laravel\\Lumen\\Application), Array, Array, NULL)
#6 /var/www/html/vendor/laravel/lumen-framework/src/Concerns/RoutesRequests.php(391): Illuminate\\Container\\Container->call(Array, Array)
#7 /var/www/html/vendor/laravel/lumen-framework/src/Concerns/RoutesRequests.php(357): Laravel\\Lumen\\Application->callControllerCallable(Array, Array)
#8 /var/www/html/vendor/laravel/lumen-framework/src/Concerns/RoutesRequests.php(331): Laravel\\Lumen\\Application->callLumenController(Object(Modules\\Account\\Http\\Controllers\\Manage\\DeliveryAddressController), 'add', Array)
#9 /var/www/html/vendor/laravel/lumen-framework/src/Concerns/RoutesRequests.php(284): Laravel\\Lumen\\Application->callControllerAction(Array)
#10 /var/www/html/vendor/laravel/lumen-framework/src/Concerns/RoutesRequests.php(264): Laravel\\Lumen\\Application->callActionOnArrayBasedRoute(Array)
#11 /var/www/html/vendor/laravel/lumen-framework/src/Routing/Pipeline.php(48): Laravel\\Lumen\\Application->Laravel\\Lumen\\Concerns\\{closure}(Object(Laravel\\Lumen\\Http\\Request))
#12 /var/www/html/app/Middleware/AdminAuthenticate.php(43): Laravel\\Lumen\\Routing\\Pipeline->Laravel\\Lumen\\Routing\\{closure}(Object(Laravel\\Lumen\\Http\\Request))
#13 /var/www/html/vendor/illuminate/pipeline/Pipeline.php(180): App\\Middleware\\AdminAuthenticate->handle(Object(Laravel\\Lumen\\Http\\Request), Object(Closure))
#14 /var/www/html/vendor/laravel/lumen-framework/src/Routing/Pipeline.php(30): Illuminate\\Pipeline\\Pipeline->Illuminate\\Pipeline\\{closure}(Object(Laravel\\Lumen\\Http\\Request))
#15 /var/www/html/app/Middleware/Authenticate.php(45): Laravel\\Lumen\\Routing\\Pipeline->Laravel\\Lumen\\Routing\\{closure}(Object(Laravel\\Lumen\\Http\\Request))
#16 /var/www/html/vendor/illuminate/pipeline/Pipeline.php(180): App\\Middleware\\Authenticate->handle(Object(Laravel\\Lumen\\Http\\Request), Object(Closure))
#17 /var/www/html/vendor/laravel/lumen-framework/src/Routing/Pipeline.php(30): Illuminate\\Pipeline\\Pipeline->Illuminate\\Pipeline\\{closure}(Object(Laravel\\Lumen\\Http\\Request))
#18 /var/www/html/vendor/illuminate/pipeline/Pipeline.php(116): Laravel\\Lumen\\Routing\\Pipeline->Laravel\\Lumen\\Routing\\{closure}(Object(Laravel\\Lumen\\Http\\Request))
#19 /var/www/html/vendor/laravel/lumen-framework/src/Concerns/RoutesRequests.php(428): Illuminate\\Pipeline\\Pipeline->then(Object(Closure))
#20 /var/www/html/vendor/laravel/lumen-framework/src/Concerns/RoutesRequests.php(265): Laravel\\Lumen\\Application->sendThroughPipeline(Array, Object(Closure))
#21 /var/www/html/vendor/laravel/lumen-framework/src/Concerns/RoutesRequests.php(171): Laravel\\Lumen\\Application->handleFoundRoute(Array)
#22 /var/www/html/vendor/laravel/lumen-framework/src/Routing/Pipeline.php(48): Laravel\\Lumen\\Application->Laravel\\Lumen\\Concerns\\{closure}(Object(Laravel\\Lumen\\Http\\Request))
#23 /var/www/html/app/Middleware/CrossMiddleware.php(48): Laravel\\Lumen\\Routing\\Pipeline->Laravel\\Lumen\\Routing\\{closure}(Object(Laravel\\Lumen\\Http\\Request))
#24 /var/www/html/vendor/illuminate/pipeline/Pipeline.php(180): App\\Middleware\\CrossMiddleware->handle(Object(Laravel\\Lumen\\Http\\Request), Object(Closure))
#25 /var/www/html/vendor/laravel/lumen-framework/src/Routing/Pipeline.php(30): Illuminate\\Pipeline\\Pipeline->Illuminate\\Pipeline\\{closure}(Object(Laravel\\Lumen\\Http\\Request))
#26 /var/www/html/vendor/illuminate/pipeline/Pipeline.php(116): Laravel\\Lumen\\Routing\\Pipeline->Laravel\\Lumen\\Routing\\{closure}(Object(Laravel\\Lumen\\Http\\Request))
#27 /var/www/html/vendor/laravel/lumen-framework/src/Concerns/RoutesRequests.php(428): Illuminate\\Pipeline\\Pipeline->then(Object(Closure))
#28 /var/www/html/vendor/laravel/lumen-framework/src/Concerns/RoutesRequests.php(177): Laravel\\Lumen\\Application->sendThroughPipeline(Array, Object(Closure))
#29 /var/www/html/vendor/laravel/lumen-framework/src/Concerns/RoutesRequests.php(112): Laravel\\Lumen\\Application->dispatch(NULL)
#30 /var/www/html/public/index.php(28): Laravel\\Lumen\\Application->run()
#31 {main}
"} 
[2026-09-23 10:20:40] production.ERROR: 修改失败: No query results for model [Modules\Account\Repositories\Models\UserDistribution] 10001 {"exception":"[object] (App\\Exceptions\\ErrorException(code: 200): 修改失败: No query results for model [Modules\\Account\\Repositories\\Models\\UserDistribution] 10001 at /var/www/html/vendor/kuteshop/core/src/Service/BaseService.php:3)
[stacktrace]
#0 /var/www/html/modules/Account/Http/Controllers/Manage/UserDistributionController.php(55): Kuteshop\\Core\\Service\\BaseService->edit(10001, Array)
#1 /var/www/html/vendor/illuminate/container/BoundMethod.php(36): Modules\\Account\\Http\\Controllers\\Manage\\UserDistributionController->editState(Object(Laravel\\Lumen\\Http\\Request))
#2 /var/www/html/vendor/illuminate/container/Util.php(41): Illuminate\\Container\\BoundMethod::Illuminate\\Container\\{closure}()
#3 /var/www/html/vendor/illuminate/container/BoundMethod.php(93): Illuminate\\Container\\Util::unwrapIfClosure(Object(Closure))
#4 /var/www/html/vendor/illuminate/container/BoundMethod.php(37): Illuminate\\Container\\BoundMethod::callBoundMethod(Object(Laravel\\Lumen\\Application), Array, Object(Closure))
#5 /var/www/html/vendor/illuminate/container/Container.php(661): Illuminate\\Container\\BoundMethod::call(Object(Laravel\\Lumen\\Application), Array, Array, NULL)
#6 /var/www/html/vendor/laravel/lumen-framework/src/Concerns/RoutesRequests.php(391): Illuminate\\Container\\Container->call(Array, Array)
#7 /var/www/html/vendor/laravel/lumen-framework/src/Concerns/RoutesRequests.php(357): Laravel\\Lumen\\Application->callControllerCallable(Array, Array)
#8 /var/www/html/vendor/laravel/lumen-framework/src/Concerns/RoutesRequests.php(331): Laravel\\Lumen\\Application->callLumenController(Object(Modules\\Account\\Http\\Controllers\\Manage\\UserDistributionController), 'editState', Array)
#9 /var/www/html/vendor/laravel/lumen-framework/src/Concerns/RoutesRequests.php(284): Laravel\\Lumen\\Application->callControllerAction(Array)
#10 /var/www/html/vendor/laravel/lumen-framework/src/Concerns/RoutesRequests.php(264): Laravel\\Lumen\\Application->callActionOnArrayBasedRoute(Array)
#11 /var/www/html/vendor/laravel/lumen-framework/src/Routing/Pipeline.php(48): Laravel\\Lumen\\Application->Laravel\\Lumen\\Concerns\\{closure}(Object(Laravel\\Lumen\\Http\\Request))
#12 /var/www/html/app/Middleware/AdminAuthenticate.php(43): Laravel\\Lumen\\Routing\\Pipeline->Laravel\\Lumen\\Routing\\{closure}(Object(Laravel\\Lumen\\Http\\Request))
#13 /var/www/html/vendor/illuminate/pipeline/Pipeline.php(180): App\\Middleware\\AdminAuthenticate->handle(Object(Laravel\\Lumen\\Http\\Request), Object(Closure))
#14 /var/www/html/vendor/laravel/lumen-framework/src/Routing/Pipeline.php(30): Illuminate\\Pipeline\\Pipeline->Illuminate\\Pipeline\\{closure}(Object(Laravel\\Lumen\\Http\\Request))
#15 /var/www/html/app/Middleware/Authenticate.php(45): Laravel\\Lumen\\Routing\\Pipeline->Laravel\\Lumen\\Routing\\{closure}(Object(Laravel\\Lumen\\Http\\Request))
#16 /var/www/html/vendor/illuminate/pipeline/Pipeline.php(180): App\\Middleware\\Authenticate->handle(Object(Laravel\\Lumen\\Http\\Request), Object(Closure))
#17 /var/www/html/vendor/laravel/lumen-framework/src/Routing/Pipeline.php(30): Illuminate\\Pipeline\\Pipeline->Illuminate\\Pipeline\\{closure}(Object(Laravel\\Lumen\\Http\\Request))
#18 /var/www/html/vendor/illuminate/pipeline/Pipeline.php(116): Laravel\\Lumen\\Routing\\Pipeline->Laravel\\Lumen\\Routing\\{closure}(Object(Laravel\\Lumen\\Http\\Request))
#19 /var/www/html/vendor/laravel/lumen-framework/src/Concerns/RoutesRequests.php(428): Illuminate\\Pipeline\\Pipeline->then(Object(Closure))
#20 /var/www/html/vendor/laravel/lumen-framework/src/Concerns/RoutesRequests.php(265): Laravel\\Lumen\\Application->sendThroughPipeline(Array, Object(Closure))
#21 /var/www/html/vendor/laravel/lumen-framework/src/Concerns/RoutesRequests.php(171): Laravel\\Lumen\\Application->handleFoundRoute(Array)
#22 /var/www/html/vendor/laravel/lumen-framework/src/Routing/Pipeline.php(48): Laravel\\Lumen\\Application->Laravel\\Lumen\\Concerns\\{closure}(Object(Laravel\\Lumen\\Http\\Request))
#23 /var/www/html/app/Middleware/CrossMiddleware.php(48): Laravel\\Lumen\\Routing\\Pipeline->Laravel\\Lumen\\Routing\\{closure}(Object(Laravel\\Lumen\\Http\\Request))
#24 /var/www/html/vendor/illuminate/pipeline/Pipeline.php(180): App\\Middleware\\CrossMiddleware->handle(Object(Laravel\\Lumen\\Http\\Request), Object(Closure))
#25 /var/www/html/vendor/laravel/lumen-framework/src/Routing/Pipeline.php(30): Illuminate\\Pipeline\\Pipeline->Illuminate\\Pipeline\\{closure}(Object(Laravel\\Lumen\\Http\\Request))
#26 /var/www/html/vendor/illuminate/pipeline/Pipeline.php(116): Laravel\\Lumen\\Routing\\Pipeline->Laravel\\Lumen\\Routing\\{closure}(Object(Laravel\\Lumen\\Http\\Request))
#27 /var/www/html/vendor/laravel/lumen-framework/src/Concerns/RoutesRequests.php(428): Illuminate\\Pipeline\\Pipeline->then(Object(Closure))
#28 /var/www/html/vendor/laravel/lumen-framework/src/Concerns/RoutesRequests.php(177): Laravel\\Lumen\\Application->sendThroughPipeline(Array, Object(Closure))
#29 /var/www/html/vendor/laravel/lumen-framework/src/Concerns/RoutesRequests.php(112): Laravel\\Lumen\\Application->dispatch(NULL)
#30 /var/www/html/public/index.php(28): Laravel\\Lumen\\Application->run()
#31 {main}
"} 
[2026-09-23 10:35:29] production.ERROR: Declaration of Modules\Sys\Services\DistrictBaseService::list($request) must be compatible with Kuteshop\Core\Service\BaseService::list(Illuminate\Http\Request $GzbzM, $sAGPB) {"exception":"[object] (Symfony\\Component\\ErrorHandler\\Error\\FatalError(code: 0): Declaration of Modules\\Sys\\Services\\DistrictBaseService::list($request) must be compatible with Kuteshop\\Core\\Service\\BaseService::list(Illuminate\\Http\\Request $GzbzM, $sAGPB) at /var/www/html/modules/Sys/Services/DistrictBaseService.php:58)
[stacktrace]
#0 {main}
"} 
[2026-09-23 10:35:29] production.ERROR: Declaration of Modules\Sys\Services\DistrictBaseService::list($request) must be compatible with Kuteshop\Core\Service\BaseService::list(Illuminate\Http\Request $GzbzM, $sAGPB) {"exception":"[object] (Symfony\\Component\\ErrorHandler\\Error\\FatalError(code: 0): Declaration of Modules\\Sys\\Services\\DistrictBaseService::list($request) must be compatible with Kuteshop\\Core\\Service\\BaseService::list(Illuminate\\Http\\Request $GzbzM, $sAGPB) at /var/www/html/modules/Sys/Services/DistrictBaseService.php:58)
[stacktrace]
#0 {main}
"} 
[2026-09-23 10:35:29] production.ERROR: Declaration of Modules\Sys\Services\DistrictBaseService::list($request) must be compatible with Kuteshop\Core\Service\BaseService::list(Illuminate\Http\Request $GzbzM, $sAGPB) {"exception":"[object] (Symfony\\Component\\ErrorHandler\\Error\\FatalError(code: 0): Declaration of Modules\\Sys\\Services\\DistrictBaseService::list($request) must be compatible with Kuteshop\\Core\\Service\\BaseService::list(Illuminate\\Http\\Request $GzbzM, $sAGPB) at /var/www/html/modules/Sys/Services/DistrictBaseService.php:58)
[stacktrace]
#0 {main}
"} 
[2026-09-23 10:35:29] production.ERROR: 请输入任务名称 {"exception":"[object] (App\\Exceptions\\ErrorException(code: 200): 请输入任务名称 at /var/www/html/modules/Sys/Services/CrontabBaseService.php:46)
[stacktrace]
#0 /var/www/html/modules/Sys/Http/Controllers/Manage/CrontabBaseController.php(42): Modules\\Sys\\Services\\CrontabBaseService->addCrontab(Object(Laravel\\Lumen\\Http\\Request))
#1 /var/www/html/vendor/illuminate/container/BoundMethod.php(36): Modules\\Sys\\Http\\Controllers\\Manage\\CrontabBaseController->add(Object(Laravel\\Lumen\\Http\\Request))
#2 /var/www/html/vendor/illuminate/container/Util.php(41): Illuminate\\Container\\BoundMethod::Illuminate\\Container\\{closure}()
#3 /var/www/html/vendor/illuminate/container/BoundMethod.php(93): Illuminate\\Container\\Util::unwrapIfClosure(Object(Closure))
#4 /var/www/html/vendor/illuminate/container/BoundMethod.php(37): Illuminate\\Container\\BoundMethod::callBoundMethod(Object(Laravel\\Lumen\\Application), Array, Object(Closure))
#5 /var/www/html/vendor/illuminate/container/Container.php(661): Illuminate\\Container\\BoundMethod::call(Object(Laravel\\Lumen\\Application), Array, Array, NULL)
#6 /var/www/html/vendor/laravel/lumen-framework/src/Concerns/RoutesRequests.php(391): Illuminate\\Container\\Container->call(Array, Array)
#7 /var/www/html/vendor/laravel/lumen-framework/src/Concerns/RoutesRequests.php(357): Laravel\\Lumen\\Application->callControllerCallable(Array, Array)
#8 /var/www/html/vendor/laravel/lumen-framework/src/Concerns/RoutesRequests.php(331): Laravel\\Lumen\\Application->callLumenController(Object(Modules\\Sys\\Http\\Controllers\\Manage\\CrontabBaseController), 'add', Array)
#9 /var/www/html/vendor/laravel/lumen-framework/src/Concerns/RoutesRequests.php(284): Laravel\\Lumen\\Application->callControllerAction(Array)
#10 /var/www/html/vendor/laravel/lumen-framework/src/Concerns/RoutesRequests.php(264): Laravel\\Lumen\\Application->callActionOnArrayBasedRoute(Array)
#11 /var/www/html/vendor/laravel/lumen-framework/src/Routing/Pipeline.php(48): Laravel\\Lumen\\Application->Laravel\\Lumen\\Concerns\\{closure}(Object(Laravel\\Lumen\\Http\\Request))
#12 /var/www/html/app/Middleware/AdminAuthenticate.php(43): Laravel\\Lumen\\Routing\\Pipeline->Laravel\\Lumen\\Routing\\{closure}(Object(Laravel\\Lumen\\Http\\Request))
#13 /var/www/html/vendor/illuminate/pipeline/Pipeline.php(180): App\\Middleware\\AdminAuthenticate->handle(Object(Laravel\\Lumen\\Http\\Request), Object(Closure))
#14 /var/www/html/vendor/laravel/lumen-framework/src/Routing/Pipeline.php(30): Illuminate\\Pipeline\\Pipeline->Illuminate\\Pipeline\\{closure}(Object(Laravel\\Lumen\\Http\\Request))
#15 /var/www/html/app/Middleware/Authenticate.php(45): Laravel\\Lumen\\Routing\\Pipeline->Laravel\\Lumen\\Routing\\{closure}(Object(Laravel\\Lumen\\Http\\Request))
#16 /var/www/html/vendor/illuminate/pipeline/Pipeline.php(180): App\\Middleware\\Authenticate->handle(Object(Laravel\\Lumen\\Http\\Request), Object(Closure))
#17 /var/www/html/vendor/laravel/lumen-framework/src/Routing/Pipeline.php(30): Illuminate\\Pipeline\\Pipeline->Illuminate\\Pipeline\\{closure}(Object(Laravel\\Lumen\\Http\\Request))
#18 /var/www/html/vendor/illuminate/pipeline/Pipeline.php(116): Laravel\\Lumen\\Routing\\Pipeline->Laravel\\Lumen\\Routing\\{closure}(Object(Laravel\\Lumen\\Http\\Request))
#19 /var/www/html/vendor/laravel/lumen-framework/src/Concerns/RoutesRequests.php(428): Illuminate\\Pipeline\\Pipeline->then(Object(Closure))
#20 /var/www/html/vendor/laravel/lumen-framework/src/Concerns/RoutesRequests.php(265): Laravel\\Lumen\\Application->sendThroughPipeline(Array, Object(Closure))
#21 /var/www/html/vendor/laravel/lumen-framework/src/Concerns/RoutesRequests.php(171): Laravel\\Lumen\\Application->handleFoundRoute(Array)
#22 /var/www/html/vendor/laravel/lumen-framework/src/Routing/Pipeline.php(48): Laravel\\Lumen\\Application->Laravel\\Lumen\\Concerns\\{closure}(Object(Laravel\\Lumen\\Http\\Request))
#23 /var/www/html/app/Middleware/CrossMiddleware.php(48): Laravel\\Lumen\\Routing\\Pipeline->Laravel\\Lumen\\Routing\\{closure}(Object(Laravel\\Lumen\\Http\\Request))
#24 /var/www/html/vendor/illuminate/pipeline/Pipeline.php(180): App\\Middleware\\CrossMiddleware->handle(Object(Laravel\\Lumen\\Http\\Request), Object(Closure))
#25 /var/www/html/vendor/laravel/lumen-framework/src/Routing/Pipeline.php(30): Illuminate\\Pipeline\\Pipeline->Illuminate\\Pipeline\\{closure}(Object(Laravel\\Lumen\\Http\\Request))
#26 /var/www/html/vendor/illuminate/pipeline/Pipeline.php(116): Laravel\\Lumen\\Routing\\Pipeline->Laravel\\Lumen\\Routing\\{closure}(Object(Laravel\\Lumen\\Http\\Request))
#27 /var/www/html/vendor/laravel/lumen-framework/src/Concerns/RoutesRequests.php(428): Illuminate\\Pipeline\\Pipeline->then(Object(Closure))
#28 /var/www/html/vendor/laravel/lumen-framework/src/Concerns/RoutesRequests.php(177): Laravel\\Lumen\\Application->sendThroughPipeline(Array, Object(Closure))
#29 /var/www/html/vendor/laravel/lumen-framework/src/Concerns/RoutesRequests.php(112): Laravel\\Lumen\\Application->dispatch(NULL)
#30 /var/www/html/public/index.php(28): Laravel\\Lumen\\Application->run()
#31 {main}
"} 
[2026-09-23 10:35:29] production.ERROR: 请选择要删除的数据 {"exception":"[object] (App\\Exceptions\\ErrorException(code: 200): 请选择要删除的数据 at /var/www/html/modules/Sys/Services/CrontabBaseService.php:113)
[stacktrace]
#0 /var/www/html/modules/Sys/Http/Controllers/Manage/CrontabBaseController.php(54): Modules\\Sys\\Services\\CrontabBaseService->removeCrontab(Object(Laravel\\Lumen\\Http\\Request))
#1 /var/www/html/vendor/illuminate/container/BoundMethod.php(36): Modules\\Sys\\Http\\Controllers\\Manage\\CrontabBaseController->remove(Object(Laravel\\Lumen\\Http\\Request))
#2 /var/www/html/vendor/illuminate/container/Util.php(41): Illuminate\\Container\\BoundMethod::Illuminate\\Container\\{closure}()
#3 /var/www/html/vendor/illuminate/container/BoundMethod.php(93): Illuminate\\Container\\Util::unwrapIfClosure(Object(Closure))
#4 /var/www/html/vendor/illuminate/container/BoundMethod.php(37): Illuminate\\Container\\BoundMethod::callBoundMethod(Object(Laravel\\Lumen\\Application), Array, Object(Closure))
#5 /var/www/html/vendor/illuminate/container/Container.php(661): Illuminate\\Container\\BoundMethod::call(Object(Laravel\\Lumen\\Application), Array, Array, NULL)
#6 /var/www/html/vendor/laravel/lumen-framework/src/Concerns/RoutesRequests.php(391): Illuminate\\Container\\Container->call(Array, Array)
#7 /var/www/html/vendor/laravel/lumen-framework/src/Concerns/RoutesRequests.php(357): Laravel\\Lumen\\Application->callControllerCallable(Array, Array)
#8 /var/www/html/vendor/laravel/lumen-framework/src/Concerns/RoutesRequests.php(331): Laravel\\Lumen\\Application->callLumenController(Object(Modules\\Sys\\Http\\Controllers\\Manage\\CrontabBaseController), 'remove', Array)
#9 /var/www/html/vendor/laravel/lumen-framework/src/Concerns/RoutesRequests.php(284): Laravel\\Lumen\\Application->callControllerAction(Array)
#10 /var/www/html/vendor/laravel/lumen-framework/src/Concerns/RoutesRequests.php(264): Laravel\\Lumen\\Application->callActionOnArrayBasedRoute(Array)
#11 /var/www/html/vendor/laravel/lumen-framework/src/Routing/Pipeline.php(48): Laravel\\Lumen\\Application->Laravel\\Lumen\\Concerns\\{closure}(Object(Laravel\\Lumen\\Http\\Request))
#12 /var/www/html/app/Middleware/AdminAuthenticate.php(43): Laravel\\Lumen\\Routing\\Pipeline->Laravel\\Lumen\\Routing\\{closure}(Object(Laravel\\Lumen\\Http\\Request))
#13 /var/www/html/vendor/illuminate/pipeline/Pipeline.php(180): App\\Middleware\\AdminAuthenticate->handle(Object(Laravel\\Lumen\\Http\\Request), Object(Closure))
#14 /var/www/html/vendor/laravel/lumen-framework/src/Routing/Pipeline.php(30): Illuminate\\Pipeline\\Pipeline->Illuminate\\Pipeline\\{closure}(Object(Laravel\\Lumen\\Http\\Request))
#15 /var/www/html/app/Middleware/Authenticate.php(45): Laravel\\Lumen\\Routing\\Pipeline->Laravel\\Lumen\\Routing\\{closure}(Object(Laravel\\Lumen\\Http\\Request))
#16 /var/www/html/vendor/illuminate/pipeline/Pipeline.php(180): App\\Middleware\\Authenticate->handle(Object(Laravel\\Lumen\\Http\\Request), Object(Closure))
#17 /var/www/html/vendor/laravel/lumen-framework/src/Routing/Pipeline.php(30): Illuminate\\Pipeline\\Pipeline->Illuminate\\Pipeline\\{closure}(Object(Laravel\\Lumen\\Http\\Request))
#18 /var/www/html/vendor/illuminate/pipeline/Pipeline.php(116): Laravel\\Lumen\\Routing\\Pipeline->Laravel\\Lumen\\Routing\\{closure}(Object(Laravel\\Lumen\\Http\\Request))
#19 /var/www/html/vendor/laravel/lumen-framework/src/Concerns/RoutesRequests.php(428): Illuminate\\Pipeline\\Pipeline->then(Object(Closure))
#20 /var/www/html/vendor/laravel/lumen-framework/src/Concerns/RoutesRequests.php(265): Laravel\\Lumen\\Application->sendThroughPipeline(Array, Object(Closure))
#21 /var/www/html/vendor/laravel/lumen-framework/src/Concerns/RoutesRequests.php(171): Laravel\\Lumen\\Application->handleFoundRoute(Array)
#22 /var/www/html/vendor/laravel/lumen-framework/src/Routing/Pipeline.php(48): Laravel\\Lumen\\Application->Laravel\\Lumen\\Concerns\\{closure}(Object(Laravel\\Lumen\\Http\\Request))
#23 /var/www/html/app/Middleware/CrossMiddleware.php(48): Laravel\\Lumen\\Routing\\Pipeline->Laravel\\Lumen\\Routing\\{closure}(Object(Laravel\\Lumen\\Http\\Request))
#24 /var/www/html/vendor/illuminate/pipeline/Pipeline.php(180): App\\Middleware\\CrossMiddleware->handle(Object(Laravel\\Lumen\\Http\\Request), Object(Closure))
#25 /var/www/html/vendor/laravel/lumen-framework/src/Routing/Pipeline.php(30): Illuminate\\Pipeline\\Pipeline->Illuminate\\Pipeline\\{closure}(Object(Laravel\\Lumen\\Http\\Request))
#26 /var/www/html/vendor/illuminate/pipeline/Pipeline.php(116): Laravel\\Lumen\\Routing\\Pipeline->Laravel\\Lumen\\Routing\\{closure}(Object(Laravel\\Lumen\\Http\\Request))
#27 /var/www/html/vendor/laravel/lumen-framework/src/Concerns/RoutesRequests.php(428): Illuminate\\Pipeline\\Pipeline->then(Object(Closure))
#28 /var/www/html/vendor/laravel/lumen-framework/src/Concerns/RoutesRequests.php(177): Laravel\\Lumen\\Application->sendThroughPipeline(Array, Object(Closure))
#29 /var/www/html/vendor/laravel/lumen-framework/src/Concerns/RoutesRequests.php(112): Laravel\\Lumen\\Application->dispatch(NULL)
#30 /var/www/html/public/index.php(28): Laravel\\Lumen\\Application->run()
#31 {main}
"} 
[2026-09-23 10:35:29] production.ERROR: 请选择反馈会员 {"exception":"[object] (App\\Exceptions\\ErrorException(code: 200): 请选择反馈会员 at /var/www/html/modules/Sys/Services/FeedbackBaseService.php:62)
[stacktrace]
#0 /var/www/html/modules/Sys/Http/Controllers/Manage/FeedbackBaseController.php(42): Modules\\Sys\\Services\\FeedbackBaseService->addFeedback(Object(Laravel\\Lumen\\Http\\Request))
#1 /var/www/html/vendor/illuminate/container/BoundMethod.php(36): Modules\\Sys\\Http\\Controllers\\Manage\\FeedbackBaseController->add(Object(Laravel\\Lumen\\Http\\Request))
#2 /var/www/html/vendor/illuminate/container/Util.php(41): Illuminate\\Container\\BoundMethod::Illuminate\\Container\\{closure}()
#3 /var/www/html/vendor/illuminate/container/BoundMethod.php(93): Illuminate\\Container\\Util::unwrapIfClosure(Object(Closure))
#4 /var/www/html/vendor/illuminate/container/BoundMethod.php(37): Illuminate\\Container\\BoundMethod::callBoundMethod(Object(Laravel\\Lumen\\Application), Array, Object(Closure))
#5 /var/www/html/vendor/illuminate/container/Container.php(661): Illuminate\\Container\\BoundMethod::call(Object(Laravel\\Lumen\\Application), Array, Array, NULL)
#6 /var/www/html/vendor/laravel/lumen-framework/src/Concerns/RoutesRequests.php(391): Illuminate\\Container\\Container->call(Array, Array)
#7 /var/www/html/vendor/laravel/lumen-framework/src/Concerns/RoutesRequests.php(357): Laravel\\Lumen\\Application->callControllerCallable(Array, Array)
#8 /var/www/html/vendor/laravel/lumen-framework/src/Concerns/RoutesRequests.php(331): Laravel\\Lumen\\Application->callLumenController(Object(Modules\\Sys\\Http\\Controllers\\Manage\\FeedbackBaseController), 'add', Array)
#9 /var/www/html/vendor/laravel/lumen-framework/src/Concerns/RoutesRequests.php(284): Laravel\\Lumen\\Application->callControllerAction(Array)
#10 /var/www/html/vendor/laravel/lumen-framework/src/Concerns/RoutesRequests.php(264): Laravel\\Lumen\\Application->callActionOnArrayBasedRoute(Array)
#11 /var/www/html/vendor/laravel/lumen-framework/src/Routing/Pipeline.php(48): Laravel\\Lumen\\Application->Laravel\\Lumen\\Concerns\\{closure}(Object(Laravel\\Lumen\\Http\\Request))
#12 /var/www/html/app/Middleware/AdminAuthenticate.php(43): Laravel\\Lumen\\Routing\\Pipeline->Laravel\\Lumen\\Routing\\{closure}(Object(Laravel\\Lumen\\Http\\Request))
#13 /var/www/html/vendor/illuminate/pipeline/Pipeline.php(180): App\\Middleware\\AdminAuthenticate->handle(Object(Laravel\\Lumen\\Http\\Request), Object(Closure))
#14 /var/www/html/vendor/laravel/lumen-framework/src/Routing/Pipeline.php(30): Illuminate\\Pipeline\\Pipeline->Illuminate\\Pipeline\\{closure}(Object(Laravel\\Lumen\\Http\\Request))
#15 /var/www/html/app/Middleware/Authenticate.php(45): Laravel\\Lumen\\Routing\\Pipeline->Laravel\\Lumen\\Routing\\{closure}(Object(Laravel\\Lumen\\Http\\Request))
#16 /var/www/html/vendor/illuminate/pipeline/Pipeline.php(180): App\\Middleware\\Authenticate->handle(Object(Laravel\\Lumen\\Http\\Request), Object(Closure))
#17 /var/www/html/vendor/laravel/lumen-framework/src/Routing/Pipeline.php(30): Illuminate\\Pipeline\\Pipeline->Illuminate\\Pipeline\\{closure}(Object(Laravel\\Lumen\\Http\\Request))
#18 /var/www/html/vendor/illuminate/pipeline/Pipeline.php(116): Laravel\\Lumen\\Routing\\Pipeline->Laravel\\Lumen\\Routing\\{closure}(Object(Laravel\\Lumen\\Http\\Request))
#19 /var/www/html/vendor/laravel/lumen-framework/src/Concerns/RoutesRequests.php(428): Illuminate\\Pipeline\\Pipeline->then(Object(Closure))
#20 /var/www/html/vendor/laravel/lumen-framework/src/Concerns/RoutesRequests.php(265): Laravel\\Lumen\\Application->sendThroughPipeline(Array, Object(Closure))
#21 /var/www/html/vendor/laravel/lumen-framework/src/Concerns/RoutesRequests.php(171): Laravel\\Lumen\\Application->handleFoundRoute(Array)
#22 /var/www/html/vendor/laravel/lumen-framework/src/Routing/Pipeline.php(48): Laravel\\Lumen\\Application->Laravel\\Lumen\\Concerns\\{closure}(Object(Laravel\\Lumen\\Http\\Request))
#23 /var/www/html/app/Middleware/CrossMiddleware.php(48): Laravel\\Lumen\\Routing\\Pipeline->Laravel\\Lumen\\Routing\\{closure}(Object(Laravel\\Lumen\\Http\\Request))
#24 /var/www/html/vendor/illuminate/pipeline/Pipeline.php(180): App\\Middleware\\CrossMiddleware->handle(Object(Laravel\\Lumen\\Http\\Request), Object(Closure))
#25 /var/www/html/vendor/laravel/lumen-framework/src/Routing/Pipeline.php(30): Illuminate\\Pipeline\\Pipeline->Illuminate\\Pipeline\\{closure}(Object(Laravel\\Lumen\\Http\\Request))
#26 /var/www/html/vendor/illuminate/pipeline/Pipeline.php(116): Laravel\\Lumen\\Routing\\Pipeline->Laravel\\Lumen\\Routing\\{closure}(Object(Laravel\\Lumen\\Http\\Request))
#27 /var/www/html/vendor/laravel/lumen-framework/src/Concerns/RoutesRequests.php(428): Illuminate\\Pipeline\\Pipeline->then(Object(Closure))
#28 /var/www/html/vendor/laravel/lumen-framework/src/Concerns/RoutesRequests.php(177): Laravel\\Lumen\\Application->sendThroughPipeline(Array, Object(Closure))
#29 /var/www/html/vendor/laravel/lumen-framework/src/Concerns/RoutesRequests.php(112): Laravel\\Lumen\\Application->dispatch(NULL)
#30 /var/www/html/public/index.php(28): Laravel\\Lumen\\Application->run()
#31 {main}
"} 
[2026-09-23 10:35:29] production.ERROR: 数据有误 {"exception":"[object] (App\\Exceptions\\ErrorException(code: 200): 数据有误 at /var/www/html/modules/Sys/Services/FeedbackBaseService.php:116)
[stacktrace]
#0 /var/www/html/modules/Sys/Http/Controllers/Manage/FeedbackBaseController.php(54): Modules\\Sys\\Services\\FeedbackBaseService->editFeedback(Object(Laravel\\Lumen\\Http\\Request))
#1 /var/www/html/vendor/illuminate/container/BoundMethod.php(36): Modules\\Sys\\Http\\Controllers\\Manage\\FeedbackBaseController->edit(Object(Laravel\\Lumen\\Http\\Request))
#2 /var/www/html/vendor/illuminate/container/Util.php(41): Illuminate\\Container\\BoundMethod::Illuminate\\Container\\{closure}()
#3 /var/www/html/vendor/illuminate/container/BoundMethod.php(93): Illuminate\\Container\\Util::unwrapIfClosure(Object(Closure))
#4 /var/www/html/vendor/illuminate/container/BoundMethod.php(37): Illuminate\\Container\\BoundMethod::callBoundMethod(Object(Laravel\\Lumen\\Application), Array, Object(Closure))
#5 /var/www/html/vendor/illuminate/container/Container.php(661): Illuminate\\Container\\BoundMethod::call(Object(Laravel\\Lumen\\Application), Array, Array, NULL)
#6 /var/www/html/vendor/laravel/lumen-framework/src/Concerns/RoutesRequests.php(391): Illuminate\\Container\\Container->call(Array, Array)
#7 /var/www/html/vendor/laravel/lumen-framework/src/Concerns/RoutesRequests.php(357): Laravel\\Lumen\\Application->callControllerCallable(Array, Array)
#8 /var/www/html/vendor/laravel/lumen-framework/src/Concerns/RoutesRequests.php(331): Laravel\\Lumen\\Application->callLumenController(Object(Modules\\Sys\\Http\\Controllers\\Manage\\FeedbackBaseController), 'edit', Array)
#9 /var/www/html/vendor/laravel/lumen-framework/src/Concerns/RoutesRequests.php(284): Laravel\\Lumen\\Application->callControllerAction(Array)
#10 /var/www/html/vendor/laravel/lumen-framework/src/Concerns/RoutesRequests.php(264): Laravel\\Lumen\\Application->callActionOnArrayBasedRoute(Array)
#11 /var/www/html/vendor/laravel/lumen-framework/src/Routing/Pipeline.php(48): Laravel\\Lumen\\Application->Laravel\\Lumen\\Concerns\\{closure}(Object(Laravel\\Lumen\\Http\\Request))
#12 /var/www/html/app/Middleware/AdminAuthenticate.php(43): Laravel\\Lumen\\Routing\\Pipeline->Laravel\\Lumen\\Routing\\{closure}(Object(Laravel\\Lumen\\Http\\Request))
#13 /var/www/html/vendor/illuminate/pipeline/Pipeline.php(180): App\\Middleware\\AdminAuthenticate->handle(Object(Laravel\\Lumen\\Http\\Request), Object(Closure))
#14 /var/www/html/vendor/laravel/lumen-framework/src/Routing/Pipeline.php(30): Illuminate\\Pipeline\\Pipeline->Illuminate\\Pipeline\\{closure}(Object(Laravel\\Lumen\\Http\\Request))
#15 /var/www/html/app/Middleware/Authenticate.php(45): Laravel\\Lumen\\Routing\\Pipeline->Laravel\\Lumen\\Routing\\{closure}(Object(Laravel\\Lumen\\Http\\Request))
#16 /var/www/html/vendor/illuminate/pipeline/Pipeline.php(180): App\\Middleware\\Authenticate->handle(Object(Laravel\\Lumen\\Http\\Request), Object(Closure))
#17 /var/www/html/vendor/laravel/lumen-framework/src/Routing/Pipeline.php(30): Illuminate\\Pipeline\\Pipeline->Illuminate\\Pipeline\\{closure}(Object(Laravel\\Lumen\\Http\\Request))
#18 /var/www/html/vendor/illuminate/pipeline/Pipeline.php(116): Laravel\\Lumen\\Routing\\Pipeline->Laravel\\Lumen\\Routing\\{closure}(Object(Laravel\\Lumen\\Http\\Request))
#19 /var/www/html/vendor/laravel/lumen-framework/src/Concerns/RoutesRequests.php(428): Illuminate\\Pipeline\\Pipeline->then(Object(Closure))
#20 /var/www/html/vendor/laravel/lumen-framework/src/Concerns/RoutesRequests.php(265): Laravel\\Lumen\\Application->sendThroughPipeline(Array, Object(Closure))
#21 /var/www/html/vendor/laravel/lumen-framework/src/Concerns/RoutesRequests.php(171): Laravel\\Lumen\\Application->handleFoundRoute(Array)
#22 /var/www/html/vendor/laravel/lumen-framework/src/Routing/Pipeline.php(48): Laravel\\Lumen\\Application->Laravel\\Lumen\\Concerns\\{closure}(Object(Laravel\\Lumen\\Http\\Request))
#23 /var/www/html/app/Middleware/CrossMiddleware.php(48): Laravel\\Lumen\\Routing\\Pipeline->Laravel\\Lumen\\Routing\\{closure}(Object(Laravel\\Lumen\\Http\\Request))
#24 /var/www/html/vendor/illuminate/pipeline/Pipeline.php(180): App\\Middleware\\CrossMiddleware->handle(Object(Laravel\\Lumen\\Http\\Request), Object(Closure))
#25 /var/www/html/vendor/laravel/lumen-framework/src/Routing/Pipeline.php(30): Illuminate\\Pipeline\\Pipeline->Illuminate\\Pipeline\\{closure}(Object(Laravel\\Lumen\\Http\\Request))
#26 /var/www/html/vendor/illuminate/pipeline/Pipeline.php(116): Laravel\\Lumen\\Routing\\Pipeline->Laravel\\Lumen\\Routing\\{closure}(Object(Laravel\\Lumen\\Http\\Request))
#27 /var/www/html/vendor/laravel/lumen-framework/src/Concerns/RoutesRequests.php(428): Illuminate\\Pipeline\\Pipeline->then(Object(Closure))
#28 /var/www/html/vendor/laravel/lumen-framework/src/Concerns/RoutesRequests.php(177): Laravel\\Lumen\\Application->sendThroughPipeline(Array, Object(Closure))
#29 /var/www/html/vendor/laravel/lumen-framework/src/Concerns/RoutesRequests.php(112): Laravel\\Lumen\\Application->dispatch(NULL)
#30 /var/www/html/public/index.php(28): Laravel\\Lumen\\Application->run()
#31 {main}
"} 
[2026-09-23 10:35:29] production.ERROR: 请选择要删除的数据 {"exception":"[object] (App\\Exceptions\\ErrorException(code: 200): 请选择要删除的数据 at /var/www/html/modules/Sys/Services/FeedbackBaseService.php:180)
[stacktrace]
#0 /var/www/html/modules/Sys/Http/Controllers/Manage/FeedbackBaseController.php(70): Modules\\Sys\\Services\\FeedbackBaseService->remove(NULL)
#1 /var/www/html/vendor/illuminate/container/BoundMethod.php(36): Modules\\Sys\\Http\\Controllers\\Manage\\FeedbackBaseController->remove(Object(Laravel\\Lumen\\Http\\Request))
#2 /var/www/html/vendor/illuminate/container/Util.php(41): Illuminate\\Container\\BoundMethod::Illuminate\\Container\\{closure}()
#3 /var/www/html/vendor/illuminate/container/BoundMethod.php(93): Illuminate\\Container\\Util::unwrapIfClosure(Object(Closure))
#4 /var/www/html/vendor/illuminate/container/BoundMethod.php(37): Illuminate\\Container\\BoundMethod::callBoundMethod(Object(Laravel\\Lumen\\Application), Array, Object(Closure))
#5 /var/www/html/vendor/illuminate/container/Container.php(661): Illuminate\\Container\\BoundMethod::call(Object(Laravel\\Lumen\\Application), Array, Array, NULL)
#6 /var/www/html/vendor/laravel/lumen-framework/src/Concerns/RoutesRequests.php(391): Illuminate\\Container\\Container->call(Array, Array)
#7 /var/www/html/vendor/laravel/lumen-framework/src/Concerns/RoutesRequests.php(357): Laravel\\Lumen\\Application->callControllerCallable(Array, Array)
#8 /var/www/html/vendor/laravel/lumen-framework/src/Concerns/RoutesRequests.php(331): Laravel\\Lumen\\Application->callLumenController(Object(Modules\\Sys\\Http\\Controllers\\Manage\\FeedbackBaseController), 'remove', Array)
#9 /var/www/html/vendor/laravel/lumen-framework/src/Concerns/RoutesRequests.php(284): Laravel\\Lumen\\Application->callControllerAction(Array)
#10 /var/www/html/vendor/laravel/lumen-framework/src/Concerns/RoutesRequests.php(264): Laravel\\Lumen\\Application->callActionOnArrayBasedRoute(Array)
#11 /var/www/html/vendor/laravel/lumen-framework/src/Routing/Pipeline.php(48): Laravel\\Lumen\\Application->Laravel\\Lumen\\Concerns\\{closure}(Object(Laravel\\Lumen\\Http\\Request))
#12 /var/www/html/app/Middleware/AdminAuthenticate.php(43): Laravel\\Lumen\\Routing\\Pipeline->Laravel\\Lumen\\Routing\\{closure}(Object(Laravel\\Lumen\\Http\\Request))
#13 /var/www/html/vendor/illuminate/pipeline/Pipeline.php(180): App\\Middleware\\AdminAuthenticate->handle(Object(Laravel\\Lumen\\Http\\Request), Object(Closure))
#14 /var/www/html/vendor/laravel/lumen-framework/src/Routing/Pipeline.php(30): Illuminate\\Pipeline\\Pipeline->Illuminate\\Pipeline\\{closure}(Object(Laravel\\Lumen\\Http\\Request))
#15 /var/www/html/app/Middleware/Authenticate.php(45): Laravel\\Lumen\\Routing\\Pipeline->Laravel\\Lumen\\Routing\\{closure}(Object(Laravel\\Lumen\\Http\\Request))
#16 /var/www/html/vendor/illuminate/pipeline/Pipeline.php(180): App\\Middleware\\Authenticate->handle(Object(Laravel\\Lumen\\Http\\Request), Object(Closure))
#17 /var/www/html/vendor/laravel/lumen-framework/src/Routing/Pipeline.php(30): Illuminate\\Pipeline\\Pipeline->Illuminate\\Pipeline\\{closure}(Object(Laravel\\Lumen\\Http\\Request))
#18 /var/www/html/vendor/illuminate/pipeline/Pipeline.php(116): Laravel\\Lumen\\Routing\\Pipeline->Laravel\\Lumen\\Routing\\{closure}(Object(Laravel\\Lumen\\Http\\Request))
#19 /var/www/html/vendor/laravel/lumen-framework/src/Concerns/RoutesRequests.php(428): Illuminate\\Pipeline\\Pipeline->then(Object(Closure))
#20 /var/www/html/vendor/laravel/lumen-framework/src/Concerns/RoutesRequests.php(265): Laravel\\Lumen\\Application->sendThroughPipeline(Array, Object(Closure))
#21 /var/www/html/vendor/laravel/lumen-framework/src/Concerns/RoutesRequests.php(171): Laravel\\Lumen\\Application->handleFoundRoute(Array)
#22 /var/www/html/vendor/laravel/lumen-framework/src/Routing/Pipeline.php(48): Laravel\\Lumen\\Application->Laravel\\Lumen\\Concerns\\{closure}(Object(Laravel\\Lumen\\Http\\Request))
#23 /var/www/html/app/Middleware/CrossMiddleware.php(48): Laravel\\Lumen\\Routing\\Pipeline->Laravel\\Lumen\\Routing\\{closure}(Object(Laravel\\Lumen\\Http\\Request))
#24 /var/www/html/vendor/illuminate/pipeline/Pipeline.php(180): App\\Middleware\\CrossMiddleware->handle(Object(Laravel\\Lumen\\Http\\Request), Object(Closure))
#25 /var/www/html/vendor/laravel/lumen-framework/src/Routing/Pipeline.php(30): Illuminate\\Pipeline\\Pipeline->Illuminate\\Pipeline\\{closure}(Object(Laravel\\Lumen\\Http\\Request))
#26 /var/www/html/vendor/illuminate/pipeline/Pipeline.php(116): Laravel\\Lumen\\Routing\\Pipeline->Laravel\\Lumen\\Routing\\{closure}(Object(Laravel\\Lumen\\Http\\Request))
#27 /var/www/html/vendor/laravel/lumen-framework/src/Concerns/RoutesRequests.php(428): Illuminate\\Pipeline\\Pipeline->then(Object(Closure))
#28 /var/www/html/vendor/laravel/lumen-framework/src/Concerns/RoutesRequests.php(177): Laravel\\Lumen\\Application->sendThroughPipeline(Array, Object(Closure))
#29 /var/www/html/vendor/laravel/lumen-framework/src/Concerns/RoutesRequests.php(112): Laravel\\Lumen\\Application->dispatch(NULL)
#30 /var/www/html/public/index.php(28): Laravel\\Lumen\\Application->run()
#31 {main}
"} 
[2026-09-23 10:35:29] production.ERROR: 请先上传素材文件 {"exception":"[object] (App\\Exceptions\\ErrorException(code: 200): 请先上传素材文件 at /var/www/html/modules/Sys/Services/MaterialBaseService.php:56)
[stacktrace]
#0 /var/www/html/modules/Sys/Http/Controllers/Manage/MaterialBaseController.php(76): Modules\\Sys\\Services\\MaterialBaseService->addMaterial(Object(Laravel\\Lumen\\Http\\Request))
#1 /var/www/html/vendor/illuminate/container/BoundMethod.php(36): Modules\\Sys\\Http\\Controllers\\Manage\\MaterialBaseController->add(Object(Laravel\\Lumen\\Http\\Request))
#2 /var/www/html/vendor/illuminate/container/Util.php(41): Illuminate\\Container\\BoundMethod::Illuminate\\Container\\{closure}()
#3 /var/www/html/vendor/illuminate/container/BoundMethod.php(93): Illuminate\\Container\\Util::unwrapIfClosure(Object(Closure))
#4 /var/www/html/vendor/illuminate/container/BoundMethod.php(37): Illuminate\\Container\\BoundMethod::callBoundMethod(Object(Laravel\\Lumen\\Application), Array, Object(Closure))
#5 /var/www/html/vendor/illuminate/container/Container.php(661): Illuminate\\Container\\BoundMethod::call(Object(Laravel\\Lumen\\Application), Array, Array, NULL)
#6 /var/www/html/vendor/laravel/lumen-framework/src/Concerns/RoutesRequests.php(391): Illuminate\\Container\\Container->call(Array, Array)
#7 /var/www/html/vendor/laravel/lumen-framework/src/Concerns/RoutesRequests.php(357): Laravel\\Lumen\\Application->callControllerCallable(Array, Array)
#8 /var/www/html/vendor/laravel/lumen-framework/src/Concerns/RoutesRequests.php(331): Laravel\\Lumen\\Application->callLumenController(Object(Modules\\Sys\\Http\\Controllers\\Manage\\MaterialBaseController), 'add', Array)
#9 /var/www/html/vendor/laravel/lumen-framework/src/Concerns/RoutesRequests.php(284): Laravel\\Lumen\\Application->callControllerAction(Array)
#10 /var/www/html/vendor/laravel/lumen-framework/src/Concerns/RoutesRequests.php(264): Laravel\\Lumen\\Application->callActionOnArrayBasedRoute(Array)
#11 /var/www/html/vendor/laravel/lumen-framework/src/Routing/Pipeline.php(48): Laravel\\Lumen\\Application->Laravel\\Lumen\\Concerns\\{closure}(Object(Laravel\\Lumen\\Http\\Request))
#12 /var/www/html/app/Middleware/AdminAuthenticate.php(43): Laravel\\Lumen\\Routing\\Pipeline->Laravel\\Lumen\\Routing\\{closure}(Object(Laravel\\Lumen\\Http\\Request))
#13 /var/www/html/vendor/illuminate/pipeline/Pipeline.php(180): App\\Middleware\\AdminAuthenticate->handle(Object(Laravel\\Lumen\\Http\\Request), Object(Closure))
#14 /var/www/html/vendor/laravel/lumen-framework/src/Routing/Pipeline.php(30): Illuminate\\Pipeline\\Pipeline->Illuminate\\Pipeline\\{closure}(Object(Laravel\\Lumen\\Http\\Request))
#15 /var/www/html/app/Middleware/Authenticate.php(45): Laravel\\Lumen\\Routing\\Pipeline->Laravel\\Lumen\\Routing\\{closure}(Object(Laravel\\Lumen\\Http\\Request))
#16 /var/www/html/vendor/illuminate/pipeline/Pipeline.php(180): App\\Middleware\\Authenticate->handle(Object(Laravel\\Lumen\\Http\\Request), Object(Closure))
#17 /var/www/html/vendor/laravel/lumen-framework/src/Routing/Pipeline.php(30): Illuminate\\Pipeline\\Pipeline->Illuminate\\Pipeline\\{closure}(Object(Laravel\\Lumen\\Http\\Request))
#18 /var/www/html/vendor/illuminate/pipeline/Pipeline.php(116): Laravel\\Lumen\\Routing\\Pipeline->Laravel\\Lumen\\Routing\\{closure}(Object(Laravel\\Lumen\\Http\\Request))
#19 /var/www/html/vendor/laravel/lumen-framework/src/Concerns/RoutesRequests.php(428): Illuminate\\Pipeline\\Pipeline->then(Object(Closure))
#20 /var/www/html/vendor/laravel/lumen-framework/src/Concerns/RoutesRequests.php(265): Laravel\\Lumen\\Application->sendThroughPipeline(Array, Object(Closure))
#21 /var/www/html/vendor/laravel/lumen-framework/src/Concerns/RoutesRequests.php(171): Laravel\\Lumen\\Application->handleFoundRoute(Array)
#22 /var/www/html/vendor/laravel/lumen-framework/src/Routing/Pipeline.php(48): Laravel\\Lumen\\Application->Laravel\\Lumen\\Concerns\\{closure}(Object(Laravel\\Lumen\\Http\\Request))
#23 /var/www/html/app/Middleware/CrossMiddleware.php(48): Laravel\\Lumen\\Routing\\Pipeline->Laravel\\Lumen\\Routing\\{closure}(Object(Laravel\\Lumen\\Http\\Request))
#24 /var/www/html/vendor/illuminate/pipeline/Pipeline.php(180): App\\Middleware\\CrossMiddleware->handle(Object(Laravel\\Lumen\\Http\\Request), Object(Closure))
#25 /var/www/html/vendor/laravel/lumen-framework/src/Routing/Pipeline.php(30): Illuminate\\Pipeline\\Pipeline->Illuminate\\Pipeline\\{closure}(Object(Laravel\\Lumen\\Http\\Request))
#26 /var/www/html/vendor/illuminate/pipeline/Pipeline.php(116): Laravel\\Lumen\\Routing\\Pipeline->Laravel\\Lumen\\Routing\\{closure}(Object(Laravel\\Lumen\\Http\\Request))
#27 /var/www/html/vendor/laravel/lumen-framework/src/Concerns/RoutesRequests.php(428): Illuminate\\Pipeline\\Pipeline->then(Object(Closure))
#28 /var/www/html/vendor/laravel/lumen-framework/src/Concerns/RoutesRequests.php(177): Laravel\\Lumen\\Application->sendThroughPipeline(Array, Object(Closure))
#29 /var/www/html/vendor/laravel/lumen-framework/src/Concerns/RoutesRequests.php(112): Laravel\\Lumen\\Application->dispatch(NULL)
#30 /var/www/html/public/index.php(28): Laravel\\Lumen\\Application->run()
#31 {main}
"} 
[2026-09-23 10:35:29] production.ERROR: 请选择要删除的数据 {"exception":"[object] (App\\Exceptions\\ErrorException(code: 200): 请选择要删除的数据 at /var/www/html/modules/Sys/Services/MaterialBaseService.php:122)
[stacktrace]
#0 /var/www/html/modules/Sys/Http/Controllers/Manage/MaterialBaseController.php(88): Modules\\Sys\\Services\\MaterialBaseService->removeBatchMaterial(Object(Laravel\\Lumen\\Http\\Request))
#1 /var/www/html/vendor/illuminate/container/BoundMethod.php(36): Modules\\Sys\\Http\\Controllers\\Manage\\MaterialBaseController->removeBatch(Object(Laravel\\Lumen\\Http\\Request))
#2 /var/www/html/vendor/illuminate/container/Util.php(41): Illuminate\\Container\\BoundMethod::Illuminate\\Container\\{closure}()
#3 /var/www/html/vendor/illuminate/container/BoundMethod.php(93): Illuminate\\Container\\Util::unwrapIfClosure(Object(Closure))
#4 /var/www/html/vendor/illuminate/container/BoundMethod.php(37): Illuminate\\Container\\BoundMethod::callBoundMethod(Object(Laravel\\Lumen\\Application), Array, Object(Closure))
#5 /var/www/html/vendor/illuminate/container/Container.php(661): Illuminate\\Container\\BoundMethod::call(Object(Laravel\\Lumen\\Application), Array, Array, NULL)
#6 /var/www/html/vendor/laravel/lumen-framework/src/Concerns/RoutesRequests.php(391): Illuminate\\Container\\Container->call(Array, Array)
#7 /var/www/html/vendor/laravel/lumen-framework/src/Concerns/RoutesRequests.php(357): Laravel\\Lumen\\Application->callControllerCallable(Array, Array)
#8 /var/www/html/vendor/laravel/lumen-framework/src/Concerns/RoutesRequests.php(331): Laravel\\Lumen\\Application->callLumenController(Object(Modules\\Sys\\Http\\Controllers\\Manage\\MaterialBaseController), 'removeBatch', Array)
#9 /var/www/html/vendor/laravel/lumen-framework/src/Concerns/RoutesRequests.php(284): Laravel\\Lumen\\Application->callControllerAction(Array)
#10 /var/www/html/vendor/laravel/lumen-framework/src/Concerns/RoutesRequests.php(264): Laravel\\Lumen\\Application->callActionOnArrayBasedRoute(Array)
#11 /var/www/html/vendor/laravel/lumen-framework/src/Routing/Pipeline.php(48): Laravel\\Lumen\\Application->Laravel\\Lumen\\Concerns\\{closure}(Object(Laravel\\Lumen\\Http\\Request))
#12 /var/www/html/app/Middleware/AdminAuthenticate.php(43): Laravel\\Lumen\\Routing\\Pipeline->Laravel\\Lumen\\Routing\\{closure}(Object(Laravel\\Lumen\\Http\\Request))
#13 /var/www/html/vendor/illuminate/pipeline/Pipeline.php(180): App\\Middleware\\AdminAuthenticate->handle(Object(Laravel\\Lumen\\Http\\Request), Object(Closure))
#14 /var/www/html/vendor/laravel/lumen-framework/src/Routing/Pipeline.php(30): Illuminate\\Pipeline\\Pipeline->Illuminate\\Pipeline\\{closure}(Object(Laravel\\Lumen\\Http\\Request))
#15 /var/www/html/app/Middleware/Authenticate.php(45): Laravel\\Lumen\\Routing\\Pipeline->Laravel\\Lumen\\Routing\\{closure}(Object(Laravel\\Lumen\\Http\\Request))
#16 /var/www/html/vendor/illuminate/pipeline/Pipeline.php(180): App\\Middleware\\Authenticate->handle(Object(Laravel\\Lumen\\Http\\Request), Object(Closure))
#17 /var/www/html/vendor/laravel/lumen-framework/src/Routing/Pipeline.php(30): Illuminate\\Pipeline\\Pipeline->Illuminate\\Pipeline\\{closure}(Object(Laravel\\Lumen\\Http\\Request))
#18 /var/www/html/vendor/illuminate/pipeline/Pipeline.php(116): Laravel\\Lumen\\Routing\\Pipeline->Laravel\\Lumen\\Routing\\{closure}(Object(Laravel\\Lumen\\Http\\Request))
#19 /var/www/html/vendor/laravel/lumen-framework/src/Concerns/RoutesRequests.php(428): Illuminate\\Pipeline\\Pipeline->then(Object(Closure))
#20 /var/www/html/vendor/laravel/lumen-framework/src/Concerns/RoutesRequests.php(265): Laravel\\Lumen\\Application->sendThroughPipeline(Array, Object(Closure))
#21 /var/www/html/vendor/laravel/lumen-framework/src/Concerns/RoutesRequests.php(171): Laravel\\Lumen\\Application->handleFoundRoute(Array)
#22 /var/www/html/vendor/laravel/lumen-framework/src/Routing/Pipeline.php(48): Laravel\\Lumen\\Application->Laravel\\Lumen\\Concerns\\{closure}(Object(Laravel\\Lumen\\Http\\Request))
#23 /var/www/html/app/Middleware/CrossMiddleware.php(48): Laravel\\Lumen\\Routing\\Pipeline->Laravel\\Lumen\\Routing\\{closure}(Object(Laravel\\Lumen\\Http\\Request))
#24 /var/www/html/vendor/illuminate/pipeline/Pipeline.php(180): App\\Middleware\\CrossMiddleware->handle(Object(Laravel\\Lumen\\Http\\Request), Object(Closure))
#25 /var/www/html/vendor/laravel/lumen-framework/src/Routing/Pipeline.php(30): Illuminate\\Pipeline\\Pipeline->Illuminate\\Pipeline\\{closure}(Object(Laravel\\Lumen\\Http\\Request))
#26 /var/www/html/vendor/illuminate/pipeline/Pipeline.php(116): Laravel\\Lumen\\Routing\\Pipeline->Laravel\\Lumen\\Routing\\{closure}(Object(Laravel\\Lumen\\Http\\Request))
#27 /var/www/html/vendor/laravel/lumen-framework/src/Concerns/RoutesRequests.php(428): Illuminate\\Pipeline\\Pipeline->then(Object(Closure))
#28 /var/www/html/vendor/laravel/lumen-framework/src/Concerns/RoutesRequests.php(177): Laravel\\Lumen\\Application->sendThroughPipeline(Array, Object(Closure))
#29 /var/www/html/vendor/laravel/lumen-framework/src/Concerns/RoutesRequests.php(112): Laravel\\Lumen\\Application->dispatch(NULL)
#30 /var/www/html/public/index.php(28): Laravel\\Lumen\\Application->run()
#31 {main}
"} 
[2026-09-23 10:35:29] production.ERROR: 短信通道未配置，请先在 sys_config_base 中设置 sms_gateway_url {"exception":"[object] (App\\Exceptions\\ErrorException(code: 200): 短信通道未配置，请先在 sys_config_base 中设置 sms_gateway_url at /var/www/html/modules/Sys/Http/Controllers/Front/CaptchaController.php:137)
[stacktrace]
#0 /var/www/html/vendor/illuminate/container/BoundMethod.php(36): Modules\\Sys\\Http\\Controllers\\Front\\CaptchaController->sendMobileVerifyCode(Object(Laravel\\Lumen\\Http\\Request))
#1 /var/www/html/vendor/illuminate/container/Util.php(41): Illuminate\\Container\\BoundMethod::Illuminate\\Container\\{closure}()
#2 /var/www/html/vendor/illuminate/container/BoundMethod.php(93): Illuminate\\Container\\Util::unwrapIfClosure(Object(Closure))
#3 /var/www/html/vendor/illuminate/container/BoundMethod.php(37): Illuminate\\Container\\BoundMethod::callBoundMethod(Object(Laravel\\Lumen\\Application), Array, Object(Closure))
#4 /var/www/html/vendor/illuminate/container/Container.php(661): Illuminate\\Container\\BoundMethod::call(Object(Laravel\\Lumen\\Application), Array, Array, NULL)
#5 /var/www/html/vendor/laravel/lumen-framework/src/Concerns/RoutesRequests.php(391): Illuminate\\Container\\Container->call(Array, Array)
#6 /var/www/html/vendor/laravel/lumen-framework/src/Concerns/RoutesRequests.php(357): Laravel\\Lumen\\Application->callControllerCallable(Array, Array)
#7 /var/www/html/vendor/laravel/lumen-framework/src/Concerns/RoutesRequests.php(331): Laravel\\Lumen\\Application->callLumenController(Object(Modules\\Sys\\Http\\Controllers\\Front\\CaptchaController), 'sendMobileVerif...', Array)
#8 /var/www/html/vendor/laravel/lumen-framework/src/Concerns/RoutesRequests.php(284): Laravel\\Lumen\\Application->callControllerAction(Array)
#9 /var/www/html/vendor/laravel/lumen-framework/src/Concerns/RoutesRequests.php(269): Laravel\\Lumen\\Application->callActionOnArrayBasedRoute(Array)
#10 /var/www/html/vendor/laravel/lumen-framework/src/Concerns/RoutesRequests.php(171): Laravel\\Lumen\\Application->handleFoundRoute(Array)
#11 /var/www/html/vendor/laravel/lumen-framework/src/Routing/Pipeline.php(48): Laravel\\Lumen\\Application->Laravel\\Lumen\\Concerns\\{closure}(Object(Laravel\\Lumen\\Http\\Request))
#12 /var/www/html/app/Middleware/CrossMiddleware.php(48): Laravel\\Lumen\\Routing\\Pipeline->Laravel\\Lumen\\Routing\\{closure}(Object(Laravel\\Lumen\\Http\\Request))
#13 /var/www/html/vendor/illuminate/pipeline/Pipeline.php(180): App\\Middleware\\CrossMiddleware->handle(Object(Laravel\\Lumen\\Http\\Request), Object(Closure))
#14 /var/www/html/vendor/laravel/lumen-framework/src/Routing/Pipeline.php(30): Illuminate\\Pipeline\\Pipeline->Illuminate\\Pipeline\\{closure}(Object(Laravel\\Lumen\\Http\\Request))
#15 /var/www/html/vendor/illuminate/pipeline/Pipeline.php(116): Laravel\\Lumen\\Routing\\Pipeline->Laravel\\Lumen\\Routing\\{closure}(Object(Laravel\\Lumen\\Http\\Request))
#16 /var/www/html/vendor/laravel/lumen-framework/src/Concerns/RoutesRequests.php(428): Illuminate\\Pipeline\\Pipeline->then(Object(Closure))
#17 /var/www/html/vendor/laravel/lumen-framework/src/Concerns/RoutesRequests.php(177): Laravel\\Lumen\\Application->sendThroughPipeline(Array, Object(Closure))
#18 /var/www/html/vendor/laravel/lumen-framework/src/Concerns/RoutesRequests.php(112): Laravel\\Lumen\\Application->dispatch(NULL)
#19 /var/www/html/public/index.php(28): Laravel\\Lumen\\Application->run()
#20 {main}
"} 
[2026-09-23 10:35:37] production.ERROR: Declaration of Modules\Sys\Services\DistrictBaseService::list($request) must be compatible with Kuteshop\Core\Service\BaseService::list(Illuminate\Http\Request $GzbzM, $sAGPB) {"exception":"[object] (Symfony\\Component\\ErrorHandler\\Error\\FatalError(code: 0): Declaration of Modules\\Sys\\Services\\DistrictBaseService::list($request) must be compatible with Kuteshop\\Core\\Service\\BaseService::list(Illuminate\\Http\\Request $GzbzM, $sAGPB) at /var/www/html/modules/Sys/Services/DistrictBaseService.php:58)
[stacktrace]
#0 {main}
"} 
[2026-09-23 10:35:37] production.ERROR: Declaration of Modules\Sys\Services\DistrictBaseService::list($request) must be compatible with Kuteshop\Core\Service\BaseService::list(Illuminate\Http\Request $GzbzM, $sAGPB) {"exception":"[object] (Symfony\\Component\\ErrorHandler\\Error\\FatalError(code: 0): Declaration of Modules\\Sys\\Services\\DistrictBaseService::list($request) must be compatible with Kuteshop\\Core\\Service\\BaseService::list(Illuminate\\Http\\Request $GzbzM, $sAGPB) at /var/www/html/modules/Sys/Services/DistrictBaseService.php:58)
[stacktrace]
#0 {main}
"} 
[2026-09-23 10:35:37] production.ERROR: Declaration of Modules\Sys\Services\DistrictBaseService::list($request) must be compatible with Kuteshop\Core\Service\BaseService::list(Illuminate\Http\Request $GzbzM, $sAGPB) {"exception":"[object] (Symfony\\Component\\ErrorHandler\\Error\\FatalError(code: 0): Declaration of Modules\\Sys\\Services\\DistrictBaseService::list($request) must be compatible with Kuteshop\\Core\\Service\\BaseService::list(Illuminate\\Http\\Request $GzbzM, $sAGPB) at /var/www/html/modules/Sys/Services/DistrictBaseService.php:58)
[stacktrace]
#0 {main}
"} 
[2026-09-23 10:36:05] production.ERROR: 请选择要删除的数据 {"exception":"[object] (App\\Exceptions\\ErrorException(code: 200): 请选择要删除的数据 at /var/www/html/modules/Sys/Services/DistrictBaseService.php:133)
[stacktrace]
#0 /var/www/html/modules/Sys/Http/Controllers/Manage/DistrictBaseController.php(97): Modules\\Sys\\Services\\DistrictBaseService->removeBatch(Object(Laravel\\Lumen\\Http\\Request))
#1 /var/www/html/vendor/illuminate/container/BoundMethod.php(36): Modules\\Sys\\Http\\Controllers\\Manage\\DistrictBaseController->removeBatch(Object(Laravel\\Lumen\\Http\\Request))
#2 /var/www/html/vendor/illuminate/container/Util.php(41): Illuminate\\Container\\BoundMethod::Illuminate\\Container\\{closure}()
#3 /var/www/html/vendor/illuminate/container/BoundMethod.php(93): Illuminate\\Container\\Util::unwrapIfClosure(Object(Closure))
#4 /var/www/html/vendor/illuminate/container/BoundMethod.php(37): Illuminate\\Container\\BoundMethod::callBoundMethod(Object(Laravel\\Lumen\\Application), Array, Object(Closure))
#5 /var/www/html/vendor/illuminate/container/Container.php(661): Illuminate\\Container\\BoundMethod::call(Object(Laravel\\Lumen\\Application), Array, Array, NULL)
#6 /var/www/html/vendor/laravel/lumen-framework/src/Concerns/RoutesRequests.php(391): Illuminate\\Container\\Container->call(Array, Array)
#7 /var/www/html/vendor/laravel/lumen-framework/src/Concerns/RoutesRequests.php(357): Laravel\\Lumen\\Application->callControllerCallable(Array, Array)
#8 /var/www/html/vendor/laravel/lumen-framework/src/Concerns/RoutesRequests.php(331): Laravel\\Lumen\\Application->callLumenController(Object(Modules\\Sys\\Http\\Controllers\\Manage\\DistrictBaseController), 'removeBatch', Array)
#9 /var/www/html/vendor/laravel/lumen-framework/src/Concerns/RoutesRequests.php(284): Laravel\\Lumen\\Application->callControllerAction(Array)
#10 /var/www/html/vendor/laravel/lumen-framework/src/Concerns/RoutesRequests.php(264): Laravel\\Lumen\\Application->callActionOnArrayBasedRoute(Array)
#11 /var/www/html/vendor/laravel/lumen-framework/src/Routing/Pipeline.php(48): Laravel\\Lumen\\Application->Laravel\\Lumen\\Concerns\\{closure}(Object(Laravel\\Lumen\\Http\\Request))
#12 /var/www/html/app/Middleware/AdminAuthenticate.php(43): Laravel\\Lumen\\Routing\\Pipeline->Laravel\\Lumen\\Routing\\{closure}(Object(Laravel\\Lumen\\Http\\Request))
#13 /var/www/html/vendor/illuminate/pipeline/Pipeline.php(180): App\\Middleware\\AdminAuthenticate->handle(Object(Laravel\\Lumen\\Http\\Request), Object(Closure))
#14 /var/www/html/vendor/laravel/lumen-framework/src/Routing/Pipeline.php(30): Illuminate\\Pipeline\\Pipeline->Illuminate\\Pipeline\\{closure}(Object(Laravel\\Lumen\\Http\\Request))
#15 /var/www/html/app/Middleware/Authenticate.php(45): Laravel\\Lumen\\Routing\\Pipeline->Laravel\\Lumen\\Routing\\{closure}(Object(Laravel\\Lumen\\Http\\Request))
#16 /var/www/html/vendor/illuminate/pipeline/Pipeline.php(180): App\\Middleware\\Authenticate->handle(Object(Laravel\\Lumen\\Http\\Request), Object(Closure))
#17 /var/www/html/vendor/laravel/lumen-framework/src/Routing/Pipeline.php(30): Illuminate\\Pipeline\\Pipeline->Illuminate\\Pipeline\\{closure}(Object(Laravel\\Lumen\\Http\\Request))
#18 /var/www/html/vendor/illuminate/pipeline/Pipeline.php(116): Laravel\\Lumen\\Routing\\Pipeline->Laravel\\Lumen\\Routing\\{closure}(Object(Laravel\\Lumen\\Http\\Request))
#19 /var/www/html/vendor/laravel/lumen-framework/src/Concerns/RoutesRequests.php(428): Illuminate\\Pipeline\\Pipeline->then(Object(Closure))
#20 /var/www/html/vendor/laravel/lumen-framework/src/Concerns/RoutesRequests.php(265): Laravel\\Lumen\\Application->sendThroughPipeline(Array, Object(Closure))
#21 /var/www/html/vendor/laravel/lumen-framework/src/Concerns/RoutesRequests.php(171): Laravel\\Lumen\\Application->handleFoundRoute(Array)
#22 /var/www/html/vendor/laravel/lumen-framework/src/Routing/Pipeline.php(48): Laravel\\Lumen\\Application->Laravel\\Lumen\\Concerns\\{closure}(Object(Laravel\\Lumen\\Http\\Request))
#23 /var/www/html/app/Middleware/CrossMiddleware.php(48): Laravel\\Lumen\\Routing\\Pipeline->Laravel\\Lumen\\Routing\\{closure}(Object(Laravel\\Lumen\\Http\\Request))
#24 /var/www/html/vendor/illuminate/pipeline/Pipeline.php(180): App\\Middleware\\CrossMiddleware->handle(Object(Laravel\\Lumen\\Http\\Request), Object(Closure))
#25 /var/www/html/vendor/laravel/lumen-framework/src/Routing/Pipeline.php(30): Illuminate\\Pipeline\\Pipeline->Illuminate\\Pipeline\\{closure}(Object(Laravel\\Lumen\\Http\\Request))
#26 /var/www/html/vendor/illuminate/pipeline/Pipeline.php(116): Laravel\\Lumen\\Routing\\Pipeline->Laravel\\Lumen\\Routing\\{closure}(Object(Laravel\\Lumen\\Http\\Request))
#27 /var/www/html/vendor/laravel/lumen-framework/src/Concerns/RoutesRequests.php(428): Illuminate\\Pipeline\\Pipeline->then(Object(Closure))
#28 /var/www/html/vendor/laravel/lumen-framework/src/Concerns/RoutesRequests.php(177): Laravel\\Lumen\\Application->sendThroughPipeline(Array, Object(Closure))
#29 /var/www/html/vendor/laravel/lumen-framework/src/Concerns/RoutesRequests.php(112): Laravel\\Lumen\\Application->dispatch(NULL)
#30 /var/www/html/public/index.php(28): Laravel\\Lumen\\Application->run()
#31 {main}
"} 
[2026-09-23 10:36:05] production.ERROR: 请输入任务名称 {"exception":"[object] (App\\Exceptions\\ErrorException(code: 200): 请输入任务名称 at /var/www/html/modules/Sys/Services/CrontabBaseService.php:46)
[stacktrace]
#0 /var/www/html/modules/Sys/Http/Controllers/Manage/CrontabBaseController.php(42): Modules\\Sys\\Services\\CrontabBaseService->addCrontab(Object(Laravel\\Lumen\\Http\\Request))
#1 /var/www/html/vendor/illuminate/container/BoundMethod.php(36): Modules\\Sys\\Http\\Controllers\\Manage\\CrontabBaseController->add(Object(Laravel\\Lumen\\Http\\Request))
#2 /var/www/html/vendor/illuminate/container/Util.php(41): Illuminate\\Container\\BoundMethod::Illuminate\\Container\\{closure}()
#3 /var/www/html/vendor/illuminate/container/BoundMethod.php(93): Illuminate\\Container\\Util::unwrapIfClosure(Object(Closure))
#4 /var/www/html/vendor/illuminate/container/BoundMethod.php(37): Illuminate\\Container\\BoundMethod::callBoundMethod(Object(Laravel\\Lumen\\Application), Array, Object(Closure))
#5 /var/www/html/vendor/illuminate/container/Container.php(661): Illuminate\\Container\\BoundMethod::call(Object(Laravel\\Lumen\\Application), Array, Array, NULL)
#6 /var/www/html/vendor/laravel/lumen-framework/src/Concerns/RoutesRequests.php(391): Illuminate\\Container\\Container->call(Array, Array)
#7 /var/www/html/vendor/laravel/lumen-framework/src/Concerns/RoutesRequests.php(357): Laravel\\Lumen\\Application->callControllerCallable(Array, Array)
#8 /var/www/html/vendor/laravel/lumen-framework/src/Concerns/RoutesRequests.php(331): Laravel\\Lumen\\Application->callLumenController(Object(Modules\\Sys\\Http\\Controllers\\Manage\\CrontabBaseController), 'add', Array)
#9 /var/www/html/vendor/laravel/lumen-framework/src/Concerns/RoutesRequests.php(284): Laravel\\Lumen\\Application->callControllerAction(Array)
#10 /var/www/html/vendor/laravel/lumen-framework/src/Concerns/RoutesRequests.php(264): Laravel\\Lumen\\Application->callActionOnArrayBasedRoute(Array)
#11 /var/www/html/vendor/laravel/lumen-framework/src/Routing/Pipeline.php(48): Laravel\\Lumen\\Application->Laravel\\Lumen\\Concerns\\{closure}(Object(Laravel\\Lumen\\Http\\Request))
#12 /var/www/html/app/Middleware/AdminAuthenticate.php(43): Laravel\\Lumen\\Routing\\Pipeline->Laravel\\Lumen\\Routing\\{closure}(Object(Laravel\\Lumen\\Http\\Request))
#13 /var/www/html/vendor/illuminate/pipeline/Pipeline.php(180): App\\Middleware\\AdminAuthenticate->handle(Object(Laravel\\Lumen\\Http\\Request), Object(Closure))
#14 /var/www/html/vendor/laravel/lumen-framework/src/Routing/Pipeline.php(30): Illuminate\\Pipeline\\Pipeline->Illuminate\\Pipeline\\{closure}(Object(Laravel\\Lumen\\Http\\Request))
#15 /var/www/html/app/Middleware/Authenticate.php(45): Laravel\\Lumen\\Routing\\Pipeline->Laravel\\Lumen\\Routing\\{closure}(Object(Laravel\\Lumen\\Http\\Request))
#16 /var/www/html/vendor/illuminate/pipeline/Pipeline.php(180): App\\Middleware\\Authenticate->handle(Object(Laravel\\Lumen\\Http\\Request), Object(Closure))
#17 /var/www/html/vendor/laravel/lumen-framework/src/Routing/Pipeline.php(30): Illuminate\\Pipeline\\Pipeline->Illuminate\\Pipeline\\{closure}(Object(Laravel\\Lumen\\Http\\Request))
#18 /var/www/html/vendor/illuminate/pipeline/Pipeline.php(116): Laravel\\Lumen\\Routing\\Pipeline->Laravel\\Lumen\\Routing\\{closure}(Object(Laravel\\Lumen\\Http\\Request))
#19 /var/www/html/vendor/laravel/lumen-framework/src/Concerns/RoutesRequests.php(428): Illuminate\\Pipeline\\Pipeline->then(Object(Closure))
#20 /var/www/html/vendor/laravel/lumen-framework/src/Concerns/RoutesRequests.php(265): Laravel\\Lumen\\Application->sendThroughPipeline(Array, Object(Closure))
#21 /var/www/html/vendor/laravel/lumen-framework/src/Concerns/RoutesRequests.php(171): Laravel\\Lumen\\Application->handleFoundRoute(Array)
#22 /var/www/html/vendor/laravel/lumen-framework/src/Routing/Pipeline.php(48): Laravel\\Lumen\\Application->Laravel\\Lumen\\Concerns\\{closure}(Object(Laravel\\Lumen\\Http\\Request))
#23 /var/www/html/app/Middleware/CrossMiddleware.php(48): Laravel\\Lumen\\Routing\\Pipeline->Laravel\\Lumen\\Routing\\{closure}(Object(Laravel\\Lumen\\Http\\Request))
#24 /var/www/html/vendor/illuminate/pipeline/Pipeline.php(180): App\\Middleware\\CrossMiddleware->handle(Object(Laravel\\Lumen\\Http\\Request), Object(Closure))
#25 /var/www/html/vendor/laravel/lumen-framework/src/Routing/Pipeline.php(30): Illuminate\\Pipeline\\Pipeline->Illuminate\\Pipeline\\{closure}(Object(Laravel\\Lumen\\Http\\Request))
#26 /var/www/html/vendor/illuminate/pipeline/Pipeline.php(116): Laravel\\Lumen\\Routing\\Pipeline->Laravel\\Lumen\\Routing\\{closure}(Object(Laravel\\Lumen\\Http\\Request))
#27 /var/www/html/vendor/laravel/lumen-framework/src/Concerns/RoutesRequests.php(428): Illuminate\\Pipeline\\Pipeline->then(Object(Closure))
#28 /var/www/html/vendor/laravel/lumen-framework/src/Concerns/RoutesRequests.php(177): Laravel\\Lumen\\Application->sendThroughPipeline(Array, Object(Closure))
#29 /var/www/html/vendor/laravel/lumen-framework/src/Concerns/RoutesRequests.php(112): Laravel\\Lumen\\Application->dispatch(NULL)
#30 /var/www/html/public/index.php(28): Laravel\\Lumen\\Application->run()
#31 {main}
"} 
[2026-09-23 10:36:05] production.ERROR: 请选择要删除的数据 {"exception":"[object] (App\\Exceptions\\ErrorException(code: 200): 请选择要删除的数据 at /var/www/html/modules/Sys/Services/CrontabBaseService.php:113)
[stacktrace]
#0 /var/www/html/modules/Sys/Http/Controllers/Manage/CrontabBaseController.php(54): Modules\\Sys\\Services\\CrontabBaseService->removeCrontab(Object(Laravel\\Lumen\\Http\\Request))
#1 /var/www/html/vendor/illuminate/container/BoundMethod.php(36): Modules\\Sys\\Http\\Controllers\\Manage\\CrontabBaseController->remove(Object(Laravel\\Lumen\\Http\\Request))
#2 /var/www/html/vendor/illuminate/container/Util.php(41): Illuminate\\Container\\BoundMethod::Illuminate\\Container\\{closure}()
#3 /var/www/html/vendor/illuminate/container/BoundMethod.php(93): Illuminate\\Container\\Util::unwrapIfClosure(Object(Closure))
#4 /var/www/html/vendor/illuminate/container/BoundMethod.php(37): Illuminate\\Container\\BoundMethod::callBoundMethod(Object(Laravel\\Lumen\\Application), Array, Object(Closure))
#5 /var/www/html/vendor/illuminate/container/Container.php(661): Illuminate\\Container\\BoundMethod::call(Object(Laravel\\Lumen\\Application), Array, Array, NULL)
#6 /var/www/html/vendor/laravel/lumen-framework/src/Concerns/RoutesRequests.php(391): Illuminate\\Container\\Container->call(Array, Array)
#7 /var/www/html/vendor/laravel/lumen-framework/src/Concerns/RoutesRequests.php(357): Laravel\\Lumen\\Application->callControllerCallable(Array, Array)
#8 /var/www/html/vendor/laravel/lumen-framework/src/Concerns/RoutesRequests.php(331): Laravel\\Lumen\\Application->callLumenController(Object(Modules\\Sys\\Http\\Controllers\\Manage\\CrontabBaseController), 'remove', Array)
#9 /var/www/html/vendor/laravel/lumen-framework/src/Concerns/RoutesRequests.php(284): Laravel\\Lumen\\Application->callControllerAction(Array)
#10 /var/www/html/vendor/laravel/lumen-framework/src/Concerns/RoutesRequests.php(264): Laravel\\Lumen\\Application->callActionOnArrayBasedRoute(Array)
#11 /var/www/html/vendor/laravel/lumen-framework/src/Routing/Pipeline.php(48): Laravel\\Lumen\\Application->Laravel\\Lumen\\Concerns\\{closure}(Object(Laravel\\Lumen\\Http\\Request))
#12 /var/www/html/app/Middleware/AdminAuthenticate.php(43): Laravel\\Lumen\\Routing\\Pipeline->Laravel\\Lumen\\Routing\\{closure}(Object(Laravel\\Lumen\\Http\\Request))
#13 /var/www/html/vendor/illuminate/pipeline/Pipeline.php(180): App\\Middleware\\AdminAuthenticate->handle(Object(Laravel\\Lumen\\Http\\Request), Object(Closure))
#14 /var/www/html/vendor/laravel/lumen-framework/src/Routing/Pipeline.php(30): Illuminate\\Pipeline\\Pipeline->Illuminate\\Pipeline\\{closure}(Object(Laravel\\Lumen\\Http\\Request))
#15 /var/www/html/app/Middleware/Authenticate.php(45): Laravel\\Lumen\\Routing\\Pipeline->Laravel\\Lumen\\Routing\\{closure}(Object(Laravel\\Lumen\\Http\\Request))
#16 /var/www/html/vendor/illuminate/pipeline/Pipeline.php(180): App\\Middleware\\Authenticate->handle(Object(Laravel\\Lumen\\Http\\Request), Object(Closure))
#17 /var/www/html/vendor/laravel/lumen-framework/src/Routing/Pipeline.php(30): Illuminate\\Pipeline\\Pipeline->Illuminate\\Pipeline\\{closure}(Object(Laravel\\Lumen\\Http\\Request))
#18 /var/www/html/vendor/illuminate/pipeline/Pipeline.php(116): Laravel\\Lumen\\Routing\\Pipeline->Laravel\\Lumen\\Routing\\{closure}(Object(Laravel\\Lumen\\Http\\Request))
#19 /var/www/html/vendor/laravel/lumen-framework/src/Concerns/RoutesRequests.php(428): Illuminate\\Pipeline\\Pipeline->then(Object(Closure))
#20 /var/www/html/vendor/laravel/lumen-framework/src/Concerns/RoutesRequests.php(265): Laravel\\Lumen\\Application->sendThroughPipeline(Array, Object(Closure))
#21 /var/www/html/vendor/laravel/lumen-framework/src/Concerns/RoutesRequests.php(171): Laravel\\Lumen\\Application->handleFoundRoute(Array)
#22 /var/www/html/vendor/laravel/lumen-framework/src/Routing/Pipeline.php(48): Laravel\\Lumen\\Application->Laravel\\Lumen\\Concerns\\{closure}(Object(Laravel\\Lumen\\Http\\Request))
#23 /var/www/html/app/Middleware/CrossMiddleware.php(48): Laravel\\Lumen\\Routing\\Pipeline->Laravel\\Lumen\\Routing\\{closure}(Object(Laravel\\Lumen\\Http\\Request))
#24 /var/www/html/vendor/illuminate/pipeline/Pipeline.php(180): App\\Middleware\\CrossMiddleware->handle(Object(Laravel\\Lumen\\Http\\Request), Object(Closure))
#25 /var/www/html/vendor/laravel/lumen-framework/src/Routing/Pipeline.php(30): Illuminate\\Pipeline\\Pipeline->Illuminate\\Pipeline\\{closure}(Object(Laravel\\Lumen\\Http\\Request))
#26 /var/www/html/vendor/illuminate/pipeline/Pipeline.php(116): Laravel\\Lumen\\Routing\\Pipeline->Laravel\\Lumen\\Routing\\{closure}(Object(Laravel\\Lumen\\Http\\Request))
#27 /var/www/html/vendor/laravel/lumen-framework/src/Concerns/RoutesRequests.php(428): Illuminate\\Pipeline\\Pipeline->then(Object(Closure))
#28 /var/www/html/vendor/laravel/lumen-framework/src/Concerns/RoutesRequests.php(177): Laravel\\Lumen\\Application->sendThroughPipeline(Array, Object(Closure))
#29 /var/www/html/vendor/laravel/lumen-framework/src/Concerns/RoutesRequests.php(112): Laravel\\Lumen\\Application->dispatch(NULL)
#30 /var/www/html/public/index.php(28): Laravel\\Lumen\\Application->run()
#31 {main}
"} 
[2026-09-23 10:36:05] production.ERROR: 请选择反馈会员 {"exception":"[object] (App\\Exceptions\\ErrorException(code: 200): 请选择反馈会员 at /var/www/html/modules/Sys/Services/FeedbackBaseService.php:62)
[stacktrace]
#0 /var/www/html/modules/Sys/Http/Controllers/Manage/FeedbackBaseController.php(42): Modules\\Sys\\Services\\FeedbackBaseService->addFeedback(Object(Laravel\\Lumen\\Http\\Request))
#1 /var/www/html/vendor/illuminate/container/BoundMethod.php(36): Modules\\Sys\\Http\\Controllers\\Manage\\FeedbackBaseController->add(Object(Laravel\\Lumen\\Http\\Request))
#2 /var/www/html/vendor/illuminate/container/Util.php(41): Illuminate\\Container\\BoundMethod::Illuminate\\Container\\{closure}()
#3 /var/www/html/vendor/illuminate/container/BoundMethod.php(93): Illuminate\\Container\\Util::unwrapIfClosure(Object(Closure))
#4 /var/www/html/vendor/illuminate/container/BoundMethod.php(37): Illuminate\\Container\\BoundMethod::callBoundMethod(Object(Laravel\\Lumen\\Application), Array, Object(Closure))
#5 /var/www/html/vendor/illuminate/container/Container.php(661): Illuminate\\Container\\BoundMethod::call(Object(Laravel\\Lumen\\Application), Array, Array, NULL)
#6 /var/www/html/vendor/laravel/lumen-framework/src/Concerns/RoutesRequests.php(391): Illuminate\\Container\\Container->call(Array, Array)
#7 /var/www/html/vendor/laravel/lumen-framework/src/Concerns/RoutesRequests.php(357): Laravel\\Lumen\\Application->callControllerCallable(Array, Array)
#8 /var/www/html/vendor/laravel/lumen-framework/src/Concerns/RoutesRequests.php(331): Laravel\\Lumen\\Application->callLumenController(Object(Modules\\Sys\\Http\\Controllers\\Manage\\FeedbackBaseController), 'add', Array)
#9 /var/www/html/vendor/laravel/lumen-framework/src/Concerns/RoutesRequests.php(284): Laravel\\Lumen\\Application->callControllerAction(Array)
#10 /var/www/html/vendor/laravel/lumen-framework/src/Concerns/RoutesRequests.php(264): Laravel\\Lumen\\Application->callActionOnArrayBasedRoute(Array)
#11 /var/www/html/vendor/laravel/lumen-framework/src/Routing/Pipeline.php(48): Laravel\\Lumen\\Application->Laravel\\Lumen\\Concerns\\{closure}(Object(Laravel\\Lumen\\Http\\Request))
#12 /var/www/html/app/Middleware/AdminAuthenticate.php(43): Laravel\\Lumen\\Routing\\Pipeline->Laravel\\Lumen\\Routing\\{closure}(Object(Laravel\\Lumen\\Http\\Request))
#13 /var/www/html/vendor/illuminate/pipeline/Pipeline.php(180): App\\Middleware\\AdminAuthenticate->handle(Object(Laravel\\Lumen\\Http\\Request), Object(Closure))
#14 /var/www/html/vendor/laravel/lumen-framework/src/Routing/Pipeline.php(30): Illuminate\\Pipeline\\Pipeline->Illuminate\\Pipeline\\{closure}(Object(Laravel\\Lumen\\Http\\Request))
#15 /var/www/html/app/Middleware/Authenticate.php(45): Laravel\\Lumen\\Routing\\Pipeline->Laravel\\Lumen\\Routing\\{closure}(Object(Laravel\\Lumen\\Http\\Request))
#16 /var/www/html/vendor/illuminate/pipeline/Pipeline.php(180): App\\Middleware\\Authenticate->handle(Object(Laravel\\Lumen\\Http\\Request), Object(Closure))
#17 /var/www/html/vendor/laravel/lumen-framework/src/Routing/Pipeline.php(30): Illuminate\\Pipeline\\Pipeline->Illuminate\\Pipeline\\{closure}(Object(Laravel\\Lumen\\Http\\Request))
#18 /var/www/html/vendor/illuminate/pipeline/Pipeline.php(116): Laravel\\Lumen\\Routing\\Pipeline->Laravel\\Lumen\\Routing\\{closure}(Object(Laravel\\Lumen\\Http\\Request))
#19 /var/www/html/vendor/laravel/lumen-framework/src/Concerns/RoutesRequests.php(428): Illuminate\\Pipeline\\Pipeline->then(Object(Closure))
#20 /var/www/html/vendor/laravel/lumen-framework/src/Concerns/RoutesRequests.php(265): Laravel\\Lumen\\Application->sendThroughPipeline(Array, Object(Closure))
#21 /var/www/html/vendor/laravel/lumen-framework/src/Concerns/RoutesRequests.php(171): Laravel\\Lumen\\Application->handleFoundRoute(Array)
#22 /var/www/html/vendor/laravel/lumen-framework/src/Routing/Pipeline.php(48): Laravel\\Lumen\\Application->Laravel\\Lumen\\Concerns\\{closure}(Object(Laravel\\Lumen\\Http\\Request))
#23 /var/www/html/app/Middleware/CrossMiddleware.php(48): Laravel\\Lumen\\Routing\\Pipeline->Laravel\\Lumen\\Routing\\{closure}(Object(Laravel\\Lumen\\Http\\Request))
#24 /var/www/html/vendor/illuminate/pipeline/Pipeline.php(180): App\\Middleware\\CrossMiddleware->handle(Object(Laravel\\Lumen\\Http\\Request), Object(Closure))
#25 /var/www/html/vendor/laravel/lumen-framework/src/Routing/Pipeline.php(30): Illuminate\\Pipeline\\Pipeline->Illuminate\\Pipeline\\{closure}(Object(Laravel\\Lumen\\Http\\Request))
#26 /var/www/html/vendor/illuminate/pipeline/Pipeline.php(116): Laravel\\Lumen\\Routing\\Pipeline->Laravel\\Lumen\\Routing\\{closure}(Object(Laravel\\Lumen\\Http\\Request))
#27 /var/www/html/vendor/laravel/lumen-framework/src/Concerns/RoutesRequests.php(428): Illuminate\\Pipeline\\Pipeline->then(Object(Closure))
#28 /var/www/html/vendor/laravel/lumen-framework/src/Concerns/RoutesRequests.php(177): Laravel\\Lumen\\Application->sendThroughPipeline(Array, Object(Closure))
#29 /var/www/html/vendor/laravel/lumen-framework/src/Concerns/RoutesRequests.php(112): Laravel\\Lumen\\Application->dispatch(NULL)
#30 /var/www/html/public/index.php(28): Laravel\\Lumen\\Application->run()
#31 {main}
"} 
[2026-09-23 10:36:05] production.ERROR: 数据有误 {"exception":"[object] (App\\Exceptions\\ErrorException(code: 200): 数据有误 at /var/www/html/modules/Sys/Services/FeedbackBaseService.php:116)
[stacktrace]
#0 /var/www/html/modules/Sys/Http/Controllers/Manage/FeedbackBaseController.php(54): Modules\\Sys\\Services\\FeedbackBaseService->editFeedback(Object(Laravel\\Lumen\\Http\\Request))
#1 /var/www/html/vendor/illuminate/container/BoundMethod.php(36): Modules\\Sys\\Http\\Controllers\\Manage\\FeedbackBaseController->edit(Object(Laravel\\Lumen\\Http\\Request))
#2 /var/www/html/vendor/illuminate/container/Util.php(41): Illuminate\\Container\\BoundMethod::Illuminate\\Container\\{closure}()
#3 /var/www/html/vendor/illuminate/container/BoundMethod.php(93): Illuminate\\Container\\Util::unwrapIfClosure(Object(Closure))
#4 /var/www/html/vendor/illuminate/container/BoundMethod.php(37): Illuminate\\Container\\BoundMethod::callBoundMethod(Object(Laravel\\Lumen\\Application), Array, Object(Closure))
#5 /var/www/html/vendor/illuminate/container/Container.php(661): Illuminate\\Container\\BoundMethod::call(Object(Laravel\\Lumen\\Application), Array, Array, NULL)
#6 /var/www/html/vendor/laravel/lumen-framework/src/Concerns/RoutesRequests.php(391): Illuminate\\Container\\Container->call(Array, Array)
#7 /var/www/html/vendor/laravel/lumen-framework/src/Concerns/RoutesRequests.php(357): Laravel\\Lumen\\Application->callControllerCallable(Array, Array)
#8 /var/www/html/vendor/laravel/lumen-framework/src/Concerns/RoutesRequests.php(331): Laravel\\Lumen\\Application->callLumenController(Object(Modules\\Sys\\Http\\Controllers\\Manage\\FeedbackBaseController), 'edit', Array)
#9 /var/www/html/vendor/laravel/lumen-framework/src/Concerns/RoutesRequests.php(284): Laravel\\Lumen\\Application->callControllerAction(Array)
#10 /var/www/html/vendor/laravel/lumen-framework/src/Concerns/RoutesRequests.php(264): Laravel\\Lumen\\Application->callActionOnArrayBasedRoute(Array)
#11 /var/www/html/vendor/laravel/lumen-framework/src/Routing/Pipeline.php(48): Laravel\\Lumen\\Application->Laravel\\Lumen\\Concerns\\{closure}(Object(Laravel\\Lumen\\Http\\Request))
#12 /var/www/html/app/Middleware/AdminAuthenticate.php(43): Laravel\\Lumen\\Routing\\Pipeline->Laravel\\Lumen\\Routing\\{closure}(Object(Laravel\\Lumen\\Http\\Request))
#13 /var/www/html/vendor/illuminate/pipeline/Pipeline.php(180): App\\Middleware\\AdminAuthenticate->handle(Object(Laravel\\Lumen\\Http\\Request), Object(Closure))
#14 /var/www/html/vendor/laravel/lumen-framework/src/Routing/Pipeline.php(30): Illuminate\\Pipeline\\Pipeline->Illuminate\\Pipeline\\{closure}(Object(Laravel\\Lumen\\Http\\Request))
#15 /var/www/html/app/Middleware/Authenticate.php(45): Laravel\\Lumen\\Routing\\Pipeline->Laravel\\Lumen\\Routing\\{closure}(Object(Laravel\\Lumen\\Http\\Request))
#16 /var/www/html/vendor/illuminate/pipeline/Pipeline.php(180): App\\Middleware\\Authenticate->handle(Object(Laravel\\Lumen\\Http\\Request), Object(Closure))
#17 /var/www/html/vendor/laravel/lumen-framework/src/Routing/Pipeline.php(30): Illuminate\\Pipeline\\Pipeline->Illuminate\\Pipeline\\{closure}(Object(Laravel\\Lumen\\Http\\Request))
#18 /var/www/html/vendor/illuminate/pipeline/Pipeline.php(116): Laravel\\Lumen\\Routing\\Pipeline->Laravel\\Lumen\\Routing\\{closure}(Object(Laravel\\Lumen\\Http\\Request))
#19 /var/www/html/vendor/laravel/lumen-framework/src/Concerns/RoutesRequests.php(428): Illuminate\\Pipeline\\Pipeline->then(Object(Closure))
#20 /var/www/html/vendor/laravel/lumen-framework/src/Concerns/RoutesRequests.php(265): Laravel\\Lumen\\Application->sendThroughPipeline(Array, Object(Closure))
#21 /var/www/html/vendor/laravel/lumen-framework/src/Concerns/RoutesRequests.php(171): Laravel\\Lumen\\Application->handleFoundRoute(Array)
#22 /var/www/html/vendor/laravel/lumen-framework/src/Routing/Pipeline.php(48): Laravel\\Lumen\\Application->Laravel\\Lumen\\Concerns\\{closure}(Object(Laravel\\Lumen\\Http\\Request))
#23 /var/www/html/app/Middleware/CrossMiddleware.php(48): Laravel\\Lumen\\Routing\\Pipeline->Laravel\\Lumen\\Routing\\{closure}(Object(Laravel\\Lumen\\Http\\Request))
#24 /var/www/html/vendor/illuminate/pipeline/Pipeline.php(180): App\\Middleware\\CrossMiddleware->handle(Object(Laravel\\Lumen\\Http\\Request), Object(Closure))
#25 /var/www/html/vendor/laravel/lumen-framework/src/Routing/Pipeline.php(30): Illuminate\\Pipeline\\Pipeline->Illuminate\\Pipeline\\{closure}(Object(Laravel\\Lumen\\Http\\Request))
#26 /var/www/html/vendor/illuminate/pipeline/Pipeline.php(116): Laravel\\Lumen\\Routing\\Pipeline->Laravel\\Lumen\\Routing\\{closure}(Object(Laravel\\Lumen\\Http\\Request))
#27 /var/www/html/vendor/laravel/lumen-framework/src/Concerns/RoutesRequests.php(428): Illuminate\\Pipeline\\Pipeline->then(Object(Closure))
#28 /var/www/html/vendor/laravel/lumen-framework/src/Concerns/RoutesRequests.php(177): Laravel\\Lumen\\Application->sendThroughPipeline(Array, Object(Closure))
#29 /var/www/html/vendor/laravel/lumen-framework/src/Concerns/RoutesRequests.php(112): Laravel\\Lumen\\Application->dispatch(NULL)
#30 /var/www/html/public/index.php(28): Laravel\\Lumen\\Application->run()
#31 {main}
"} 
[2026-09-23 10:36:05] production.ERROR: 请选择要删除的数据 {"exception":"[object] (App\\Exceptions\\ErrorException(code: 200): 请选择要删除的数据 at /var/www/html/modules/Sys/Services/FeedbackBaseService.php:180)
[stacktrace]
#0 /var/www/html/modules/Sys/Http/Controllers/Manage/FeedbackBaseController.php(70): Modules\\Sys\\Services\\FeedbackBaseService->remove(NULL)
#1 /var/www/html/vendor/illuminate/container/BoundMethod.php(36): Modules\\Sys\\Http\\Controllers\\Manage\\FeedbackBaseController->remove(Object(Laravel\\Lumen\\Http\\Request))
#2 /var/www/html/vendor/illuminate/container/Util.php(41): Illuminate\\Container\\BoundMethod::Illuminate\\Container\\{closure}()
#3 /var/www/html/vendor/illuminate/container/BoundMethod.php(93): Illuminate\\Container\\Util::unwrapIfClosure(Object(Closure))
#4 /var/www/html/vendor/illuminate/container/BoundMethod.php(37): Illuminate\\Container\\BoundMethod::callBoundMethod(Object(Laravel\\Lumen\\Application), Array, Object(Closure))
#5 /var/www/html/vendor/illuminate/container/Container.php(661): Illuminate\\Container\\BoundMethod::call(Object(Laravel\\Lumen\\Application), Array, Array, NULL)
#6 /var/www/html/vendor/laravel/lumen-framework/src/Concerns/RoutesRequests.php(391): Illuminate\\Container\\Container->call(Array, Array)
#7 /var/www/html/vendor/laravel/lumen-framework/src/Concerns/RoutesRequests.php(357): Laravel\\Lumen\\Application->callControllerCallable(Array, Array)
#8 /var/www/html/vendor/laravel/lumen-framework/src/Concerns/RoutesRequests.php(331): Laravel\\Lumen\\Application->callLumenController(Object(Modules\\Sys\\Http\\Controllers\\Manage\\FeedbackBaseController), 'remove', Array)
#9 /var/www/html/vendor/laravel/lumen-framework/src/Concerns/RoutesRequests.php(284): Laravel\\Lumen\\Application->callControllerAction(Array)
#10 /var/www/html/vendor/laravel/lumen-framework/src/Concerns/RoutesRequests.php(264): Laravel\\Lumen\\Application->callActionOnArrayBasedRoute(Array)
#11 /var/www/html/vendor/laravel/lumen-framework/src/Routing/Pipeline.php(48): Laravel\\Lumen\\Application->Laravel\\Lumen\\Concerns\\{closure}(Object(Laravel\\Lumen\\Http\\Request))
#12 /var/www/html/app/Middleware/AdminAuthenticate.php(43): Laravel\\Lumen\\Routing\\Pipeline->Laravel\\Lumen\\Routing\\{closure}(Object(Laravel\\Lumen\\Http\\Request))
#13 /var/www/html/vendor/illuminate/pipeline/Pipeline.php(180): App\\Middleware\\AdminAuthenticate->handle(Object(Laravel\\Lumen\\Http\\Request), Object(Closure))
#14 /var/www/html/vendor/laravel/lumen-framework/src/Routing/Pipeline.php(30): Illuminate\\Pipeline\\Pipeline->Illuminate\\Pipeline\\{closure}(Object(Laravel\\Lumen\\Http\\Request))
#15 /var/www/html/app/Middleware/Authenticate.php(45): Laravel\\Lumen\\Routing\\Pipeline->Laravel\\Lumen\\Routing\\{closure}(Object(Laravel\\Lumen\\Http\\Request))
#16 /var/www/html/vendor/illuminate/pipeline/Pipeline.php(180): App\\Middleware\\Authenticate->handle(Object(Laravel\\Lumen\\Http\\Request), Object(Closure))
#17 /var/www/html/vendor/laravel/lumen-framework/src/Routing/Pipeline.php(30): Illuminate\\Pipeline\\Pipeline->Illuminate\\Pipeline\\{closure}(Object(Laravel\\Lumen\\Http\\Request))
#18 /var/www/html/vendor/illuminate/pipeline/Pipeline.php(116): Laravel\\Lumen\\Routing\\Pipeline->Laravel\\Lumen\\Routing\\{closure}(Object(Laravel\\Lumen\\Http\\Request))
#19 /var/www/html/vendor/laravel/lumen-framework/src/Concerns/RoutesRequests.php(428): Illuminate\\Pipeline\\Pipeline->then(Object(Closure))
#20 /var/www/html/vendor/laravel/lumen-framework/src/Concerns/RoutesRequests.php(265): Laravel\\Lumen\\Application->sendThroughPipeline(Array, Object(Closure))
#21 /var/www/html/vendor/laravel/lumen-framework/src/Concerns/RoutesRequests.php(171): Laravel\\Lumen\\Application->handleFoundRoute(Array)
#22 /var/www/html/vendor/laravel/lumen-framework/src/Routing/Pipeline.php(48): Laravel\\Lumen\\Application->Laravel\\Lumen\\Concerns\\{closure}(Object(Laravel\\Lumen\\Http\\Request))
#23 /var/www/html/app/Middleware/CrossMiddleware.php(48): Laravel\\Lumen\\Routing\\Pipeline->Laravel\\Lumen\\Routing\\{closure}(Object(Laravel\\Lumen\\Http\\Request))
#24 /var/www/html/vendor/illuminate/pipeline/Pipeline.php(180): App\\Middleware\\CrossMiddleware->handle(Object(Laravel\\Lumen\\Http\\Request), Object(Closure))
#25 /var/www/html/vendor/laravel/lumen-framework/src/Routing/Pipeline.php(30): Illuminate\\Pipeline\\Pipeline->Illuminate\\Pipeline\\{closure}(Object(Laravel\\Lumen\\Http\\Request))
#26 /var/www/html/vendor/illuminate/pipeline/Pipeline.php(116): Laravel\\Lumen\\Routing\\Pipeline->Laravel\\Lumen\\Routing\\{closure}(Object(Laravel\\Lumen\\Http\\Request))
#27 /var/www/html/vendor/laravel/lumen-framework/src/Concerns/RoutesRequests.php(428): Illuminate\\Pipeline\\Pipeline->then(Object(Closure))
#28 /var/www/html/vendor/laravel/lumen-framework/src/Concerns/RoutesRequests.php(177): Laravel\\Lumen\\Application->sendThroughPipeline(Array, Object(Closure))
#29 /var/www/html/vendor/laravel/lumen-framework/src/Concerns/RoutesRequests.php(112): Laravel\\Lumen\\Application->dispatch(NULL)
#30 /var/www/html/public/index.php(28): Laravel\\Lumen\\Application->run()
#31 {main}
"} 
[2026-09-23 10:36:05] production.ERROR: 请先上传素材文件 {"exception":"[object] (App\\Exceptions\\ErrorException(code: 200): 请先上传素材文件 at /var/www/html/modules/Sys/Services/MaterialBaseService.php:56)
[stacktrace]
#0 /var/www/html/modules/Sys/Http/Controllers/Manage/MaterialBaseController.php(76): Modules\\Sys\\Services\\MaterialBaseService->addMaterial(Object(Laravel\\Lumen\\Http\\Request))
#1 /var/www/html/vendor/illuminate/container/BoundMethod.php(36): Modules\\Sys\\Http\\Controllers\\Manage\\MaterialBaseController->add(Object(Laravel\\Lumen\\Http\\Request))
#2 /var/www/html/vendor/illuminate/container/Util.php(41): Illuminate\\Container\\BoundMethod::Illuminate\\Container\\{closure}()
#3 /var/www/html/vendor/illuminate/container/BoundMethod.php(93): Illuminate\\Container\\Util::unwrapIfClosure(Object(Closure))
#4 /var/www/html/vendor/illuminate/container/BoundMethod.php(37): Illuminate\\Container\\BoundMethod::callBoundMethod(Object(Laravel\\Lumen\\Application), Array, Object(Closure))
#5 /var/www/html/vendor/illuminate/container/Container.php(661): Illuminate\\Container\\BoundMethod::call(Object(Laravel\\Lumen\\Application), Array, Array, NULL)
#6 /var/www/html/vendor/laravel/lumen-framework/src/Concerns/RoutesRequests.php(391): Illuminate\\Container\\Container->call(Array, Array)
#7 /var/www/html/vendor/laravel/lumen-framework/src/Concerns/RoutesRequests.php(357): Laravel\\Lumen\\Application->callControllerCallable(Array, Array)
#8 /var/www/html/vendor/laravel/lumen-framework/src/Concerns/RoutesRequests.php(331): Laravel\\Lumen\\Application->callLumenController(Object(Modules\\Sys\\Http\\Controllers\\Manage\\MaterialBaseController), 'add', Array)
#9 /var/www/html/vendor/laravel/lumen-framework/src/Concerns/RoutesRequests.php(284): Laravel\\Lumen\\Application->callControllerAction(Array)
#10 /var/www/html/vendor/laravel/lumen-framework/src/Concerns/RoutesRequests.php(264): Laravel\\Lumen\\Application->callActionOnArrayBasedRoute(Array)
#11 /var/www/html/vendor/laravel/lumen-framework/src/Routing/Pipeline.php(48): Laravel\\Lumen\\Application->Laravel\\Lumen\\Concerns\\{closure}(Object(Laravel\\Lumen\\Http\\Request))
#12 /var/www/html/app/Middleware/AdminAuthenticate.php(43): Laravel\\Lumen\\Routing\\Pipeline->Laravel\\Lumen\\Routing\\{closure}(Object(Laravel\\Lumen\\Http\\Request))
#13 /var/www/html/vendor/illuminate/pipeline/Pipeline.php(180): App\\Middleware\\AdminAuthenticate->handle(Object(Laravel\\Lumen\\Http\\Request), Object(Closure))
#14 /var/www/html/vendor/laravel/lumen-framework/src/Routing/Pipeline.php(30): Illuminate\\Pipeline\\Pipeline->Illuminate\\Pipeline\\{closure}(Object(Laravel\\Lumen\\Http\\Request))
#15 /var/www/html/app/Middleware/Authenticate.php(45): Laravel\\Lumen\\Routing\\Pipeline->Laravel\\Lumen\\Routing\\{closure}(Object(Laravel\\Lumen\\Http\\Request))
#16 /var/www/html/vendor/illuminate/pipeline/Pipeline.php(180): App\\Middleware\\Authenticate->handle(Object(Laravel\\Lumen\\Http\\Request), Object(Closure))
#17 /var/www/html/vendor/laravel/lumen-framework/src/Routing/Pipeline.php(30): Illuminate\\Pipeline\\Pipeline->Illuminate\\Pipeline\\{closure}(Object(Laravel\\Lumen\\Http\\Request))
#18 /var/www/html/vendor/illuminate/pipeline/Pipeline.php(116): Laravel\\Lumen\\Routing\\Pipeline->Laravel\\Lumen\\Routing\\{closure}(Object(Laravel\\Lumen\\Http\\Request))
#19 /var/www/html/vendor/laravel/lumen-framework/src/Concerns/RoutesRequests.php(428): Illuminate\\Pipeline\\Pipeline->then(Object(Closure))
#20 /var/www/html/vendor/laravel/lumen-framework/src/Concerns/RoutesRequests.php(265): Laravel\\Lumen\\Application->sendThroughPipeline(Array, Object(Closure))
#21 /var/www/html/vendor/laravel/lumen-framework/src/Concerns/RoutesRequests.php(171): Laravel\\Lumen\\Application->handleFoundRoute(Array)
#22 /var/www/html/vendor/laravel/lumen-framework/src/Routing/Pipeline.php(48): Laravel\\Lumen\\Application->Laravel\\Lumen\\Concerns\\{closure}(Object(Laravel\\Lumen\\Http\\Request))
#23 /var/www/html/app/Middleware/CrossMiddleware.php(48): Laravel\\Lumen\\Routing\\Pipeline->Laravel\\Lumen\\Routing\\{closure}(Object(Laravel\\Lumen\\Http\\Request))
#24 /var/www/html/vendor/illuminate/pipeline/Pipeline.php(180): App\\Middleware\\CrossMiddleware->handle(Object(Laravel\\Lumen\\Http\\Request), Object(Closure))
#25 /var/www/html/vendor/laravel/lumen-framework/src/Routing/Pipeline.php(30): Illuminate\\Pipeline\\Pipeline->Illuminate\\Pipeline\\{closure}(Object(Laravel\\Lumen\\Http\\Request))
#26 /var/www/html/vendor/illuminate/pipeline/Pipeline.php(116): Laravel\\Lumen\\Routing\\Pipeline->Laravel\\Lumen\\Routing\\{closure}(Object(Laravel\\Lumen\\Http\\Request))
#27 /var/www/html/vendor/laravel/lumen-framework/src/Concerns/RoutesRequests.php(428): Illuminate\\Pipeline\\Pipeline->then(Object(Closure))
#28 /var/www/html/vendor/laravel/lumen-framework/src/Concerns/RoutesRequests.php(177): Laravel\\Lumen\\Application->sendThroughPipeline(Array, Object(Closure))
#29 /var/www/html/vendor/laravel/lumen-framework/src/Concerns/RoutesRequests.php(112): Laravel\\Lumen\\Application->dispatch(NULL)
#30 /var/www/html/public/index.php(28): Laravel\\Lumen\\Application->run()
#31 {main}
"} 
[2026-09-23 10:36:05] production.ERROR: 请选择要删除的数据 {"exception":"[object] (App\\Exceptions\\ErrorException(code: 200): 请选择要删除的数据 at /var/www/html/modules/Sys/Services/MaterialBaseService.php:122)
[stacktrace]
#0 /var/www/html/modules/Sys/Http/Controllers/Manage/MaterialBaseController.php(88): Modules\\Sys\\Services\\MaterialBaseService->removeBatchMaterial(Object(Laravel\\Lumen\\Http\\Request))
#1 /var/www/html/vendor/illuminate/container/BoundMethod.php(36): Modules\\Sys\\Http\\Controllers\\Manage\\MaterialBaseController->removeBatch(Object(Laravel\\Lumen\\Http\\Request))
#2 /var/www/html/vendor/illuminate/container/Util.php(41): Illuminate\\Container\\BoundMethod::Illuminate\\Container\\{closure}()
#3 /var/www/html/vendor/illuminate/container/BoundMethod.php(93): Illuminate\\Container\\Util::unwrapIfClosure(Object(Closure))
#4 /var/www/html/vendor/illuminate/container/BoundMethod.php(37): Illuminate\\Container\\BoundMethod::callBoundMethod(Object(Laravel\\Lumen\\Application), Array, Object(Closure))
#5 /var/www/html/vendor/illuminate/container/Container.php(661): Illuminate\\Container\\BoundMethod::call(Object(Laravel\\Lumen\\Application), Array, Array, NULL)
#6 /var/www/html/vendor/laravel/lumen-framework/src/Concerns/RoutesRequests.php(391): Illuminate\\Container\\Container->call(Array, Array)
#7 /var/www/html/vendor/laravel/lumen-framework/src/Concerns/RoutesRequests.php(357): Laravel\\Lumen\\Application->callControllerCallable(Array, Array)
#8 /var/www/html/vendor/laravel/lumen-framework/src/Concerns/RoutesRequests.php(331): Laravel\\Lumen\\Application->callLumenController(Object(Modules\\Sys\\Http\\Controllers\\Manage\\MaterialBaseController), 'removeBatch', Array)
#9 /var/www/html/vendor/laravel/lumen-framework/src/Concerns/RoutesRequests.php(284): Laravel\\Lumen\\Application->callControllerAction(Array)
#10 /var/www/html/vendor/laravel/lumen-framework/src/Concerns/RoutesRequests.php(264): Laravel\\Lumen\\Application->callActionOnArrayBasedRoute(Array)
#11 /var/www/html/vendor/laravel/lumen-framework/src/Routing/Pipeline.php(48): Laravel\\Lumen\\Application->Laravel\\Lumen\\Concerns\\{closure}(Object(Laravel\\Lumen\\Http\\Request))
#12 /var/www/html/app/Middleware/AdminAuthenticate.php(43): Laravel\\Lumen\\Routing\\Pipeline->Laravel\\Lumen\\Routing\\{closure}(Object(Laravel\\Lumen\\Http\\Request))
#13 /var/www/html/vendor/illuminate/pipeline/Pipeline.php(180): App\\Middleware\\AdminAuthenticate->handle(Object(Laravel\\Lumen\\Http\\Request), Object(Closure))
#14 /var/www/html/vendor/laravel/lumen-framework/src/Routing/Pipeline.php(30): Illuminate\\Pipeline\\Pipeline->Illuminate\\Pipeline\\{closure}(Object(Laravel\\Lumen\\Http\\Request))
#15 /var/www/html/app/Middleware/Authenticate.php(45): Laravel\\Lumen\\Routing\\Pipeline->Laravel\\Lumen\\Routing\\{closure}(Object(Laravel\\Lumen\\Http\\Request))
#16 /var/www/html/vendor/illuminate/pipeline/Pipeline.php(180): App\\Middleware\\Authenticate->handle(Object(Laravel\\Lumen\\Http\\Request), Object(Closure))
#17 /var/www/html/vendor/laravel/lumen-framework/src/Routing/Pipeline.php(30): Illuminate\\Pipeline\\Pipeline->Illuminate\\Pipeline\\{closure}(Object(Laravel\\Lumen\\Http\\Request))
#18 /var/www/html/vendor/illuminate/pipeline/Pipeline.php(116): Laravel\\Lumen\\Routing\\Pipeline->Laravel\\Lumen\\Routing\\{closure}(Object(Laravel\\Lumen\\Http\\Request))
#19 /var/www/html/vendor/laravel/lumen-framework/src/Concerns/RoutesRequests.php(428): Illuminate\\Pipeline\\Pipeline->then(Object(Closure))
#20 /var/www/html/vendor/laravel/lumen-framework/src/Concerns/RoutesRequests.php(265): Laravel\\Lumen\\Application->sendThroughPipeline(Array, Object(Closure))
#21 /var/www/html/vendor/laravel/lumen-framework/src/Concerns/RoutesRequests.php(171): Laravel\\Lumen\\Application->handleFoundRoute(Array)
#22 /var/www/html/vendor/laravel/lumen-framework/src/Routing/Pipeline.php(48): Laravel\\Lumen\\Application->Laravel\\Lumen\\Concerns\\{closure}(Object(Laravel\\Lumen\\Http\\Request))
#23 /var/www/html/app/Middleware/CrossMiddleware.php(48): Laravel\\Lumen\\Routing\\Pipeline->Laravel\\Lumen\\Routing\\{closure}(Object(Laravel\\Lumen\\Http\\Request))
#24 /var/www/html/vendor/illuminate/pipeline/Pipeline.php(180): App\\Middleware\\CrossMiddleware->handle(Object(Laravel\\Lumen\\Http\\Request), Object(Closure))
#25 /var/www/html/vendor/laravel/lumen-framework/src/Routing/Pipeline.php(30): Illuminate\\Pipeline\\Pipeline->Illuminate\\Pipeline\\{closure}(Object(Laravel\\Lumen\\Http\\Request))
#26 /var/www/html/vendor/illuminate/pipeline/Pipeline.php(116): Laravel\\Lumen\\Routing\\Pipeline->Laravel\\Lumen\\Routing\\{closure}(Object(Laravel\\Lumen\\Http\\Request))
#27 /var/www/html/vendor/laravel/lumen-framework/src/Concerns/RoutesRequests.php(428): Illuminate\\Pipeline\\Pipeline->then(Object(Closure))
#28 /var/www/html/vendor/laravel/lumen-framework/src/Concerns/RoutesRequests.php(177): Laravel\\Lumen\\Application->sendThroughPipeline(Array, Object(Closure))
#29 /var/www/html/vendor/laravel/lumen-framework/src/Concerns/RoutesRequests.php(112): Laravel\\Lumen\\Application->dispatch(NULL)
#30 /var/www/html/public/index.php(28): Laravel\\Lumen\\Application->run()
#31 {main}
"} 
[2026-09-23 10:36:06] production.ERROR: 短信通道未配置，请先在 sys_config_base 中设置 sms_gateway_url {"exception":"[object] (App\\Exceptions\\ErrorException(code: 200): 短信通道未配置，请先在 sys_config_base 中设置 sms_gateway_url at /var/www/html/modules/Sys/Http/Controllers/Front/CaptchaController.php:137)
[stacktrace]
#0 /var/www/html/vendor/illuminate/container/BoundMethod.php(36): Modules\\Sys\\Http\\Controllers\\Front\\CaptchaController->sendMobileVerifyCode(Object(Laravel\\Lumen\\Http\\Request))
#1 /var/www/html/vendor/illuminate/container/Util.php(41): Illuminate\\Container\\BoundMethod::Illuminate\\Container\\{closure}()
#2 /var/www/html/vendor/illuminate/container/BoundMethod.php(93): Illuminate\\Container\\Util::unwrapIfClosure(Object(Closure))
#3 /var/www/html/vendor/illuminate/container/BoundMethod.php(37): Illuminate\\Container\\BoundMethod::callBoundMethod(Object(Laravel\\Lumen\\Application), Array, Object(Closure))
#4 /var/www/html/vendor/illuminate/container/Container.php(661): Illuminate\\Container\\BoundMethod::call(Object(Laravel\\Lumen\\Application), Array, Array, NULL)
#5 /var/www/html/vendor/laravel/lumen-framework/src/Concerns/RoutesRequests.php(391): Illuminate\\Container\\Container->call(Array, Array)
#6 /var/www/html/vendor/laravel/lumen-framework/src/Concerns/RoutesRequests.php(357): Laravel\\Lumen\\Application->callControllerCallable(Array, Array)
#7 /var/www/html/vendor/laravel/lumen-framework/src/Concerns/RoutesRequests.php(331): Laravel\\Lumen\\Application->callLumenController(Object(Modules\\Sys\\Http\\Controllers\\Front\\CaptchaController), 'sendMobileVerif...', Array)
#8 /var/www/html/vendor/laravel/lumen-framework/src/Concerns/RoutesRequests.php(284): Laravel\\Lumen\\Application->callControllerAction(Array)
#9 /var/www/html/vendor/laravel/lumen-framework/src/Concerns/RoutesRequests.php(269): Laravel\\Lumen\\Application->callActionOnArrayBasedRoute(Array)
#10 /var/www/html/vendor/laravel/lumen-framework/src/Concerns/RoutesRequests.php(171): Laravel\\Lumen\\Application->handleFoundRoute(Array)
#11 /var/www/html/vendor/laravel/lumen-framework/src/Routing/Pipeline.php(48): Laravel\\Lumen\\Application->Laravel\\Lumen\\Concerns\\{closure}(Object(Laravel\\Lumen\\Http\\Request))
#12 /var/www/html/app/Middleware/CrossMiddleware.php(48): Laravel\\Lumen\\Routing\\Pipeline->Laravel\\Lumen\\Routing\\{closure}(Object(Laravel\\Lumen\\Http\\Request))
#13 /var/www/html/vendor/illuminate/pipeline/Pipeline.php(180): App\\Middleware\\CrossMiddleware->handle(Object(Laravel\\Lumen\\Http\\Request), Object(Closure))
#14 /var/www/html/vendor/laravel/lumen-framework/src/Routing/Pipeline.php(30): Illuminate\\Pipeline\\Pipeline->Illuminate\\Pipeline\\{closure}(Object(Laravel\\Lumen\\Http\\Request))
#15 /var/www/html/vendor/illuminate/pipeline/Pipeline.php(116): Laravel\\Lumen\\Routing\\Pipeline->Laravel\\Lumen\\Routing\\{closure}(Object(Laravel\\Lumen\\Http\\Request))
#16 /var/www/html/vendor/laravel/lumen-framework/src/Concerns/RoutesRequests.php(428): Illuminate\\Pipeline\\Pipeline->then(Object(Closure))
#17 /var/www/html/vendor/laravel/lumen-framework/src/Concerns/RoutesRequests.php(177): Laravel\\Lumen\\Application->sendThroughPipeline(Array, Object(Closure))
#18 /var/www/html/vendor/laravel/lumen-framework/src/Concerns/RoutesRequests.php(112): Laravel\\Lumen\\Application->dispatch(NULL)
#19 /var/www/html/public/index.php(28): Laravel\\Lumen\\Application->run()
#20 {main}
"} 
[2026-09-23 10:43:58] production.ERROR: 请选择买家 {"exception":"[object] (App\\Exceptions\\ErrorException(code: 200): 请选择买家 at /var/www/html/modules/Trade/Http/Controllers/Manage/OrderBaseController.php:61)
[stacktrace]
#0 /var/www/html/vendor/illuminate/container/BoundMethod.php(36): Modules\\Trade\\Http\\Controllers\\Manage\\OrderBaseController->add(Object(Laravel\\Lumen\\Http\\Request))
#1 /var/www/html/vendor/illuminate/container/Util.php(41): Illuminate\\Container\\BoundMethod::Illuminate\\Container\\{closure}()
#2 /var/www/html/vendor/illuminate/container/BoundMethod.php(93): Illuminate\\Container\\Util::unwrapIfClosure(Object(Closure))
#3 /var/www/html/vendor/illuminate/container/BoundMethod.php(37): Illuminate\\Container\\BoundMethod::callBoundMethod(Object(Laravel\\Lumen\\Application), Array, Object(Closure))
#4 /var/www/html/vendor/illuminate/container/Container.php(661): Illuminate\\Container\\BoundMethod::call(Object(Laravel\\Lumen\\Application), Array, Array, NULL)
#5 /var/www/html/vendor/laravel/lumen-framework/src/Concerns/RoutesRequests.php(391): Illuminate\\Container\\Container->call(Array, Array)
#6 /var/www/html/vendor/laravel/lumen-framework/src/Concerns/RoutesRequests.php(357): Laravel\\Lumen\\Application->callControllerCallable(Array, Array)
#7 /var/www/html/vendor/laravel/lumen-framework/src/Concerns/RoutesRequests.php(331): Laravel\\Lumen\\Application->callLumenController(Object(Modules\\Trade\\Http\\Controllers\\Manage\\OrderBaseController), 'add', Array)
#8 /var/www/html/vendor/laravel/lumen-framework/src/Concerns/RoutesRequests.php(284): Laravel\\Lumen\\Application->callControllerAction(Array)
#9 /var/www/html/vendor/laravel/lumen-framework/src/Concerns/RoutesRequests.php(264): Laravel\\Lumen\\Application->callActionOnArrayBasedRoute(Array)
#10 /var/www/html/vendor/laravel/lumen-framework/src/Routing/Pipeline.php(48): Laravel\\Lumen\\Application->Laravel\\Lumen\\Concerns\\{closure}(Object(Laravel\\Lumen\\Http\\Request))
#11 /var/www/html/app/Middleware/AdminAuthenticate.php(43): Laravel\\Lumen\\Routing\\Pipeline->Laravel\\Lumen\\Routing\\{closure}(Object(Laravel\\Lumen\\Http\\Request))
#12 /var/www/html/vendor/illuminate/pipeline/Pipeline.php(180): App\\Middleware\\AdminAuthenticate->handle(Object(Laravel\\Lumen\\Http\\Request), Object(Closure))
#13 /var/www/html/vendor/laravel/lumen-framework/src/Routing/Pipeline.php(30): Illuminate\\Pipeline\\Pipeline->Illuminate\\Pipeline\\{closure}(Object(Laravel\\Lumen\\Http\\Request))
#14 /var/www/html/app/Middleware/Authenticate.php(45): Laravel\\Lumen\\Routing\\Pipeline->Laravel\\Lumen\\Routing\\{closure}(Object(Laravel\\Lumen\\Http\\Request))
#15 /var/www/html/vendor/illuminate/pipeline/Pipeline.php(180): App\\Middleware\\Authenticate->handle(Object(Laravel\\Lumen\\Http\\Request), Object(Closure))
#16 /var/www/html/vendor/laravel/lumen-framework/src/Routing/Pipeline.php(30): Illuminate\\Pipeline\\Pipeline->Illuminate\\Pipeline\\{closure}(Object(Laravel\\Lumen\\Http\\Request))
#17 /var/www/html/vendor/illuminate/pipeline/Pipeline.php(116): Laravel\\Lumen\\Routing\\Pipeline->Laravel\\Lumen\\Routing\\{closure}(Object(Laravel\\Lumen\\Http\\Request))
#18 /var/www/html/vendor/laravel/lumen-framework/src/Concerns/RoutesRequests.php(428): Illuminate\\Pipeline\\Pipeline->then(Object(Closure))
#19 /var/www/html/vendor/laravel/lumen-framework/src/Concerns/RoutesRequests.php(265): Laravel\\Lumen\\Application->sendThroughPipeline(Array, Object(Closure))
#20 /var/www/html/vendor/laravel/lumen-framework/src/Concerns/RoutesRequests.php(171): Laravel\\Lumen\\Application->handleFoundRoute(Array)
#21 /var/www/html/vendor/laravel/lumen-framework/src/Routing/Pipeline.php(48): Laravel\\Lumen\\Application->Laravel\\Lumen\\Concerns\\{closure}(Object(Laravel\\Lumen\\Http\\Request))
#22 /var/www/html/app/Middleware/CrossMiddleware.php(48): Laravel\\Lumen\\Routing\\Pipeline->Laravel\\Lumen\\Routing\\{closure}(Object(Laravel\\Lumen\\Http\\Request))
#23 /var/www/html/vendor/illuminate/pipeline/Pipeline.php(180): App\\Middleware\\CrossMiddleware->handle(Object(Laravel\\Lumen\\Http\\Request), Object(Closure))
#24 /var/www/html/vendor/laravel/lumen-framework/src/Routing/Pipeline.php(30): Illuminate\\Pipeline\\Pipeline->Illuminate\\Pipeline\\{closure}(Object(Laravel\\Lumen\\Http\\Request))
#25 /var/www/html/vendor/illuminate/pipeline/Pipeline.php(116): Laravel\\Lumen\\Routing\\Pipeline->Laravel\\Lumen\\Routing\\{closure}(Object(Laravel\\Lumen\\Http\\Request))
#26 /var/www/html/vendor/laravel/lumen-framework/src/Concerns/RoutesRequests.php(428): Illuminate\\Pipeline\\Pipeline->then(Object(Closure))
#27 /var/www/html/vendor/laravel/lumen-framework/src/Concerns/RoutesRequests.php(177): Laravel\\Lumen\\Application->sendThroughPipeline(Array, Object(Closure))
#28 /var/www/html/vendor/laravel/lumen-framework/src/Concerns/RoutesRequests.php(112): Laravel\\Lumen\\Application->dispatch(NULL)
#29 /var/www/html/public/index.php(28): Laravel\\Lumen\\Application->run()
#30 {main}
"} 
[2026-09-23 10:43:58] production.ERROR: 请先添加商品 {"exception":"[object] (App\\Exceptions\\ErrorException(code: 200): 请先添加商品 at /var/www/html/modules/Trade/Http/Controllers/Manage/OrderBaseController.php:68)
[stacktrace]
#0 /var/www/html/vendor/illuminate/container/BoundMethod.php(36): Modules\\Trade\\Http\\Controllers\\Manage\\OrderBaseController->add(Object(Laravel\\Lumen\\Http\\Request))
#1 /var/www/html/vendor/illuminate/container/Util.php(41): Illuminate\\Container\\BoundMethod::Illuminate\\Container\\{closure}()
#2 /var/www/html/vendor/illuminate/container/BoundMethod.php(93): Illuminate\\Container\\Util::unwrapIfClosure(Object(Closure))
#3 /var/www/html/vendor/illuminate/container/BoundMethod.php(37): Illuminate\\Container\\BoundMethod::callBoundMethod(Object(Laravel\\Lumen\\Application), Array, Object(Closure))
#4 /var/www/html/vendor/illuminate/container/Container.php(661): Illuminate\\Container\\BoundMethod::call(Object(Laravel\\Lumen\\Application), Array, Array, NULL)
#5 /var/www/html/vendor/laravel/lumen-framework/src/Concerns/RoutesRequests.php(391): Illuminate\\Container\\Container->call(Array, Array)
#6 /var/www/html/vendor/laravel/lumen-framework/src/Concerns/RoutesRequests.php(357): Laravel\\Lumen\\Application->callControllerCallable(Array, Array)
#7 /var/www/html/vendor/laravel/lumen-framework/src/Concerns/RoutesRequests.php(331): Laravel\\Lumen\\Application->callLumenController(Object(Modules\\Trade\\Http\\Controllers\\Manage\\OrderBaseController), 'add', Array)
#8 /var/www/html/vendor/laravel/lumen-framework/src/Concerns/RoutesRequests.php(284): Laravel\\Lumen\\Application->callControllerAction(Array)
#9 /var/www/html/vendor/laravel/lumen-framework/src/Concerns/RoutesRequests.php(264): Laravel\\Lumen\\Application->callActionOnArrayBasedRoute(Array)
#10 /var/www/html/vendor/laravel/lumen-framework/src/Routing/Pipeline.php(48): Laravel\\Lumen\\Application->Laravel\\Lumen\\Concerns\\{closure}(Object(Laravel\\Lumen\\Http\\Request))
#11 /var/www/html/app/Middleware/AdminAuthenticate.php(43): Laravel\\Lumen\\Routing\\Pipeline->Laravel\\Lumen\\Routing\\{closure}(Object(Laravel\\Lumen\\Http\\Request))
#12 /var/www/html/vendor/illuminate/pipeline/Pipeline.php(180): App\\Middleware\\AdminAuthenticate->handle(Object(Laravel\\Lumen\\Http\\Request), Object(Closure))
#13 /var/www/html/vendor/laravel/lumen-framework/src/Routing/Pipeline.php(30): Illuminate\\Pipeline\\Pipeline->Illuminate\\Pipeline\\{closure}(Object(Laravel\\Lumen\\Http\\Request))
#14 /var/www/html/app/Middleware/Authenticate.php(45): Laravel\\Lumen\\Routing\\Pipeline->Laravel\\Lumen\\Routing\\{closure}(Object(Laravel\\Lumen\\Http\\Request))
#15 /var/www/html/vendor/illuminate/pipeline/Pipeline.php(180): App\\Middleware\\Authenticate->handle(Object(Laravel\\Lumen\\Http\\Request), Object(Closure))
#16 /var/www/html/vendor/laravel/lumen-framework/src/Routing/Pipeline.php(30): Illuminate\\Pipeline\\Pipeline->Illuminate\\Pipeline\\{closure}(Object(Laravel\\Lumen\\Http\\Request))
#17 /var/www/html/vendor/illuminate/pipeline/Pipeline.php(116): Laravel\\Lumen\\Routing\\Pipeline->Laravel\\Lumen\\Routing\\{closure}(Object(Laravel\\Lumen\\Http\\Request))
#18 /var/www/html/vendor/laravel/lumen-framework/src/Concerns/RoutesRequests.php(428): Illuminate\\Pipeline\\Pipeline->then(Object(Closure))
#19 /var/www/html/vendor/laravel/lumen-framework/src/Concerns/RoutesRequests.php(265): Laravel\\Lumen\\Application->sendThroughPipeline(Array, Object(Closure))
#20 /var/www/html/vendor/laravel/lumen-framework/src/Concerns/RoutesRequests.php(171): Laravel\\Lumen\\Application->handleFoundRoute(Array)
#21 /var/www/html/vendor/laravel/lumen-framework/src/Routing/Pipeline.php(48): Laravel\\Lumen\\Application->Laravel\\Lumen\\Concerns\\{closure}(Object(Laravel\\Lumen\\Http\\Request))
#22 /var/www/html/app/Middleware/CrossMiddleware.php(48): Laravel\\Lumen\\Routing\\Pipeline->Laravel\\Lumen\\Routing\\{closure}(Object(Laravel\\Lumen\\Http\\Request))
#23 /var/www/html/vendor/illuminate/pipeline/Pipeline.php(180): App\\Middleware\\CrossMiddleware->handle(Object(Laravel\\Lumen\\Http\\Request), Object(Closure))
#24 /var/www/html/vendor/laravel/lumen-framework/src/Routing/Pipeline.php(30): Illuminate\\Pipeline\\Pipeline->Illuminate\\Pipeline\\{closure}(Object(Laravel\\Lumen\\Http\\Request))
#25 /var/www/html/vendor/illuminate/pipeline/Pipeline.php(116): Laravel\\Lumen\\Routing\\Pipeline->Laravel\\Lumen\\Routing\\{closure}(Object(Laravel\\Lumen\\Http\\Request))
#26 /var/www/html/vendor/laravel/lumen-framework/src/Concerns/RoutesRequests.php(428): Illuminate\\Pipeline\\Pipeline->then(Object(Closure))
#27 /var/www/html/vendor/laravel/lumen-framework/src/Concerns/RoutesRequests.php(177): Laravel\\Lumen\\Application->sendThroughPipeline(Array, Object(Closure))
#28 /var/www/html/vendor/laravel/lumen-framework/src/Concerns/RoutesRequests.php(112): Laravel\\Lumen\\Application->dispatch(NULL)
#29 /var/www/html/public/index.php(28): Laravel\\Lumen\\Application->run()
#30 {main}
"} 
[2026-09-23 10:43:58] production.ERROR: 请先添加商品 {"exception":"[object] (App\\Exceptions\\ErrorException(code: 200): 请先添加商品 at /var/www/html/modules/Trade/Http/Controllers/Manage/OrderBaseController.php:68)
[stacktrace]
#0 /var/www/html/vendor/illuminate/container/BoundMethod.php(36): Modules\\Trade\\Http\\Controllers\\Manage\\OrderBaseController->add(Object(Laravel\\Lumen\\Http\\Request))
#1 /var/www/html/vendor/illuminate/container/Util.php(41): Illuminate\\Container\\BoundMethod::Illuminate\\Container\\{closure}()
#2 /var/www/html/vendor/illuminate/container/BoundMethod.php(93): Illuminate\\Container\\Util::unwrapIfClosure(Object(Closure))
#3 /var/www/html/vendor/illuminate/container/BoundMethod.php(37): Illuminate\\Container\\BoundMethod::callBoundMethod(Object(Laravel\\Lumen\\Application), Array, Object(Closure))
#4 /var/www/html/vendor/illuminate/container/Container.php(661): Illuminate\\Container\\BoundMethod::call(Object(Laravel\\Lumen\\Application), Array, Array, NULL)
#5 /var/www/html/vendor/laravel/lumen-framework/src/Concerns/RoutesRequests.php(391): Illuminate\\Container\\Container->call(Array, Array)
#6 /var/www/html/vendor/laravel/lumen-framework/src/Concerns/RoutesRequests.php(357): Laravel\\Lumen\\Application->callControllerCallable(Array, Array)
#7 /var/www/html/vendor/laravel/lumen-framework/src/Concerns/RoutesRequests.php(331): Laravel\\Lumen\\Application->callLumenController(Object(Modules\\Trade\\Http\\Controllers\\Manage\\OrderBaseController), 'add', Array)
#8 /var/www/html/vendor/laravel/lumen-framework/src/Concerns/RoutesRequests.php(284): Laravel\\Lumen\\Application->callControllerAction(Array)
#9 /var/www/html/vendor/laravel/lumen-framework/src/Concerns/RoutesRequests.php(264): Laravel\\Lumen\\Application->callActionOnArrayBasedRoute(Array)
#10 /var/www/html/vendor/laravel/lumen-framework/src/Routing/Pipeline.php(48): Laravel\\Lumen\\Application->Laravel\\Lumen\\Concerns\\{closure}(Object(Laravel\\Lumen\\Http\\Request))
#11 /var/www/html/app/Middleware/AdminAuthenticate.php(43): Laravel\\Lumen\\Routing\\Pipeline->Laravel\\Lumen\\Routing\\{closure}(Object(Laravel\\Lumen\\Http\\Request))
#12 /var/www/html/vendor/illuminate/pipeline/Pipeline.php(180): App\\Middleware\\AdminAuthenticate->handle(Object(Laravel\\Lumen\\Http\\Request), Object(Closure))
#13 /var/www/html/vendor/laravel/lumen-framework/src/Routing/Pipeline.php(30): Illuminate\\Pipeline\\Pipeline->Illuminate\\Pipeline\\{closure}(Object(Laravel\\Lumen\\Http\\Request))
#14 /var/www/html/app/Middleware/Authenticate.php(45): Laravel\\Lumen\\Routing\\Pipeline->Laravel\\Lumen\\Routing\\{closure}(Object(Laravel\\Lumen\\Http\\Request))
#15 /var/www/html/vendor/illuminate/pipeline/Pipeline.php(180): App\\Middleware\\Authenticate->handle(Object(Laravel\\Lumen\\Http\\Request), Object(Closure))
#16 /var/www/html/vendor/laravel/lumen-framework/src/Routing/Pipeline.php(30): Illuminate\\Pipeline\\Pipeline->Illuminate\\Pipeline\\{closure}(Object(Laravel\\Lumen\\Http\\Request))
#17 /var/www/html/vendor/illuminate/pipeline/Pipeline.php(116): Laravel\\Lumen\\Routing\\Pipeline->Laravel\\Lumen\\Routing\\{closure}(Object(Laravel\\Lumen\\Http\\Request))
#18 /var/www/html/vendor/laravel/lumen-framework/src/Concerns/RoutesRequests.php(428): Illuminate\\Pipeline\\Pipeline->then(Object(Closure))
#19 /var/www/html/vendor/laravel/lumen-framework/src/Concerns/RoutesRequests.php(265): Laravel\\Lumen\\Application->sendThroughPipeline(Array, Object(Closure))
#20 /var/www/html/vendor/laravel/lumen-framework/src/Concerns/RoutesRequests.php(171): Laravel\\Lumen\\Application->handleFoundRoute(Array)
#21 /var/www/html/vendor/laravel/lumen-framework/src/Routing/Pipeline.php(48): Laravel\\Lumen\\Application->Laravel\\Lumen\\Concerns\\{closure}(Object(Laravel\\Lumen\\Http\\Request))
#22 /var/www/html/app/Middleware/CrossMiddleware.php(48): Laravel\\Lumen\\Routing\\Pipeline->Laravel\\Lumen\\Routing\\{closure}(Object(Laravel\\Lumen\\Http\\Request))
#23 /var/www/html/vendor/illuminate/pipeline/Pipeline.php(180): App\\Middleware\\CrossMiddleware->handle(Object(Laravel\\Lumen\\Http\\Request), Object(Closure))
#24 /var/www/html/vendor/laravel/lumen-framework/src/Routing/Pipeline.php(30): Illuminate\\Pipeline\\Pipeline->Illuminate\\Pipeline\\{closure}(Object(Laravel\\Lumen\\Http\\Request))
#25 /var/www/html/vendor/illuminate/pipeline/Pipeline.php(116): Laravel\\Lumen\\Routing\\Pipeline->Laravel\\Lumen\\Routing\\{closure}(Object(Laravel\\Lumen\\Http\\Request))
#26 /var/www/html/vendor/laravel/lumen-framework/src/Concerns/RoutesRequests.php(428): Illuminate\\Pipeline\\Pipeline->then(Object(Closure))
#27 /var/www/html/vendor/laravel/lumen-framework/src/Concerns/RoutesRequests.php(177): Laravel\\Lumen\\Application->sendThroughPipeline(Array, Object(Closure))
#28 /var/www/html/vendor/laravel/lumen-framework/src/Concerns/RoutesRequests.php(112): Laravel\\Lumen\\Application->dispatch(NULL)
#29 /var/www/html/public/index.php(28): Laravel\\Lumen\\Application->run()
#30 {main}
"} 
[2026-09-23 10:43:58] production.ERROR: 商品明细无效 {"exception":"[object] (App\\Exceptions\\ErrorException(code: 200): 商品明细无效 at /var/www/html/modules/Trade/Http/Controllers/Manage/OrderBaseController.php:84)
[stacktrace]
#0 /var/www/html/vendor/illuminate/container/BoundMethod.php(36): Modules\\Trade\\Http\\Controllers\\Manage\\OrderBaseController->add(Object(Laravel\\Lumen\\Http\\Request))
#1 /var/www/html/vendor/illuminate/container/Util.php(41): Illuminate\\Container\\BoundMethod::Illuminate\\Container\\{closure}()
#2 /var/www/html/vendor/illuminate/container/BoundMethod.php(93): Illuminate\\Container\\Util::unwrapIfClosure(Object(Closure))
#3 /var/www/html/vendor/illuminate/container/BoundMethod.php(37): Illuminate\\Container\\BoundMethod::callBoundMethod(Object(Laravel\\Lumen\\Application), Array, Object(Closure))
#4 /var/www/html/vendor/illuminate/container/Container.php(661): Illuminate\\Container\\BoundMethod::call(Object(Laravel\\Lumen\\Application), Array, Array, NULL)
#5 /var/www/html/vendor/laravel/lumen-framework/src/Concerns/RoutesRequests.php(391): Illuminate\\Container\\Container->call(Array, Array)
#6 /var/www/html/vendor/laravel/lumen-framework/src/Concerns/RoutesRequests.php(357): Laravel\\Lumen\\Application->callControllerCallable(Array, Array)
#7 /var/www/html/vendor/laravel/lumen-framework/src/Concerns/RoutesRequests.php(331): Laravel\\Lumen\\Application->callLumenController(Object(Modules\\Trade\\Http\\Controllers\\Manage\\OrderBaseController), 'add', Array)
#8 /var/www/html/vendor/laravel/lumen-framework/src/Concerns/RoutesRequests.php(284): Laravel\\Lumen\\Application->callControllerAction(Array)
#9 /var/www/html/vendor/laravel/lumen-framework/src/Concerns/RoutesRequests.php(264): Laravel\\Lumen\\Application->callActionOnArrayBasedRoute(Array)
#10 /var/www/html/vendor/laravel/lumen-framework/src/Routing/Pipeline.php(48): Laravel\\Lumen\\Application->Laravel\\Lumen\\Concerns\\{closure}(Object(Laravel\\Lumen\\Http\\Request))
#11 /var/www/html/app/Middleware/AdminAuthenticate.php(43): Laravel\\Lumen\\Routing\\Pipeline->Laravel\\Lumen\\Routing\\{closure}(Object(Laravel\\Lumen\\Http\\Request))
#12 /var/www/html/vendor/illuminate/pipeline/Pipeline.php(180): App\\Middleware\\AdminAuthenticate->handle(Object(Laravel\\Lumen\\Http\\Request), Object(Closure))
#13 /var/www/html/vendor/laravel/lumen-framework/src/Routing/Pipeline.php(30): Illuminate\\Pipeline\\Pipeline->Illuminate\\Pipeline\\{closure}(Object(Laravel\\Lumen\\Http\\Request))
#14 /var/www/html/app/Middleware/Authenticate.php(45): Laravel\\Lumen\\Routing\\Pipeline->Laravel\\Lumen\\Routing\\{closure}(Object(Laravel\\Lumen\\Http\\Request))
#15 /var/www/html/vendor/illuminate/pipeline/Pipeline.php(180): App\\Middleware\\Authenticate->handle(Object(Laravel\\Lumen\\Http\\Request), Object(Closure))
#16 /var/www/html/vendor/laravel/lumen-framework/src/Routing/Pipeline.php(30): Illuminate\\Pipeline\\Pipeline->Illuminate\\Pipeline\\{closure}(Object(Laravel\\Lumen\\Http\\Request))
#17 /var/www/html/vendor/illuminate/pipeline/Pipeline.php(116): Laravel\\Lumen\\Routing\\Pipeline->Laravel\\Lumen\\Routing\\{closure}(Object(Laravel\\Lumen\\Http\\Request))
#18 /var/www/html/vendor/laravel/lumen-framework/src/Concerns/RoutesRequests.php(428): Illuminate\\Pipeline\\Pipeline->then(Object(Closure))
#19 /var/www/html/vendor/laravel/lumen-framework/src/Concerns/RoutesRequests.php(265): Laravel\\Lumen\\Application->sendThroughPipeline(Array, Object(Closure))
#20 /var/www/html/vendor/laravel/lumen-framework/src/Concerns/RoutesRequests.php(171): Laravel\\Lumen\\Application->handleFoundRoute(Array)
#21 /var/www/html/vendor/laravel/lumen-framework/src/Routing/Pipeline.php(48): Laravel\\Lumen\\Application->Laravel\\Lumen\\Concerns\\{closure}(Object(Laravel\\Lumen\\Http\\Request))
#22 /var/www/html/app/Middleware/CrossMiddleware.php(48): Laravel\\Lumen\\Routing\\Pipeline->Laravel\\Lumen\\Routing\\{closure}(Object(Laravel\\Lumen\\Http\\Request))
#23 /var/www/html/vendor/illuminate/pipeline/Pipeline.php(180): App\\Middleware\\CrossMiddleware->handle(Object(Laravel\\Lumen\\Http\\Request), Object(Closure))
#24 /var/www/html/vendor/laravel/lumen-framework/src/Routing/Pipeline.php(30): Illuminate\\Pipeline\\Pipeline->Illuminate\\Pipeline\\{closure}(Object(Laravel\\Lumen\\Http\\Request))
#25 /var/www/html/vendor/illuminate/pipeline/Pipeline.php(116): Laravel\\Lumen\\Routing\\Pipeline->Laravel\\Lumen\\Routing\\{closure}(Object(Laravel\\Lumen\\Http\\Request))
#26 /var/www/html/vendor/laravel/lumen-framework/src/Concerns/RoutesRequests.php(428): Illuminate\\Pipeline\\Pipeline->then(Object(Closure))
#27 /var/www/html/vendor/laravel/lumen-framework/src/Concerns/RoutesRequests.php(177): Laravel\\Lumen\\Application->sendThroughPipeline(Array, Object(Closure))
#28 /var/www/html/vendor/laravel/lumen-framework/src/Concerns/RoutesRequests.php(112): Laravel\\Lumen\\Application->dispatch(NULL)
#29 /var/www/html/public/index.php(28): Laravel\\Lumen\\Application->run()
#30 {main}
"} 
[2026-09-23 10:43:58] production.ERROR: Undefined array key 1 {"exception":"[object] (ErrorException(code: 0): Undefined array key 1 at /var/www/html/modules/Trade/Services/UserCartService.php:275)
[stacktrace]
#0 /var/www/html/vendor/laravel/lumen-framework/src/Concerns/RegistersExceptionHandlers.php(47): Laravel\\Lumen\\Application->handleError(2, 'Undefined array...', '/var/www/html/m...', 275)
#1 /var/www/html/modules/Trade/Services/UserCartService.php(275): Laravel\\Lumen\\Application->Laravel\\Lumen\\Concerns\\{closure}(2, 'Undefined array...', '/var/www/html/m...', 275)
#2 /var/www/html/modules/Trade/Http/Controllers/Manage/OrderBaseController.php(96): Modules\\Trade\\Services\\UserCartService->checkout(Object(Laravel\\Lumen\\Http\\Request), 99999999)
#3 /var/www/html/vendor/illuminate/container/BoundMethod.php(36): Modules\\Trade\\Http\\Controllers\\Manage\\OrderBaseController->add(Object(Laravel\\Lumen\\Http\\Request))
#4 /var/www/html/vendor/illuminate/container/Util.php(41): Illuminate\\Container\\BoundMethod::Illuminate\\Container\\{closure}()
#5 /var/www/html/vendor/illuminate/container/BoundMethod.php(93): Illuminate\\Container\\Util::unwrapIfClosure(Object(Closure))
#6 /var/www/html/vendor/illuminate/container/BoundMethod.php(37): Illuminate\\Container\\BoundMethod::callBoundMethod(Object(Laravel\\Lumen\\Application), Array, Object(Closure))
#7 /var/www/html/vendor/illuminate/container/Container.php(661): Illuminate\\Container\\BoundMethod::call(Object(Laravel\\Lumen\\Application), Array, Array, NULL)
#8 /var/www/html/vendor/laravel/lumen-framework/src/Concerns/RoutesRequests.php(391): Illuminate\\Container\\Container->call(Array, Array)
#9 /var/www/html/vendor/laravel/lumen-framework/src/Concerns/RoutesRequests.php(357): Laravel\\Lumen\\Application->callControllerCallable(Array, Array)
#10 /var/www/html/vendor/laravel/lumen-framework/src/Concerns/RoutesRequests.php(331): Laravel\\Lumen\\Application->callLumenController(Object(Modules\\Trade\\Http\\Controllers\\Manage\\OrderBaseController), 'add', Array)
#11 /var/www/html/vendor/laravel/lumen-framework/src/Concerns/RoutesRequests.php(284): Laravel\\Lumen\\Application->callControllerAction(Array)
#12 /var/www/html/vendor/laravel/lumen-framework/src/Concerns/RoutesRequests.php(264): Laravel\\Lumen\\Application->callActionOnArrayBasedRoute(Array)
#13 /var/www/html/vendor/laravel/lumen-framework/src/Routing/Pipeline.php(48): Laravel\\Lumen\\Application->Laravel\\Lumen\\Concerns\\{closure}(Object(Laravel\\Lumen\\Http\\Request))
#14 /var/www/html/app/Middleware/AdminAuthenticate.php(43): Laravel\\Lumen\\Routing\\Pipeline->Laravel\\Lumen\\Routing\\{closure}(Object(Laravel\\Lumen\\Http\\Request))
#15 /var/www/html/vendor/illuminate/pipeline/Pipeline.php(180): App\\Middleware\\AdminAuthenticate->handle(Object(Laravel\\Lumen\\Http\\Request), Object(Closure))
#16 /var/www/html/vendor/laravel/lumen-framework/src/Routing/Pipeline.php(30): Illuminate\\Pipeline\\Pipeline->Illuminate\\Pipeline\\{closure}(Object(Laravel\\Lumen\\Http\\Request))
#17 /var/www/html/app/Middleware/Authenticate.php(45): Laravel\\Lumen\\Routing\\Pipeline->Laravel\\Lumen\\Routing\\{closure}(Object(Laravel\\Lumen\\Http\\Request))
#18 /var/www/html/vendor/illuminate/pipeline/Pipeline.php(180): App\\Middleware\\Authenticate->handle(Object(Laravel\\Lumen\\Http\\Request), Object(Closure))
#19 /var/www/html/vendor/laravel/lumen-framework/src/Routing/Pipeline.php(30): Illuminate\\Pipeline\\Pipeline->Illuminate\\Pipeline\\{closure}(Object(Laravel\\Lumen\\Http\\Request))
#20 /var/www/html/vendor/illuminate/pipeline/Pipeline.php(116): Laravel\\Lumen\\Routing\\Pipeline->Laravel\\Lumen\\Routing\\{closure}(Object(Laravel\\Lumen\\Http\\Request))
#21 /var/www/html/vendor/laravel/lumen-framework/src/Concerns/RoutesRequests.php(428): Illuminate\\Pipeline\\Pipeline->then(Object(Closure))
#22 /var/www/html/vendor/laravel/lumen-framework/src/Concerns/RoutesRequests.php(265): Laravel\\Lumen\\Application->sendThroughPipeline(Array, Object(Closure))
#23 /var/www/html/vendor/laravel/lumen-framework/src/Concerns/RoutesRequests.php(171): Laravel\\Lumen\\Application->handleFoundRoute(Array)
#24 /var/www/html/vendor/laravel/lumen-framework/src/Routing/Pipeline.php(48): Laravel\\Lumen\\Application->Laravel\\Lumen\\Concerns\\{closure}(Object(Laravel\\Lumen\\Http\\Request))
#25 /var/www/html/app/Middleware/CrossMiddleware.php(48): Laravel\\Lumen\\Routing\\Pipeline->Laravel\\Lumen\\Routing\\{closure}(Object(Laravel\\Lumen\\Http\\Request))
#26 /var/www/html/vendor/illuminate/pipeline/Pipeline.php(180): App\\Middleware\\CrossMiddleware->handle(Object(Laravel\\Lumen\\Http\\Request), Object(Closure))
#27 /var/www/html/vendor/laravel/lumen-framework/src/Routing/Pipeline.php(30): Illuminate\\Pipeline\\Pipeline->Illuminate\\Pipeline\\{closure}(Object(Laravel\\Lumen\\Http\\Request))
#28 /var/www/html/vendor/illuminate/pipeline/Pipeline.php(116): Laravel\\Lumen\\Routing\\Pipeline->Laravel\\Lumen\\Routing\\{closure}(Object(Laravel\\Lumen\\Http\\Request))
#29 /var/www/html/vendor/laravel/lumen-framework/src/Concerns/RoutesRequests.php(428): Illuminate\\Pipeline\\Pipeline->then(Object(Closure))
#30 /var/www/html/vendor/laravel/lumen-framework/src/Concerns/RoutesRequests.php(177): Laravel\\Lumen\\Application->sendThroughPipeline(Array, Object(Closure))
#31 /var/www/html/vendor/laravel/lumen-framework/src/Concerns/RoutesRequests.php(112): Laravel\\Lumen\\Application->dispatch(NULL)
#32 /var/www/html/public/index.php(28): Laravel\\Lumen\\Application->run()
#33 {main}
"} 
[2026-09-23 10:43:58] production.ERROR: 订单号有误！ {"exception":"[object] (App\\Exceptions\\ErrorException(code: 200): 订单号有误！ at /var/www/html/modules/Trade/Http/Controllers/Manage/OrderBaseController.php:141)
[stacktrace]
#0 /var/www/html/vendor/illuminate/container/BoundMethod.php(36): Modules\\Trade\\Http\\Controllers\\Manage\\OrderBaseController->editShoppingFee(Object(Laravel\\Lumen\\Http\\Request))
#1 /var/www/html/vendor/illuminate/container/Util.php(41): Illuminate\\Container\\BoundMethod::Illuminate\\Container\\{closure}()
#2 /var/www/html/vendor/illuminate/container/BoundMethod.php(93): Illuminate\\Container\\Util::unwrapIfClosure(Object(Closure))
#3 /var/www/html/vendor/illuminate/container/BoundMethod.php(37): Illuminate\\Container\\BoundMethod::callBoundMethod(Object(Laravel\\Lumen\\Application), Array, Object(Closure))
#4 /var/www/html/vendor/illuminate/container/Container.php(661): Illuminate\\Container\\BoundMethod::call(Object(Laravel\\Lumen\\Application), Array, Array, NULL)
#5 /var/www/html/vendor/laravel/lumen-framework/src/Concerns/RoutesRequests.php(391): Illuminate\\Container\\Container->call(Array, Array)
#6 /var/www/html/vendor/laravel/lumen-framework/src/Concerns/RoutesRequests.php(357): Laravel\\Lumen\\Application->callControllerCallable(Array, Array)
#7 /var/www/html/vendor/laravel/lumen-framework/src/Concerns/RoutesRequests.php(331): Laravel\\Lumen\\Application->callLumenController(Object(Modules\\Trade\\Http\\Controllers\\Manage\\OrderBaseController), 'editShoppingFee', Array)
#8 /var/www/html/vendor/laravel/lumen-framework/src/Concerns/RoutesRequests.php(284): Laravel\\Lumen\\Application->callControllerAction(Array)
#9 /var/www/html/vendor/laravel/lumen-framework/src/Concerns/RoutesRequests.php(264): Laravel\\Lumen\\Application->callActionOnArrayBasedRoute(Array)
#10 /var/www/html/vendor/laravel/lumen-framework/src/Routing/Pipeline.php(48): Laravel\\Lumen\\Application->Laravel\\Lumen\\Concerns\\{closure}(Object(Laravel\\Lumen\\Http\\Request))
#11 /var/www/html/app/Middleware/AdminAuthenticate.php(43): Laravel\\Lumen\\Routing\\Pipeline->Laravel\\Lumen\\Routing\\{closure}(Object(Laravel\\Lumen\\Http\\Request))
#12 /var/www/html/vendor/illuminate/pipeline/Pipeline.php(180): App\\Middleware\\AdminAuthenticate->handle(Object(Laravel\\Lumen\\Http\\Request), Object(Closure))
#13 /var/www/html/vendor/laravel/lumen-framework/src/Routing/Pipeline.php(30): Illuminate\\Pipeline\\Pipeline->Illuminate\\Pipeline\\{closure}(Object(Laravel\\Lumen\\Http\\Request))
#14 /var/www/html/app/Middleware/Authenticate.php(45): Laravel\\Lumen\\Routing\\Pipeline->Laravel\\Lumen\\Routing\\{closure}(Object(Laravel\\Lumen\\Http\\Request))
#15 /var/www/html/vendor/illuminate/pipeline/Pipeline.php(180): App\\Middleware\\Authenticate->handle(Object(Laravel\\Lumen\\Http\\Request), Object(Closure))
#16 /var/www/html/vendor/laravel/lumen-framework/src/Routing/Pipeline.php(30): Illuminate\\Pipeline\\Pipeline->Illuminate\\Pipeline\\{closure}(Object(Laravel\\Lumen\\Http\\Request))
#17 /var/www/html/vendor/illuminate/pipeline/Pipeline.php(116): Laravel\\Lumen\\Routing\\Pipeline->Laravel\\Lumen\\Routing\\{closure}(Object(Laravel\\Lumen\\Http\\Request))
#18 /var/www/html/vendor/laravel/lumen-framework/src/Concerns/RoutesRequests.php(428): Illuminate\\Pipeline\\Pipeline->then(Object(Closure))
#19 /var/www/html/vendor/laravel/lumen-framework/src/Concerns/RoutesRequests.php(265): Laravel\\Lumen\\Application->sendThroughPipeline(Array, Object(Closure))
#20 /var/www/html/vendor/laravel/lumen-framework/src/Concerns/RoutesRequests.php(171): Laravel\\Lumen\\Application->handleFoundRoute(Array)
#21 /var/www/html/vendor/laravel/lumen-framework/src/Routing/Pipeline.php(48): Laravel\\Lumen\\Application->Laravel\\Lumen\\Concerns\\{closure}(Object(Laravel\\Lumen\\Http\\Request))
#22 /var/www/html/app/Middleware/CrossMiddleware.php(48): Laravel\\Lumen\\Routing\\Pipeline->Laravel\\Lumen\\Routing\\{closure}(Object(Laravel\\Lumen\\Http\\Request))
#23 /var/www/html/vendor/illuminate/pipeline/Pipeline.php(180): App\\Middleware\\CrossMiddleware->handle(Object(Laravel\\Lumen\\Http\\Request), Object(Closure))
#24 /var/www/html/vendor/laravel/lumen-framework/src/Routing/Pipeline.php(30): Illuminate\\Pipeline\\Pipeline->Illuminate\\Pipeline\\{closure}(Object(Laravel\\Lumen\\Http\\Request))
#25 /var/www/html/vendor/illuminate/pipeline/Pipeline.php(116): Laravel\\Lumen\\Routing\\Pipeline->Laravel\\Lumen\\Routing\\{closure}(Object(Laravel\\Lumen\\Http\\Request))
#26 /var/www/html/vendor/laravel/lumen-framework/src/Concerns/RoutesRequests.php(428): Illuminate\\Pipeline\\Pipeline->then(Object(Closure))
#27 /var/www/html/vendor/laravel/lumen-framework/src/Concerns/RoutesRequests.php(177): Laravel\\Lumen\\Application->sendThroughPipeline(Array, Object(Closure))
#28 /var/www/html/vendor/laravel/lumen-framework/src/Concerns/RoutesRequests.php(112): Laravel\\Lumen\\Application->dispatch(NULL)
#29 /var/www/html/public/index.php(28): Laravel\\Lumen\\Application->run()
#30 {main}
"} 
[2026-09-23 10:43:58] production.ERROR: 订单不存在 {"exception":"[object] (App\\Exceptions\\ErrorException(code: 200): 订单不存在 at /var/www/html/modules/Trade/Services/OrderService.php:481)
[stacktrace]
#0 /var/www/html/modules/Trade/Http/Controllers/Manage/OrderBaseController.php(150): Modules\\Trade\\Services\\OrderService->editShoppingFee('NOPE0001', 10.0)
#1 /var/www/html/vendor/illuminate/container/BoundMethod.php(36): Modules\\Trade\\Http\\Controllers\\Manage\\OrderBaseController->editShoppingFee(Object(Laravel\\Lumen\\Http\\Request))
#2 /var/www/html/vendor/illuminate/container/Util.php(41): Illuminate\\Container\\BoundMethod::Illuminate\\Container\\{closure}()
#3 /var/www/html/vendor/illuminate/container/BoundMethod.php(93): Illuminate\\Container\\Util::unwrapIfClosure(Object(Closure))
#4 /var/www/html/vendor/illuminate/container/BoundMethod.php(37): Illuminate\\Container\\BoundMethod::callBoundMethod(Object(Laravel\\Lumen\\Application), Array, Object(Closure))
#5 /var/www/html/vendor/illuminate/container/Container.php(661): Illuminate\\Container\\BoundMethod::call(Object(Laravel\\Lumen\\Application), Array, Array, NULL)
#6 /var/www/html/vendor/laravel/lumen-framework/src/Concerns/RoutesRequests.php(391): Illuminate\\Container\\Container->call(Array, Array)
#7 /var/www/html/vendor/laravel/lumen-framework/src/Concerns/RoutesRequests.php(357): Laravel\\Lumen\\Application->callControllerCallable(Array, Array)
#8 /var/www/html/vendor/laravel/lumen-framework/src/Concerns/RoutesRequests.php(331): Laravel\\Lumen\\Application->callLumenController(Object(Modules\\Trade\\Http\\Controllers\\Manage\\OrderBaseController), 'editShoppingFee', Array)
#9 /var/www/html/vendor/laravel/lumen-framework/src/Concerns/RoutesRequests.php(284): Laravel\\Lumen\\Application->callControllerAction(Array)
#10 /var/www/html/vendor/laravel/lumen-framework/src/Concerns/RoutesRequests.php(264): Laravel\\Lumen\\Application->callActionOnArrayBasedRoute(Array)
#11 /var/www/html/vendor/laravel/lumen-framework/src/Routing/Pipeline.php(48): Laravel\\Lumen\\Application->Laravel\\Lumen\\Concerns\\{closure}(Object(Laravel\\Lumen\\Http\\Request))
#12 /var/www/html/app/Middleware/AdminAuthenticate.php(43): Laravel\\Lumen\\Routing\\Pipeline->Laravel\\Lumen\\Routing\\{closure}(Object(Laravel\\Lumen\\Http\\Request))
#13 /var/www/html/vendor/illuminate/pipeline/Pipeline.php(180): App\\Middleware\\AdminAuthenticate->handle(Object(Laravel\\Lumen\\Http\\Request), Object(Closure))
#14 /var/www/html/vendor/laravel/lumen-framework/src/Routing/Pipeline.php(30): Illuminate\\Pipeline\\Pipeline->Illuminate\\Pipeline\\{closure}(Object(Laravel\\Lumen\\Http\\Request))
#15 /var/www/html/app/Middleware/Authenticate.php(45): Laravel\\Lumen\\Routing\\Pipeline->Laravel\\Lumen\\Routing\\{closure}(Object(Laravel\\Lumen\\Http\\Request))
#16 /var/www/html/vendor/illuminate/pipeline/Pipeline.php(180): App\\Middleware\\Authenticate->handle(Object(Laravel\\Lumen\\Http\\Request), Object(Closure))
#17 /var/www/html/vendor/laravel/lumen-framework/src/Routing/Pipeline.php(30): Illuminate\\Pipeline\\Pipeline->Illuminate\\Pipeline\\{closure}(Object(Laravel\\Lumen\\Http\\Request))
#18 /var/www/html/vendor/illuminate/pipeline/Pipeline.php(116): Laravel\\Lumen\\Routing\\Pipeline->Laravel\\Lumen\\Routing\\{closure}(Object(Laravel\\Lumen\\Http\\Request))
#19 /var/www/html/vendor/laravel/lumen-framework/src/Concerns/RoutesRequests.php(428): Illuminate\\Pipeline\\Pipeline->then(Object(Closure))
#20 /var/www/html/vendor/laravel/lumen-framework/src/Concerns/RoutesRequests.php(265): Laravel\\Lumen\\Application->sendThroughPipeline(Array, Object(Closure))
#21 /var/www/html/vendor/laravel/lumen-framework/src/Concerns/RoutesRequests.php(171): Laravel\\Lumen\\Application->handleFoundRoute(Array)
#22 /var/www/html/vendor/laravel/lumen-framework/src/Routing/Pipeline.php(48): Laravel\\Lumen\\Application->Laravel\\Lumen\\Concerns\\{closure}(Object(Laravel\\Lumen\\Http\\Request))
#23 /var/www/html/app/Middleware/CrossMiddleware.php(48): Laravel\\Lumen\\Routing\\Pipeline->Laravel\\Lumen\\Routing\\{closure}(Object(Laravel\\Lumen\\Http\\Request))
#24 /var/www/html/vendor/illuminate/pipeline/Pipeline.php(180): App\\Middleware\\CrossMiddleware->handle(Object(Laravel\\Lumen\\Http\\Request), Object(Closure))
#25 /var/www/html/vendor/laravel/lumen-framework/src/Routing/Pipeline.php(30): Illuminate\\Pipeline\\Pipeline->Illuminate\\Pipeline\\{closure}(Object(Laravel\\Lumen\\Http\\Request))
#26 /var/www/html/vendor/illuminate/pipeline/Pipeline.php(116): Laravel\\Lumen\\Routing\\Pipeline->Laravel\\Lumen\\Routing\\{closure}(Object(Laravel\\Lumen\\Http\\Request))
#27 /var/www/html/vendor/laravel/lumen-framework/src/Concerns/RoutesRequests.php(428): Illuminate\\Pipeline\\Pipeline->then(Object(Closure))
#28 /var/www/html/vendor/laravel/lumen-framework/src/Concerns/RoutesRequests.php(177): Laravel\\Lumen\\Application->sendThroughPipeline(Array, Object(Closure))
#29 /var/www/html/vendor/laravel/lumen-framework/src/Concerns/RoutesRequests.php(112): Laravel\\Lumen\\Application->dispatch(NULL)
#30 /var/www/html/public/index.php(28): Laravel\\Lumen\\Application->run()
#31 {main}
"} 
[2026-09-23 10:43:58] production.ERROR: 运费金额必须是数字 {"exception":"[object] (App\\Exceptions\\ErrorException(code: 200): 运费金额必须是数字 at /var/www/html/modules/Trade/Http/Controllers/Manage/OrderBaseController.php:147)
[stacktrace]
#0 /var/www/html/vendor/illuminate/container/BoundMethod.php(36): Modules\\Trade\\Http\\Controllers\\Manage\\OrderBaseController->editShoppingFee(Object(Laravel\\Lumen\\Http\\Request))
#1 /var/www/html/vendor/illuminate/container/Util.php(41): Illuminate\\Container\\BoundMethod::Illuminate\\Container\\{closure}()
#2 /var/www/html/vendor/illuminate/container/BoundMethod.php(93): Illuminate\\Container\\Util::unwrapIfClosure(Object(Closure))
#3 /var/www/html/vendor/illuminate/container/BoundMethod.php(37): Illuminate\\Container\\BoundMethod::callBoundMethod(Object(Laravel\\Lumen\\Application), Array, Object(Closure))
#4 /var/www/html/vendor/illuminate/container/Container.php(661): Illuminate\\Container\\BoundMethod::call(Object(Laravel\\Lumen\\Application), Array, Array, NULL)
#5 /var/www/html/vendor/laravel/lumen-framework/src/Concerns/RoutesRequests.php(391): Illuminate\\Container\\Container->call(Array, Array)
#6 /var/www/html/vendor/laravel/lumen-framework/src/Concerns/RoutesRequests.php(357): Laravel\\Lumen\\Application->callControllerCallable(Array, Array)
#7 /var/www/html/vendor/laravel/lumen-framework/src/Concerns/RoutesRequests.php(331): Laravel\\Lumen\\Application->callLumenController(Object(Modules\\Trade\\Http\\Controllers\\Manage\\OrderBaseController), 'editShoppingFee', Array)
#8 /var/www/html/vendor/laravel/lumen-framework/src/Concerns/RoutesRequests.php(284): Laravel\\Lumen\\Application->callControllerAction(Array)
#9 /var/www/html/vendor/laravel/lumen-framework/src/Concerns/RoutesRequests.php(264): Laravel\\Lumen\\Application->callActionOnArrayBasedRoute(Array)
#10 /var/www/html/vendor/laravel/lumen-framework/src/Routing/Pipeline.php(48): Laravel\\Lumen\\Application->Laravel\\Lumen\\Concerns\\{closure}(Object(Laravel\\Lumen\\Http\\Request))
#11 /var/www/html/app/Middleware/AdminAuthenticate.php(43): Laravel\\Lumen\\Routing\\Pipeline->Laravel\\Lumen\\Routing\\{closure}(Object(Laravel\\Lumen\\Http\\Request))
#12 /var/www/html/vendor/illuminate/pipeline/Pipeline.php(180): App\\Middleware\\AdminAuthenticate->handle(Object(Laravel\\Lumen\\Http\\Request), Object(Closure))
#13 /var/www/html/vendor/laravel/lumen-framework/src/Routing/Pipeline.php(30): Illuminate\\Pipeline\\Pipeline->Illuminate\\Pipeline\\{closure}(Object(Laravel\\Lumen\\Http\\Request))
#14 /var/www/html/app/Middleware/Authenticate.php(45): Laravel\\Lumen\\Routing\\Pipeline->Laravel\\Lumen\\Routing\\{closure}(Object(Laravel\\Lumen\\Http\\Request))
#15 /var/www/html/vendor/illuminate/pipeline/Pipeline.php(180): App\\Middleware\\Authenticate->handle(Object(Laravel\\Lumen\\Http\\Request), Object(Closure))
#16 /var/www/html/vendor/laravel/lumen-framework/src/Routing/Pipeline.php(30): Illuminate\\Pipeline\\Pipeline->Illuminate\\Pipeline\\{closure}(Object(Laravel\\Lumen\\Http\\Request))
#17 /var/www/html/vendor/illuminate/pipeline/Pipeline.php(116): Laravel\\Lumen\\Routing\\Pipeline->Laravel\\Lumen\\Routing\\{closure}(Object(Laravel\\Lumen\\Http\\Request))
#18 /var/www/html/vendor/laravel/lumen-framework/src/Concerns/RoutesRequests.php(428): Illuminate\\Pipeline\\Pipeline->then(Object(Closure))
#19 /var/www/html/vendor/laravel/lumen-framework/src/Concerns/RoutesRequests.php(265): Laravel\\Lumen\\Application->sendThroughPipeline(Array, Object(Closure))
#20 /var/www/html/vendor/laravel/lumen-framework/src/Concerns/RoutesRequests.php(171): Laravel\\Lumen\\Application->handleFoundRoute(Array)
#21 /var/www/html/vendor/laravel/lumen-framework/src/Routing/Pipeline.php(48): Laravel\\Lumen\\Application->Laravel\\Lumen\\Concerns\\{closure}(Object(Laravel\\Lumen\\Http\\Request))
#22 /var/www/html/app/Middleware/CrossMiddleware.php(48): Laravel\\Lumen\\Routing\\Pipeline->Laravel\\Lumen\\Routing\\{closure}(Object(Laravel\\Lumen\\Http\\Request))
#23 /var/www/html/vendor/illuminate/pipeline/Pipeline.php(180): App\\Middleware\\CrossMiddleware->handle(Object(Laravel\\Lumen\\Http\\Request), Object(Closure))
#24 /var/www/html/vendor/laravel/lumen-framework/src/Routing/Pipeline.php(30): Illuminate\\Pipeline\\Pipeline->Illuminate\\Pipeline\\{closure}(Object(Laravel\\Lumen\\Http\\Request))
#25 /var/www/html/vendor/illuminate/pipeline/Pipeline.php(116): Laravel\\Lumen\\Routing\\Pipeline->Laravel\\Lumen\\Routing\\{closure}(Object(Laravel\\Lumen\\Http\\Request))
#26 /var/www/html/vendor/laravel/lumen-framework/src/Concerns/RoutesRequests.php(428): Illuminate\\Pipeline\\Pipeline->then(Object(Closure))
#27 /var/www/html/vendor/laravel/lumen-framework/src/Concerns/RoutesRequests.php(177): Laravel\\Lumen\\Application->sendThroughPipeline(Array, Object(Closure))
#28 /var/www/html/vendor/laravel/lumen-framework/src/Concerns/RoutesRequests.php(112): Laravel\\Lumen\\Application->dispatch(NULL)
#29 /var/www/html/public/index.php(28): Laravel\\Lumen\\Application->run()
#30 {main}
"} 
[2026-09-23 10:43:58] production.ERROR: 请选择快递公司 {"exception":"[object] (App\\Exceptions\\ErrorException(code: 200): 请选择快递公司 at /var/www/html/modules/Trade/Http/Controllers/Manage/OrderLogisticsController.php:46)
[stacktrace]
#0 /var/www/html/vendor/illuminate/container/BoundMethod.php(36): Modules\\Trade\\Http\\Controllers\\Manage\\OrderLogisticsController->add(Object(Laravel\\Lumen\\Http\\Request))
#1 /var/www/html/vendor/illuminate/container/Util.php(41): Illuminate\\Container\\BoundMethod::Illuminate\\Container\\{closure}()
#2 /var/www/html/vendor/illuminate/container/BoundMethod.php(93): Illuminate\\Container\\Util::unwrapIfClosure(Object(Closure))
#3 /var/www/html/vendor/illuminate/container/BoundMethod.php(37): Illuminate\\Container\\BoundMethod::callBoundMethod(Object(Laravel\\Lumen\\Application), Array, Object(Closure))
#4 /var/www/html/vendor/illuminate/container/Container.php(661): Illuminate\\Container\\BoundMethod::call(Object(Laravel\\Lumen\\Application), Array, Array, NULL)
#5 /var/www/html/vendor/laravel/lumen-framework/src/Concerns/RoutesRequests.php(391): Illuminate\\Container\\Container->call(Array, Array)
#6 /var/www/html/vendor/laravel/lumen-framework/src/Concerns/RoutesRequests.php(357): Laravel\\Lumen\\Application->callControllerCallable(Array, Array)
#7 /var/www/html/vendor/laravel/lumen-framework/src/Concerns/RoutesRequests.php(331): Laravel\\Lumen\\Application->callLumenController(Object(Modules\\Trade\\Http\\Controllers\\Manage\\OrderLogisticsController), 'add', Array)
#8 /var/www/html/vendor/laravel/lumen-framework/src/Concerns/RoutesRequests.php(284): Laravel\\Lumen\\Application->callControllerAction(Array)
#9 /var/www/html/vendor/laravel/lumen-framework/src/Concerns/RoutesRequests.php(264): Laravel\\Lumen\\Application->callActionOnArrayBasedRoute(Array)
#10 /var/www/html/vendor/laravel/lumen-framework/src/Routing/Pipeline.php(48): Laravel\\Lumen\\Application->Laravel\\Lumen\\Concerns\\{closure}(Object(Laravel\\Lumen\\Http\\Request))
#11 /var/www/html/app/Middleware/AdminAuthenticate.php(43): Laravel\\Lumen\\Routing\\Pipeline->Laravel\\Lumen\\Routing\\{closure}(Object(Laravel\\Lumen\\Http\\Request))
#12 /var/www/html/vendor/illuminate/pipeline/Pipeline.php(180): App\\Middleware\\AdminAuthenticate->handle(Object(Laravel\\Lumen\\Http\\Request), Object(Closure))
#13 /var/www/html/vendor/laravel/lumen-framework/src/Routing/Pipeline.php(30): Illuminate\\Pipeline\\Pipeline->Illuminate\\Pipeline\\{closure}(Object(Laravel\\Lumen\\Http\\Request))
#14 /var/www/html/app/Middleware/Authenticate.php(45): Laravel\\Lumen\\Routing\\Pipeline->Laravel\\Lumen\\Routing\\{closure}(Object(Laravel\\Lumen\\Http\\Request))
#15 /var/www/html/vendor/illuminate/pipeline/Pipeline.php(180): App\\Middleware\\Authenticate->handle(Object(Laravel\\Lumen\\Http\\Request), Object(Closure))
#16 /var/www/html/vendor/laravel/lumen-framework/src/Routing/Pipeline.php(30): Illuminate\\Pipeline\\Pipeline->Illuminate\\Pipeline\\{closure}(Object(Laravel\\Lumen\\Http\\Request))
#17 /var/www/html/vendor/illuminate/pipeline/Pipeline.php(116): Laravel\\Lumen\\Routing\\Pipeline->Laravel\\Lumen\\Routing\\{closure}(Object(Laravel\\Lumen\\Http\\Request))
#18 /var/www/html/vendor/laravel/lumen-framework/src/Concerns/RoutesRequests.php(428): Illuminate\\Pipeline\\Pipeline->then(Object(Closure))
#19 /var/www/html/vendor/laravel/lumen-framework/src/Concerns/RoutesRequests.php(265): Laravel\\Lumen\\Application->sendThroughPipeline(Array, Object(Closure))
#20 /var/www/html/vendor/laravel/lumen-framework/src/Concerns/RoutesRequests.php(171): Laravel\\Lumen\\Application->handleFoundRoute(Array)
#21 /var/www/html/vendor/laravel/lumen-framework/src/Routing/Pipeline.php(48): Laravel\\Lumen\\Application->Laravel\\Lumen\\Concerns\\{closure}(Object(Laravel\\Lumen\\Http\\Request))
#22 /var/www/html/app/Middleware/CrossMiddleware.php(48): Laravel\\Lumen\\Routing\\Pipeline->Laravel\\Lumen\\Routing\\{closure}(Object(Laravel\\Lumen\\Http\\Request))
#23 /var/www/html/vendor/illuminate/pipeline/Pipeline.php(180): App\\Middleware\\CrossMiddleware->handle(Object(Laravel\\Lumen\\Http\\Request), Object(Closure))
#24 /var/www/html/vendor/laravel/lumen-framework/src/Routing/Pipeline.php(30): Illuminate\\Pipeline\\Pipeline->Illuminate\\Pipeline\\{closure}(Object(Laravel\\Lumen\\Http\\Request))
#25 /var/www/html/vendor/illuminate/pipeline/Pipeline.php(116): Laravel\\Lumen\\Routing\\Pipeline->Laravel\\Lumen\\Routing\\{closure}(Object(Laravel\\Lumen\\Http\\Request))
#26 /var/www/html/vendor/laravel/lumen-framework/src/Concerns/RoutesRequests.php(428): Illuminate\\Pipeline\\Pipeline->then(Object(Closure))
#27 /var/www/html/vendor/laravel/lumen-framework/src/Concerns/RoutesRequests.php(177): Laravel\\Lumen\\Application->sendThroughPipeline(Array, Object(Closure))
#28 /var/www/html/vendor/laravel/lumen-framework/src/Concerns/RoutesRequests.php(112): Laravel\\Lumen\\Application->dispatch(NULL)
#29 /var/www/html/public/index.php(28): Laravel\\Lumen\\Application->run()
#30 {main}
"} 
[2026-09-23 10:43:58] production.ERROR: 请输入订单编号 {"exception":"[object] (App\\Exceptions\\ErrorException(code: 200): 请输入订单编号 at /var/www/html/modules/Trade/Services/OrderInvoiceService.php:106)
[stacktrace]
#0 /var/www/html/modules/Trade/Http/Controllers/Manage/OrderInvoiceController.php(46): Modules\\Trade\\Services\\OrderInvoiceService->addInvoice(Object(Laravel\\Lumen\\Http\\Request))
#1 /var/www/html/vendor/illuminate/container/BoundMethod.php(36): Modules\\Trade\\Http\\Controllers\\Manage\\OrderInvoiceController->add(Object(Laravel\\Lumen\\Http\\Request))
#2 /var/www/html/vendor/illuminate/container/Util.php(41): Illuminate\\Container\\BoundMethod::Illuminate\\Container\\{closure}()
#3 /var/www/html/vendor/illuminate/container/BoundMethod.php(93): Illuminate\\Container\\Util::unwrapIfClosure(Object(Closure))
#4 /var/www/html/vendor/illuminate/container/BoundMethod.php(37): Illuminate\\Container\\BoundMethod::callBoundMethod(Object(Laravel\\Lumen\\Application), Array, Object(Closure))
#5 /var/www/html/vendor/illuminate/container/Container.php(661): Illuminate\\Container\\BoundMethod::call(Object(Laravel\\Lumen\\Application), Array, Array, NULL)
#6 /var/www/html/vendor/laravel/lumen-framework/src/Concerns/RoutesRequests.php(391): Illuminate\\Container\\Container->call(Array, Array)
#7 /var/www/html/vendor/laravel/lumen-framework/src/Concerns/RoutesRequests.php(357): Laravel\\Lumen\\Application->callControllerCallable(Array, Array)
#8 /var/www/html/vendor/laravel/lumen-framework/src/Concerns/RoutesRequests.php(331): Laravel\\Lumen\\Application->callLumenController(Object(Modules\\Trade\\Http\\Controllers\\Manage\\OrderInvoiceController), 'add', Array)
#9 /var/www/html/vendor/laravel/lumen-framework/src/Concerns/RoutesRequests.php(284): Laravel\\Lumen\\Application->callControllerAction(Array)
#10 /var/www/html/vendor/laravel/lumen-framework/src/Concerns/RoutesRequests.php(264): Laravel\\Lumen\\Application->callActionOnArrayBasedRoute(Array)
#11 /var/www/html/vendor/laravel/lumen-framework/src/Routing/Pipeline.php(48): Laravel\\Lumen\\Application->Laravel\\Lumen\\Concerns\\{closure}(Object(Laravel\\Lumen\\Http\\Request))
#12 /var/www/html/app/Middleware/AdminAuthenticate.php(43): Laravel\\Lumen\\Routing\\Pipeline->Laravel\\Lumen\\Routing\\{closure}(Object(Laravel\\Lumen\\Http\\Request))
#13 /var/www/html/vendor/illuminate/pipeline/Pipeline.php(180): App\\Middleware\\AdminAuthenticate->handle(Object(Laravel\\Lumen\\Http\\Request), Object(Closure))
#14 /var/www/html/vendor/laravel/lumen-framework/src/Routing/Pipeline.php(30): Illuminate\\Pipeline\\Pipeline->Illuminate\\Pipeline\\{closure}(Object(Laravel\\Lumen\\Http\\Request))
#15 /var/www/html/app/Middleware/Authenticate.php(45): Laravel\\Lumen\\Routing\\Pipeline->Laravel\\Lumen\\Routing\\{closure}(Object(Laravel\\Lumen\\Http\\Request))
#16 /var/www/html/vendor/illuminate/pipeline/Pipeline.php(180): App\\Middleware\\Authenticate->handle(Object(Laravel\\Lumen\\Http\\Request), Object(Closure))
#17 /var/www/html/vendor/laravel/lumen-framework/src/Routing/Pipeline.php(30): Illuminate\\Pipeline\\Pipeline->Illuminate\\Pipeline\\{closure}(Object(Laravel\\Lumen\\Http\\Request))
#18 /var/www/html/vendor/illuminate/pipeline/Pipeline.php(116): Laravel\\Lumen\\Routing\\Pipeline->Laravel\\Lumen\\Routing\\{closure}(Object(Laravel\\Lumen\\Http\\Request))
#19 /var/www/html/vendor/laravel/lumen-framework/src/Concerns/RoutesRequests.php(428): Illuminate\\Pipeline\\Pipeline->then(Object(Closure))
#20 /var/www/html/vendor/laravel/lumen-framework/src/Concerns/RoutesRequests.php(265): Laravel\\Lumen\\Application->sendThroughPipeline(Array, Object(Closure))
#21 /var/www/html/vendor/laravel/lumen-framework/src/Concerns/RoutesRequests.php(171): Laravel\\Lumen\\Application->handleFoundRoute(Array)
#22 /var/www/html/vendor/laravel/lumen-framework/src/Routing/Pipeline.php(48): Laravel\\Lumen\\Application->Laravel\\Lumen\\Concerns\\{closure}(Object(Laravel\\Lumen\\Http\\Request))
#23 /var/www/html/app/Middleware/CrossMiddleware.php(48): Laravel\\Lumen\\Routing\\Pipeline->Laravel\\Lumen\\Routing\\{closure}(Object(Laravel\\Lumen\\Http\\Request))
#24 /var/www/html/vendor/illuminate/pipeline/Pipeline.php(180): App\\Middleware\\CrossMiddleware->handle(Object(Laravel\\Lumen\\Http\\Request), Object(Closure))
#25 /var/www/html/vendor/laravel/lumen-framework/src/Routing/Pipeline.php(30): Illuminate\\Pipeline\\Pipeline->Illuminate\\Pipeline\\{closure}(Object(Laravel\\Lumen\\Http\\Request))
#26 /var/www/html/vendor/illuminate/pipeline/Pipeline.php(116): Laravel\\Lumen\\Routing\\Pipeline->Laravel\\Lumen\\Routing\\{closure}(Object(Laravel\\Lumen\\Http\\Request))
#27 /var/www/html/vendor/laravel/lumen-framework/src/Concerns/RoutesRequests.php(428): Illuminate\\Pipeline\\Pipeline->then(Object(Closure))
#28 /var/www/html/vendor/laravel/lumen-framework/src/Concerns/RoutesRequests.php(177): Laravel\\Lumen\\Application->sendThroughPipeline(Array, Object(Closure))
#29 /var/www/html/vendor/laravel/lumen-framework/src/Concerns/RoutesRequests.php(112): Laravel\\Lumen\\Application->dispatch(NULL)
#30 /var/www/html/public/index.php(28): Laravel\\Lumen\\Application->run()
#31 {main}
"} 
[2026-09-23 10:43:58] production.ERROR: 订单不存在 {"exception":"[object] (App\\Exceptions\\ErrorException(code: 200): 订单不存在 at /var/www/html/modules/Trade/Services/OrderInvoiceService.php:112)
[stacktrace]
#0 /var/www/html/modules/Trade/Http/Controllers/Manage/OrderInvoiceController.php(46): Modules\\Trade\\Services\\OrderInvoiceService->addInvoice(Object(Laravel\\Lumen\\Http\\Request))
#1 /var/www/html/vendor/illuminate/container/BoundMethod.php(36): Modules\\Trade\\Http\\Controllers\\Manage\\OrderInvoiceController->add(Object(Laravel\\Lumen\\Http\\Request))
#2 /var/www/html/vendor/illuminate/container/Util.php(41): Illuminate\\Container\\BoundMethod::Illuminate\\Container\\{closure}()
#3 /var/www/html/vendor/illuminate/container/BoundMethod.php(93): Illuminate\\Container\\Util::unwrapIfClosure(Object(Closure))
#4 /var/www/html/vendor/illuminate/container/BoundMethod.php(37): Illuminate\\Container\\BoundMethod::callBoundMethod(Object(Laravel\\Lumen\\Application), Array, Object(Closure))
#5 /var/www/html/vendor/illuminate/container/Container.php(661): Illuminate\\Container\\BoundMethod::call(Object(Laravel\\Lumen\\Application), Array, Array, NULL)
#6 /var/www/html/vendor/laravel/lumen-framework/src/Concerns/RoutesRequests.php(391): Illuminate\\Container\\Container->call(Array, Array)
#7 /var/www/html/vendor/laravel/lumen-framework/src/Concerns/RoutesRequests.php(357): Laravel\\Lumen\\Application->callControllerCallable(Array, Array)
#8 /var/www/html/vendor/laravel/lumen-framework/src/Concerns/RoutesRequests.php(331): Laravel\\Lumen\\Application->callLumenController(Object(Modules\\Trade\\Http\\Controllers\\Manage\\OrderInvoiceController), 'add', Array)
#9 /var/www/html/vendor/laravel/lumen-framework/src/Concerns/RoutesRequests.php(284): Laravel\\Lumen\\Application->callControllerAction(Array)
#10 /var/www/html/vendor/laravel/lumen-framework/src/Concerns/RoutesRequests.php(264): Laravel\\Lumen\\Application->callActionOnArrayBasedRoute(Array)
#11 /var/www/html/vendor/laravel/lumen-framework/src/Routing/Pipeline.php(48): Laravel\\Lumen\\Application->Laravel\\Lumen\\Concerns\\{closure}(Object(Laravel\\Lumen\\Http\\Request))
#12 /var/www/html/app/Middleware/AdminAuthenticate.php(43): Laravel\\Lumen\\Routing\\Pipeline->Laravel\\Lumen\\Routing\\{closure}(Object(Laravel\\Lumen\\Http\\Request))
#13 /var/www/html/vendor/illuminate/pipeline/Pipeline.php(180): App\\Middleware\\AdminAuthenticate->handle(Object(Laravel\\Lumen\\Http\\Request), Object(Closure))
#14 /var/www/html/vendor/laravel/lumen-framework/src/Routing/Pipeline.php(30): Illuminate\\Pipeline\\Pipeline->Illuminate\\Pipeline\\{closure}(Object(Laravel\\Lumen\\Http\\Request))
#15 /var/www/html/app/Middleware/Authenticate.php(45): Laravel\\Lumen\\Routing\\Pipeline->Laravel\\Lumen\\Routing\\{closure}(Object(Laravel\\Lumen\\Http\\Request))
#16 /var/www/html/vendor/illuminate/pipeline/Pipeline.php(180): App\\Middleware\\Authenticate->handle(Object(Laravel\\Lumen\\Http\\Request), Object(Closure))
#17 /var/www/html/vendor/laravel/lumen-framework/src/Routing/Pipeline.php(30): Illuminate\\Pipeline\\Pipeline->Illuminate\\Pipeline\\{closure}(Object(Laravel\\Lumen\\Http\\Request))
#18 /var/www/html/vendor/illuminate/pipeline/Pipeline.php(116): Laravel\\Lumen\\Routing\\Pipeline->Laravel\\Lumen\\Routing\\{closure}(Object(Laravel\\Lumen\\Http\\Request))
#19 /var/www/html/vendor/laravel/lumen-framework/src/Concerns/RoutesRequests.php(428): Illuminate\\Pipeline\\Pipeline->then(Object(Closure))
#20 /var/www/html/vendor/laravel/lumen-framework/src/Concerns/RoutesRequests.php(265): Laravel\\Lumen\\Application->sendThroughPipeline(Array, Object(Closure))
#21 /var/www/html/vendor/laravel/lumen-framework/src/Concerns/RoutesRequests.php(171): Laravel\\Lumen\\Application->handleFoundRoute(Array)
#22 /var/www/html/vendor/laravel/lumen-framework/src/Routing/Pipeline.php(48): Laravel\\Lumen\\Application->Laravel\\Lumen\\Concerns\\{closure}(Object(Laravel\\Lumen\\Http\\Request))
#23 /var/www/html/app/Middleware/CrossMiddleware.php(48): Laravel\\Lumen\\Routing\\Pipeline->Laravel\\Lumen\\Routing\\{closure}(Object(Laravel\\Lumen\\Http\\Request))
#24 /var/www/html/vendor/illuminate/pipeline/Pipeline.php(180): App\\Middleware\\CrossMiddleware->handle(Object(Laravel\\Lumen\\Http\\Request), Object(Closure))
#25 /var/www/html/vendor/laravel/lumen-framework/src/Routing/Pipeline.php(30): Illuminate\\Pipeline\\Pipeline->Illuminate\\Pipeline\\{closure}(Object(Laravel\\Lumen\\Http\\Request))
#26 /var/www/html/vendor/illuminate/pipeline/Pipeline.php(116): Laravel\\Lumen\\Routing\\Pipeline->Laravel\\Lumen\\Routing\\{closure}(Object(Laravel\\Lumen\\Http\\Request))
#27 /var/www/html/vendor/laravel/lumen-framework/src/Concerns/RoutesRequests.php(428): Illuminate\\Pipeline\\Pipeline->then(Object(Closure))
#28 /var/www/html/vendor/laravel/lumen-framework/src/Concerns/RoutesRequests.php(177): Laravel\\Lumen\\Application->sendThroughPipeline(Array, Object(Closure))
#29 /var/www/html/vendor/laravel/lumen-framework/src/Concerns/RoutesRequests.php(112): Laravel\\Lumen\\Application->dispatch(NULL)
#30 /var/www/html/public/index.php(28): Laravel\\Lumen\\Application->run()
#31 {main}
"} 
[2026-09-23 10:43:58] production.ERROR: 数据有误 {"exception":"[object] (App\\Exceptions\\ErrorException(code: 200): 数据有误 at /var/www/html/modules/Trade/Services/OrderInvoiceService.php:159)
[stacktrace]
#0 /var/www/html/modules/Trade/Http/Controllers/Manage/OrderInvoiceController.php(58): Modules\\Trade\\Services\\OrderInvoiceService->editInvoice(Object(Laravel\\Lumen\\Http\\Request))
#1 /var/www/html/vendor/illuminate/container/BoundMethod.php(36): Modules\\Trade\\Http\\Controllers\\Manage\\OrderInvoiceController->edit(Object(Laravel\\Lumen\\Http\\Request))
#2 /var/www/html/vendor/illuminate/container/Util.php(41): Illuminate\\Container\\BoundMethod::Illuminate\\Container\\{closure}()
#3 /var/www/html/vendor/illuminate/container/BoundMethod.php(93): Illuminate\\Container\\Util::unwrapIfClosure(Object(Closure))
#4 /var/www/html/vendor/illuminate/container/BoundMethod.php(37): Illuminate\\Container\\BoundMethod::callBoundMethod(Object(Laravel\\Lumen\\Application), Array, Object(Closure))
#5 /var/www/html/vendor/illuminate/container/Container.php(661): Illuminate\\Container\\BoundMethod::call(Object(Laravel\\Lumen\\Application), Array, Array, NULL)
#6 /var/www/html/vendor/laravel/lumen-framework/src/Concerns/RoutesRequests.php(391): Illuminate\\Container\\Container->call(Array, Array)
#7 /var/www/html/vendor/laravel/lumen-framework/src/Concerns/RoutesRequests.php(357): Laravel\\Lumen\\Application->callControllerCallable(Array, Array)
#8 /var/www/html/vendor/laravel/lumen-framework/src/Concerns/RoutesRequests.php(331): Laravel\\Lumen\\Application->callLumenController(Object(Modules\\Trade\\Http\\Controllers\\Manage\\OrderInvoiceController), 'edit', Array)
#9 /var/www/html/vendor/laravel/lumen-framework/src/Concerns/RoutesRequests.php(284): Laravel\\Lumen\\Application->callControllerAction(Array)
#10 /var/www/html/vendor/laravel/lumen-framework/src/Concerns/RoutesRequests.php(264): Laravel\\Lumen\\Application->callActionOnArrayBasedRoute(Array)
#11 /var/www/html/vendor/laravel/lumen-framework/src/Routing/Pipeline.php(48): Laravel\\Lumen\\Application->Laravel\\Lumen\\Concerns\\{closure}(Object(Laravel\\Lumen\\Http\\Request))
#12 /var/www/html/app/Middleware/AdminAuthenticate.php(43): Laravel\\Lumen\\Routing\\Pipeline->Laravel\\Lumen\\Routing\\{closure}(Object(Laravel\\Lumen\\Http\\Request))
#13 /var/www/html/vendor/illuminate/pipeline/Pipeline.php(180): App\\Middleware\\AdminAuthenticate->handle(Object(Laravel\\Lumen\\Http\\Request), Object(Closure))
#14 /var/www/html/vendor/laravel/lumen-framework/src/Routing/Pipeline.php(30): Illuminate\\Pipeline\\Pipeline->Illuminate\\Pipeline\\{closure}(Object(Laravel\\Lumen\\Http\\Request))
#15 /var/www/html/app/Middleware/Authenticate.php(45): Laravel\\Lumen\\Routing\\Pipeline->Laravel\\Lumen\\Routing\\{closure}(Object(Laravel\\Lumen\\Http\\Request))
#16 /var/www/html/vendor/illuminate/pipeline/Pipeline.php(180): App\\Middleware\\Authenticate->handle(Object(Laravel\\Lumen\\Http\\Request), Object(Closure))
#17 /var/www/html/vendor/laravel/lumen-framework/src/Routing/Pipeline.php(30): Illuminate\\Pipeline\\Pipeline->Illuminate\\Pipeline\\{closure}(Object(Laravel\\Lumen\\Http\\Request))
#18 /var/www/html/vendor/illuminate/pipeline/Pipeline.php(116): Laravel\\Lumen\\Routing\\Pipeline->Laravel\\Lumen\\Routing\\{closure}(Object(Laravel\\Lumen\\Http\\Request))
#19 /var/www/html/vendor/laravel/lumen-framework/src/Concerns/RoutesRequests.php(428): Illuminate\\Pipeline\\Pipeline->then(Object(Closure))
#20 /var/www/html/vendor/laravel/lumen-framework/src/Concerns/RoutesRequests.php(265): Laravel\\Lumen\\Application->sendThroughPipeline(Array, Object(Closure))
#21 /var/www/html/vendor/laravel/lumen-framework/src/Concerns/RoutesRequests.php(171): Laravel\\Lumen\\Application->handleFoundRoute(Array)
#22 /var/www/html/vendor/laravel/lumen-framework/src/Routing/Pipeline.php(48): Laravel\\Lumen\\Application->Laravel\\Lumen\\Concerns\\{closure}(Object(Laravel\\Lumen\\Http\\Request))
#23 /var/www/html/app/Middleware/CrossMiddleware.php(48): Laravel\\Lumen\\Routing\\Pipeline->Laravel\\Lumen\\Routing\\{closure}(Object(Laravel\\Lumen\\Http\\Request))
#24 /var/www/html/vendor/illuminate/pipeline/Pipeline.php(180): App\\Middleware\\CrossMiddleware->handle(Object(Laravel\\Lumen\\Http\\Request), Object(Closure))
#25 /var/www/html/vendor/laravel/lumen-framework/src/Routing/Pipeline.php(30): Illuminate\\Pipeline\\Pipeline->Illuminate\\Pipeline\\{closure}(Object(Laravel\\Lumen\\Http\\Request))
#26 /var/www/html/vendor/illuminate/pipeline/Pipeline.php(116): Laravel\\Lumen\\Routing\\Pipeline->Laravel\\Lumen\\Routing\\{closure}(Object(Laravel\\Lumen\\Http\\Request))
#27 /var/www/html/vendor/laravel/lumen-framework/src/Concerns/RoutesRequests.php(428): Illuminate\\Pipeline\\Pipeline->then(Object(Closure))
#28 /var/www/html/vendor/laravel/lumen-framework/src/Concerns/RoutesRequests.php(177): Laravel\\Lumen\\Application->sendThroughPipeline(Array, Object(Closure))
#29 /var/www/html/vendor/laravel/lumen-framework/src/Concerns/RoutesRequests.php(112): Laravel\\Lumen\\Application->dispatch(NULL)
#30 /var/www/html/public/index.php(28): Laravel\\Lumen\\Application->run()
#31 {main}
"} 
[2026-09-23 10:43:58] production.ERROR: 请选择要删除的数据 {"exception":"[object] (App\\Exceptions\\ErrorException(code: 200): 请选择要删除的数据 at /var/www/html/modules/Trade/Services/OrderInvoiceService.php:203)
[stacktrace]
#0 /var/www/html/modules/Trade/Http/Controllers/Manage/OrderInvoiceController.php(70): Modules\\Trade\\Services\\OrderInvoiceService->removeInvoice(Object(Laravel\\Lumen\\Http\\Request))
#1 /var/www/html/vendor/illuminate/container/BoundMethod.php(36): Modules\\Trade\\Http\\Controllers\\Manage\\OrderInvoiceController->remove(Object(Laravel\\Lumen\\Http\\Request))
#2 /var/www/html/vendor/illuminate/container/Util.php(41): Illuminate\\Container\\BoundMethod::Illuminate\\Container\\{closure}()
#3 /var/www/html/vendor/illuminate/container/BoundMethod.php(93): Illuminate\\Container\\Util::unwrapIfClosure(Object(Closure))
#4 /var/www/html/vendor/illuminate/container/BoundMethod.php(37): Illuminate\\Container\\BoundMethod::callBoundMethod(Object(Laravel\\Lumen\\Application), Array, Object(Closure))
#5 /var/www/html/vendor/illuminate/container/Container.php(661): Illuminate\\Container\\BoundMethod::call(Object(Laravel\\Lumen\\Application), Array, Array, NULL)
#6 /var/www/html/vendor/laravel/lumen-framework/src/Concerns/RoutesRequests.php(391): Illuminate\\Container\\Container->call(Array, Array)
#7 /var/www/html/vendor/laravel/lumen-framework/src/Concerns/RoutesRequests.php(357): Laravel\\Lumen\\Application->callControllerCallable(Array, Array)
#8 /var/www/html/vendor/laravel/lumen-framework/src/Concerns/RoutesRequests.php(331): Laravel\\Lumen\\Application->callLumenController(Object(Modules\\Trade\\Http\\Controllers\\Manage\\OrderInvoiceController), 'remove', Array)
#9 /var/www/html/vendor/laravel/lumen-framework/src/Concerns/RoutesRequests.php(284): Laravel\\Lumen\\Application->callControllerAction(Array)
#10 /var/www/html/vendor/laravel/lumen-framework/src/Concerns/RoutesRequests.php(264): Laravel\\Lumen\\Application->callActionOnArrayBasedRoute(Array)
#11 /var/www/html/vendor/laravel/lumen-framework/src/Routing/Pipeline.php(48): Laravel\\Lumen\\Application->Laravel\\Lumen\\Concerns\\{closure}(Object(Laravel\\Lumen\\Http\\Request))
#12 /var/www/html/app/Middleware/AdminAuthenticate.php(43): Laravel\\Lumen\\Routing\\Pipeline->Laravel\\Lumen\\Routing\\{closure}(Object(Laravel\\Lumen\\Http\\Request))
#13 /var/www/html/vendor/illuminate/pipeline/Pipeline.php(180): App\\Middleware\\AdminAuthenticate->handle(Object(Laravel\\Lumen\\Http\\Request), Object(Closure))
#14 /var/www/html/vendor/laravel/lumen-framework/src/Routing/Pipeline.php(30): Illuminate\\Pipeline\\Pipeline->Illuminate\\Pipeline\\{closure}(Object(Laravel\\Lumen\\Http\\Request))
#15 /var/www/html/app/Middleware/Authenticate.php(45): Laravel\\Lumen\\Routing\\Pipeline->Laravel\\Lumen\\Routing\\{closure}(Object(Laravel\\Lumen\\Http\\Request))
#16 /var/www/html/vendor/illuminate/pipeline/Pipeline.php(180): App\\Middleware\\Authenticate->handle(Object(Laravel\\Lumen\\Http\\Request), Object(Closure))
#17 /var/www/html/vendor/laravel/lumen-framework/src/Routing/Pipeline.php(30): Illuminate\\Pipeline\\Pipeline->Illuminate\\Pipeline\\{closure}(Object(Laravel\\Lumen\\Http\\Request))
#18 /var/www/html/vendor/illuminate/pipeline/Pipeline.php(116): Laravel\\Lumen\\Routing\\Pipeline->Laravel\\Lumen\\Routing\\{closure}(Object(Laravel\\Lumen\\Http\\Request))
#19 /var/www/html/vendor/laravel/lumen-framework/src/Concerns/RoutesRequests.php(428): Illuminate\\Pipeline\\Pipeline->then(Object(Closure))
#20 /var/www/html/vendor/laravel/lumen-framework/src/Concerns/RoutesRequests.php(265): Laravel\\Lumen\\Application->sendThroughPipeline(Array, Object(Closure))
#21 /var/www/html/vendor/laravel/lumen-framework/src/Concerns/RoutesRequests.php(171): Laravel\\Lumen\\Application->handleFoundRoute(Array)
#22 /var/www/html/vendor/laravel/lumen-framework/src/Routing/Pipeline.php(48): Laravel\\Lumen\\Application->Laravel\\Lumen\\Concerns\\{closure}(Object(Laravel\\Lumen\\Http\\Request))
#23 /var/www/html/app/Middleware/CrossMiddleware.php(48): Laravel\\Lumen\\Routing\\Pipeline->Laravel\\Lumen\\Routing\\{closure}(Object(Laravel\\Lumen\\Http\\Request))
#24 /var/www/html/vendor/illuminate/pipeline/Pipeline.php(180): App\\Middleware\\CrossMiddleware->handle(Object(Laravel\\Lumen\\Http\\Request), Object(Closure))
#25 /var/www/html/vendor/laravel/lumen-framework/src/Routing/Pipeline.php(30): Illuminate\\Pipeline\\Pipeline->Illuminate\\Pipeline\\{closure}(Object(Laravel\\Lumen\\Http\\Request))
#26 /var/www/html/vendor/illuminate/pipeline/Pipeline.php(116): Laravel\\Lumen\\Routing\\Pipeline->Laravel\\Lumen\\Routing\\{closure}(Object(Laravel\\Lumen\\Http\\Request))
#27 /var/www/html/vendor/laravel/lumen-framework/src/Concerns/RoutesRequests.php(428): Illuminate\\Pipeline\\Pipeline->then(Object(Closure))
#28 /var/www/html/vendor/laravel/lumen-framework/src/Concerns/RoutesRequests.php(177): Laravel\\Lumen\\Application->sendThroughPipeline(Array, Object(Closure))
#29 /var/www/html/vendor/laravel/lumen-framework/src/Concerns/RoutesRequests.php(112): Laravel\\Lumen\\Application->dispatch(NULL)
#30 /var/www/html/public/index.php(28): Laravel\\Lumen\\Application->run()
#31 {main}
"} 
[2026-09-23 10:43:58] production.ERROR: 请输入订单编号 {"exception":"[object] (App\\Exceptions\\ErrorException(code: 200): 请输入订单编号 at /var/www/html/modules/Trade/Services/OrderReturnService.php:278)
[stacktrace]
#0 /var/www/html/modules/Trade/Http/Controllers/Manage/OrderReturnController.php(56): Modules\\Trade\\Services\\OrderReturnService->addReturnByAdmin(Object(Laravel\\Lumen\\Http\\Request))
#1 /var/www/html/vendor/illuminate/container/BoundMethod.php(36): Modules\\Trade\\Http\\Controllers\\Manage\\OrderReturnController->add(Object(Laravel\\Lumen\\Http\\Request))
#2 /var/www/html/vendor/illuminate/container/Util.php(41): Illuminate\\Container\\BoundMethod::Illuminate\\Container\\{closure}()
#3 /var/www/html/vendor/illuminate/container/BoundMethod.php(93): Illuminate\\Container\\Util::unwrapIfClosure(Object(Closure))
#4 /var/www/html/vendor/illuminate/container/BoundMethod.php(37): Illuminate\\Container\\BoundMethod::callBoundMethod(Object(Laravel\\Lumen\\Application), Array, Object(Closure))
#5 /var/www/html/vendor/illuminate/container/Container.php(661): Illuminate\\Container\\BoundMethod::call(Object(Laravel\\Lumen\\Application), Array, Array, NULL)
#6 /var/www/html/vendor/laravel/lumen-framework/src/Concerns/RoutesRequests.php(391): Illuminate\\Container\\Container->call(Array, Array)
#7 /var/www/html/vendor/laravel/lumen-framework/src/Concerns/RoutesRequests.php(357): Laravel\\Lumen\\Application->callControllerCallable(Array, Array)
#8 /var/www/html/vendor/laravel/lumen-framework/src/Concerns/RoutesRequests.php(331): Laravel\\Lumen\\Application->callLumenController(Object(Modules\\Trade\\Http\\Controllers\\Manage\\OrderReturnController), 'add', Array)
#9 /var/www/html/vendor/laravel/lumen-framework/src/Concerns/RoutesRequests.php(284): Laravel\\Lumen\\Application->callControllerAction(Array)
#10 /var/www/html/vendor/laravel/lumen-framework/src/Concerns/RoutesRequests.php(264): Laravel\\Lumen\\Application->callActionOnArrayBasedRoute(Array)
#11 /var/www/html/vendor/laravel/lumen-framework/src/Routing/Pipeline.php(48): Laravel\\Lumen\\Application->Laravel\\Lumen\\Concerns\\{closure}(Object(Laravel\\Lumen\\Http\\Request))
#12 /var/www/html/app/Middleware/AdminAuthenticate.php(43): Laravel\\Lumen\\Routing\\Pipeline->Laravel\\Lumen\\Routing\\{closure}(Object(Laravel\\Lumen\\Http\\Request))
#13 /var/www/html/vendor/illuminate/pipeline/Pipeline.php(180): App\\Middleware\\AdminAuthenticate->handle(Object(Laravel\\Lumen\\Http\\Request), Object(Closure))
#14 /var/www/html/vendor/laravel/lumen-framework/src/Routing/Pipeline.php(30): Illuminate\\Pipeline\\Pipeline->Illuminate\\Pipeline\\{closure}(Object(Laravel\\Lumen\\Http\\Request))
#15 /var/www/html/app/Middleware/Authenticate.php(45): Laravel\\Lumen\\Routing\\Pipeline->Laravel\\Lumen\\Routing\\{closure}(Object(Laravel\\Lumen\\Http\\Request))
#16 /var/www/html/vendor/illuminate/pipeline/Pipeline.php(180): App\\Middleware\\Authenticate->handle(Object(Laravel\\Lumen\\Http\\Request), Object(Closure))
#17 /var/www/html/vendor/laravel/lumen-framework/src/Routing/Pipeline.php(30): Illuminate\\Pipeline\\Pipeline->Illuminate\\Pipeline\\{closure}(Object(Laravel\\Lumen\\Http\\Request))
#18 /var/www/html/vendor/illuminate/pipeline/Pipeline.php(116): Laravel\\Lumen\\Routing\\Pipeline->Laravel\\Lumen\\Routing\\{closure}(Object(Laravel\\Lumen\\Http\\Request))
#19 /var/www/html/vendor/laravel/lumen-framework/src/Concerns/RoutesRequests.php(428): Illuminate\\Pipeline\\Pipeline->then(Object(Closure))
#20 /var/www/html/vendor/laravel/lumen-framework/src/Concerns/RoutesRequests.php(265): Laravel\\Lumen\\Application->sendThroughPipeline(Array, Object(Closure))
#21 /var/www/html/vendor/laravel/lumen-framework/src/Concerns/RoutesRequests.php(171): Laravel\\Lumen\\Application->handleFoundRoute(Array)
#22 /var/www/html/vendor/laravel/lumen-framework/src/Routing/Pipeline.php(48): Laravel\\Lumen\\Application->Laravel\\Lumen\\Concerns\\{closure}(Object(Laravel\\Lumen\\Http\\Request))
#23 /var/www/html/app/Middleware/CrossMiddleware.php(48): Laravel\\Lumen\\Routing\\Pipeline->Laravel\\Lumen\\Routing\\{closure}(Object(Laravel\\Lumen\\Http\\Request))
#24 /var/www/html/vendor/illuminate/pipeline/Pipeline.php(180): App\\Middleware\\CrossMiddleware->handle(Object(Laravel\\Lumen\\Http\\Request), Object(Closure))
#25 /var/www/html/vendor/laravel/lumen-framework/src/Routing/Pipeline.php(30): Illuminate\\Pipeline\\Pipeline->Illuminate\\Pipeline\\{closure}(Object(Laravel\\Lumen\\Http\\Request))
#26 /var/www/html/vendor/illuminate/pipeline/Pipeline.php(116): Laravel\\Lumen\\Routing\\Pipeline->Laravel\\Lumen\\Routing\\{closure}(Object(Laravel\\Lumen\\Http\\Request))
#27 /var/www/html/vendor/laravel/lumen-framework/src/Concerns/RoutesRequests.php(428): Illuminate\\Pipeline\\Pipeline->then(Object(Closure))
#28 /var/www/html/vendor/laravel/lumen-framework/src/Concerns/RoutesRequests.php(177): Laravel\\Lumen\\Application->sendThroughPipeline(Array, Object(Closure))
#29 /var/www/html/vendor/laravel/lumen-framework/src/Concerns/RoutesRequests.php(112): Laravel\\Lumen\\Application->dispatch(NULL)
#30 /var/www/html/public/index.php(28): Laravel\\Lumen\\Application->run()
#31 {main}
"} 
[2026-09-23 10:43:58] production.ERROR: 订单不存在 {"exception":"[object] (App\\Exceptions\\ErrorException(code: 200): 订单不存在 at /var/www/html/modules/Trade/Services/OrderReturnService.php:283)
[stacktrace]
#0 /var/www/html/modules/Trade/Http/Controllers/Manage/OrderReturnController.php(56): Modules\\Trade\\Services\\OrderReturnService->addReturnByAdmin(Object(Laravel\\Lumen\\Http\\Request))
#1 /var/www/html/vendor/illuminate/container/BoundMethod.php(36): Modules\\Trade\\Http\\Controllers\\Manage\\OrderReturnController->add(Object(Laravel\\Lumen\\Http\\Request))
#2 /var/www/html/vendor/illuminate/container/Util.php(41): Illuminate\\Container\\BoundMethod::Illuminate\\Container\\{closure}()
#3 /var/www/html/vendor/illuminate/container/BoundMethod.php(93): Illuminate\\Container\\Util::unwrapIfClosure(Object(Closure))
#4 /var/www/html/vendor/illuminate/container/BoundMethod.php(37): Illuminate\\Container\\BoundMethod::callBoundMethod(Object(Laravel\\Lumen\\Application), Array, Object(Closure))
#5 /var/www/html/vendor/illuminate/container/Container.php(661): Illuminate\\Container\\BoundMethod::call(Object(Laravel\\Lumen\\Application), Array, Array, NULL)
#6 /var/www/html/vendor/laravel/lumen-framework/src/Concerns/RoutesRequests.php(391): Illuminate\\Container\\Container->call(Array, Array)
#7 /var/www/html/vendor/laravel/lumen-framework/src/Concerns/RoutesRequests.php(357): Laravel\\Lumen\\Application->callControllerCallable(Array, Array)
#8 /var/www/html/vendor/laravel/lumen-framework/src/Concerns/RoutesRequests.php(331): Laravel\\Lumen\\Application->callLumenController(Object(Modules\\Trade\\Http\\Controllers\\Manage\\OrderReturnController), 'add', Array)
#9 /var/www/html/vendor/laravel/lumen-framework/src/Concerns/RoutesRequests.php(284): Laravel\\Lumen\\Application->callControllerAction(Array)
#10 /var/www/html/vendor/laravel/lumen-framework/src/Concerns/RoutesRequests.php(264): Laravel\\Lumen\\Application->callActionOnArrayBasedRoute(Array)
#11 /var/www/html/vendor/laravel/lumen-framework/src/Routing/Pipeline.php(48): Laravel\\Lumen\\Application->Laravel\\Lumen\\Concerns\\{closure}(Object(Laravel\\Lumen\\Http\\Request))
#12 /var/www/html/app/Middleware/AdminAuthenticate.php(43): Laravel\\Lumen\\Routing\\Pipeline->Laravel\\Lumen\\Routing\\{closure}(Object(Laravel\\Lumen\\Http\\Request))
#13 /var/www/html/vendor/illuminate/pipeline/Pipeline.php(180): App\\Middleware\\AdminAuthenticate->handle(Object(Laravel\\Lumen\\Http\\Request), Object(Closure))
#14 /var/www/html/vendor/laravel/lumen-framework/src/Routing/Pipeline.php(30): Illuminate\\Pipeline\\Pipeline->Illuminate\\Pipeline\\{closure}(Object(Laravel\\Lumen\\Http\\Request))
#15 /var/www/html/app/Middleware/Authenticate.php(45): Laravel\\Lumen\\Routing\\Pipeline->Laravel\\Lumen\\Routing\\{closure}(Object(Laravel\\Lumen\\Http\\Request))
#16 /var/www/html/vendor/illuminate/pipeline/Pipeline.php(180): App\\Middleware\\Authenticate->handle(Object(Laravel\\Lumen\\Http\\Request), Object(Closure))
#17 /var/www/html/vendor/laravel/lumen-framework/src/Routing/Pipeline.php(30): Illuminate\\Pipeline\\Pipeline->Illuminate\\Pipeline\\{closure}(Object(Laravel\\Lumen\\Http\\Request))
#18 /var/www/html/vendor/illuminate/pipeline/Pipeline.php(116): Laravel\\Lumen\\Routing\\Pipeline->Laravel\\Lumen\\Routing\\{closure}(Object(Laravel\\Lumen\\Http\\Request))
#19 /var/www/html/vendor/laravel/lumen-framework/src/Concerns/RoutesRequests.php(428): Illuminate\\Pipeline\\Pipeline->then(Object(Closure))
#20 /var/www/html/vendor/laravel/lumen-framework/src/Concerns/RoutesRequests.php(265): Laravel\\Lumen\\Application->sendThroughPipeline(Array, Object(Closure))
#21 /var/www/html/vendor/laravel/lumen-framework/src/Concerns/RoutesRequests.php(171): Laravel\\Lumen\\Application->handleFoundRoute(Array)
#22 /var/www/html/vendor/laravel/lumen-framework/src/Routing/Pipeline.php(48): Laravel\\Lumen\\Application->Laravel\\Lumen\\Concerns\\{closure}(Object(Laravel\\Lumen\\Http\\Request))
#23 /var/www/html/app/Middleware/CrossMiddleware.php(48): Laravel\\Lumen\\Routing\\Pipeline->Laravel\\Lumen\\Routing\\{closure}(Object(Laravel\\Lumen\\Http\\Request))
#24 /var/www/html/vendor/illuminate/pipeline/Pipeline.php(180): App\\Middleware\\CrossMiddleware->handle(Object(Laravel\\Lumen\\Http\\Request), Object(Closure))
#25 /var/www/html/vendor/laravel/lumen-framework/src/Routing/Pipeline.php(30): Illuminate\\Pipeline\\Pipeline->Illuminate\\Pipeline\\{closure}(Object(Laravel\\Lumen\\Http\\Request))
#26 /var/www/html/vendor/illuminate/pipeline/Pipeline.php(116): Laravel\\Lumen\\Routing\\Pipeline->Laravel\\Lumen\\Routing\\{closure}(Object(Laravel\\Lumen\\Http\\Request))
#27 /var/www/html/vendor/laravel/lumen-framework/src/Concerns/RoutesRequests.php(428): Illuminate\\Pipeline\\Pipeline->then(Object(Closure))
#28 /var/www/html/vendor/laravel/lumen-framework/src/Concerns/RoutesRequests.php(177): Laravel\\Lumen\\Application->sendThroughPipeline(Array, Object(Closure))
#29 /var/www/html/vendor/laravel/lumen-framework/src/Concerns/RoutesRequests.php(112): Laravel\\Lumen\\Application->dispatch(NULL)
#30 /var/www/html/public/index.php(28): Laravel\\Lumen\\Application->run()
#31 {main}
"} 
[2026-09-23 10:43:58] production.ERROR: 数据有误 {"exception":"[object] (App\\Exceptions\\ErrorException(code: 200): 数据有误 at /var/www/html/modules/Trade/Services/OrderReturnService.php:316)
[stacktrace]
#0 /var/www/html/modules/Trade/Http/Controllers/Manage/OrderReturnController.php(68): Modules\\Trade\\Services\\OrderReturnService->editReturn(Object(Laravel\\Lumen\\Http\\Request))
#1 /var/www/html/vendor/illuminate/container/BoundMethod.php(36): Modules\\Trade\\Http\\Controllers\\Manage\\OrderReturnController->edit(Object(Laravel\\Lumen\\Http\\Request))
#2 /var/www/html/vendor/illuminate/container/Util.php(41): Illuminate\\Container\\BoundMethod::Illuminate\\Container\\{closure}()
#3 /var/www/html/vendor/illuminate/container/BoundMethod.php(93): Illuminate\\Container\\Util::unwrapIfClosure(Object(Closure))
#4 /var/www/html/vendor/illuminate/container/BoundMethod.php(37): Illuminate\\Container\\BoundMethod::callBoundMethod(Object(Laravel\\Lumen\\Application), Array, Object(Closure))
#5 /var/www/html/vendor/illuminate/container/Container.php(661): Illuminate\\Container\\BoundMethod::call(Object(Laravel\\Lumen\\Application), Array, Array, NULL)
#6 /var/www/html/vendor/laravel/lumen-framework/src/Concerns/RoutesRequests.php(391): Illuminate\\Container\\Container->call(Array, Array)
#7 /var/www/html/vendor/laravel/lumen-framework/src/Concerns/RoutesRequests.php(357): Laravel\\Lumen\\Application->callControllerCallable(Array, Array)
#8 /var/www/html/vendor/laravel/lumen-framework/src/Concerns/RoutesRequests.php(331): Laravel\\Lumen\\Application->callLumenController(Object(Modules\\Trade\\Http\\Controllers\\Manage\\OrderReturnController), 'edit', Array)
#9 /var/www/html/vendor/laravel/lumen-framework/src/Concerns/RoutesRequests.php(284): Laravel\\Lumen\\Application->callControllerAction(Array)
#10 /var/www/html/vendor/laravel/lumen-framework/src/Concerns/RoutesRequests.php(264): Laravel\\Lumen\\Application->callActionOnArrayBasedRoute(Array)
#11 /var/www/html/vendor/laravel/lumen-framework/src/Routing/Pipeline.php(48): Laravel\\Lumen\\Application->Laravel\\Lumen\\Concerns\\{closure}(Object(Laravel\\Lumen\\Http\\Request))
#12 /var/www/html/app/Middleware/AdminAuthenticate.php(43): Laravel\\Lumen\\Routing\\Pipeline->Laravel\\Lumen\\Routing\\{closure}(Object(Laravel\\Lumen\\Http\\Request))
#13 /var/www/html/vendor/illuminate/pipeline/Pipeline.php(180): App\\Middleware\\AdminAuthenticate->handle(Object(Laravel\\Lumen\\Http\\Request), Object(Closure))
#14 /var/www/html/vendor/laravel/lumen-framework/src/Routing/Pipeline.php(30): Illuminate\\Pipeline\\Pipeline->Illuminate\\Pipeline\\{closure}(Object(Laravel\\Lumen\\Http\\Request))
#15 /var/www/html/app/Middleware/Authenticate.php(45): Laravel\\Lumen\\Routing\\Pipeline->Laravel\\Lumen\\Routing\\{closure}(Object(Laravel\\Lumen\\Http\\Request))
#16 /var/www/html/vendor/illuminate/pipeline/Pipeline.php(180): App\\Middleware\\Authenticate->handle(Object(Laravel\\Lumen\\Http\\Request), Object(Closure))
#17 /var/www/html/vendor/laravel/lumen-framework/src/Routing/Pipeline.php(30): Illuminate\\Pipeline\\Pipeline->Illuminate\\Pipeline\\{closure}(Object(Laravel\\Lumen\\Http\\Request))
#18 /var/www/html/vendor/illuminate/pipeline/Pipeline.php(116): Laravel\\Lumen\\Routing\\Pipeline->Laravel\\Lumen\\Routing\\{closure}(Object(Laravel\\Lumen\\Http\\Request))
#19 /var/www/html/vendor/laravel/lumen-framework/src/Concerns/RoutesRequests.php(428): Illuminate\\Pipeline\\Pipeline->then(Object(Closure))
#20 /var/www/html/vendor/laravel/lumen-framework/src/Concerns/RoutesRequests.php(265): Laravel\\Lumen\\Application->sendThroughPipeline(Array, Object(Closure))
#21 /var/www/html/vendor/laravel/lumen-framework/src/Concerns/RoutesRequests.php(171): Laravel\\Lumen\\Application->handleFoundRoute(Array)
#22 /var/www/html/vendor/laravel/lumen-framework/src/Routing/Pipeline.php(48): Laravel\\Lumen\\Application->Laravel\\Lumen\\Concerns\\{closure}(Object(Laravel\\Lumen\\Http\\Request))
#23 /var/www/html/app/Middleware/CrossMiddleware.php(48): Laravel\\Lumen\\Routing\\Pipeline->Laravel\\Lumen\\Routing\\{closure}(Object(Laravel\\Lumen\\Http\\Request))
#24 /var/www/html/vendor/illuminate/pipeline/Pipeline.php(180): App\\Middleware\\CrossMiddleware->handle(Object(Laravel\\Lumen\\Http\\Request), Object(Closure))
#25 /var/www/html/vendor/laravel/lumen-framework/src/Routing/Pipeline.php(30): Illuminate\\Pipeline\\Pipeline->Illuminate\\Pipeline\\{closure}(Object(Laravel\\Lumen\\Http\\Request))
#26 /var/www/html/vendor/illuminate/pipeline/Pipeline.php(116): Laravel\\Lumen\\Routing\\Pipeline->Laravel\\Lumen\\Routing\\{closure}(Object(Laravel\\Lumen\\Http\\Request))
#27 /var/www/html/vendor/laravel/lumen-framework/src/Concerns/RoutesRequests.php(428): Illuminate\\Pipeline\\Pipeline->then(Object(Closure))
#28 /var/www/html/vendor/laravel/lumen-framework/src/Concerns/RoutesRequests.php(177): Laravel\\Lumen\\Application->sendThroughPipeline(Array, Object(Closure))
#29 /var/www/html/vendor/laravel/lumen-framework/src/Concerns/RoutesRequests.php(112): Laravel\\Lumen\\Application->dispatch(NULL)
#30 /var/www/html/public/index.php(28): Laravel\\Lumen\\Application->run()
#31 {main}
"} 
[2026-09-23 10:43:58] production.ERROR: 退单不存在 {"exception":"[object] (App\\Exceptions\\ErrorException(code: 200): 退单不存在 at /var/www/html/modules/Trade/Services/OrderReturnService.php:321)
[stacktrace]
#0 /var/www/html/modules/Trade/Http/Controllers/Manage/OrderReturnController.php(68): Modules\\Trade\\Services\\OrderReturnService->editReturn(Object(Laravel\\Lumen\\Http\\Request))
#1 /var/www/html/vendor/illuminate/container/BoundMethod.php(36): Modules\\Trade\\Http\\Controllers\\Manage\\OrderReturnController->edit(Object(Laravel\\Lumen\\Http\\Request))
#2 /var/www/html/vendor/illuminate/container/Util.php(41): Illuminate\\Container\\BoundMethod::Illuminate\\Container\\{closure}()
#3 /var/www/html/vendor/illuminate/container/BoundMethod.php(93): Illuminate\\Container\\Util::unwrapIfClosure(Object(Closure))
#4 /var/www/html/vendor/illuminate/container/BoundMethod.php(37): Illuminate\\Container\\BoundMethod::callBoundMethod(Object(Laravel\\Lumen\\Application), Array, Object(Closure))
#5 /var/www/html/vendor/illuminate/container/Container.php(661): Illuminate\\Container\\BoundMethod::call(Object(Laravel\\Lumen\\Application), Array, Array, NULL)
#6 /var/www/html/vendor/laravel/lumen-framework/src/Concerns/RoutesRequests.php(391): Illuminate\\Container\\Container->call(Array, Array)
#7 /var/www/html/vendor/laravel/lumen-framework/src/Concerns/RoutesRequests.php(357): Laravel\\Lumen\\Application->callControllerCallable(Array, Array)
#8 /var/www/html/vendor/laravel/lumen-framework/src/Concerns/RoutesRequests.php(331): Laravel\\Lumen\\Application->callLumenController(Object(Modules\\Trade\\Http\\Controllers\\Manage\\OrderReturnController), 'edit', Array)
#9 /var/www/html/vendor/laravel/lumen-framework/src/Concerns/RoutesRequests.php(284): Laravel\\Lumen\\Application->callControllerAction(Array)
#10 /var/www/html/vendor/laravel/lumen-framework/src/Concerns/RoutesRequests.php(264): Laravel\\Lumen\\Application->callActionOnArrayBasedRoute(Array)
#11 /var/www/html/vendor/laravel/lumen-framework/src/Routing/Pipeline.php(48): Laravel\\Lumen\\Application->Laravel\\Lumen\\Concerns\\{closure}(Object(Laravel\\Lumen\\Http\\Request))
#12 /var/www/html/app/Middleware/AdminAuthenticate.php(43): Laravel\\Lumen\\Routing\\Pipeline->Laravel\\Lumen\\Routing\\{closure}(Object(Laravel\\Lumen\\Http\\Request))
#13 /var/www/html/vendor/illuminate/pipeline/Pipeline.php(180): App\\Middleware\\AdminAuthenticate->handle(Object(Laravel\\Lumen\\Http\\Request), Object(Closure))
#14 /var/www/html/vendor/laravel/lumen-framework/src/Routing/Pipeline.php(30): Illuminate\\Pipeline\\Pipeline->Illuminate\\Pipeline\\{closure}(Object(Laravel\\Lumen\\Http\\Request))
#15 /var/www/html/app/Middleware/Authenticate.php(45): Laravel\\Lumen\\Routing\\Pipeline->Laravel\\Lumen\\Routing\\{closure}(Object(Laravel\\Lumen\\Http\\Request))
#16 /var/www/html/vendor/illuminate/pipeline/Pipeline.php(180): App\\Middleware\\Authenticate->handle(Object(Laravel\\Lumen\\Http\\Request), Object(Closure))
#17 /var/www/html/vendor/laravel/lumen-framework/src/Routing/Pipeline.php(30): Illuminate\\Pipeline\\Pipeline->Illuminate\\Pipeline\\{closure}(Object(Laravel\\Lumen\\Http\\Request))
#18 /var/www/html/vendor/illuminate/pipeline/Pipeline.php(116): Laravel\\Lumen\\Routing\\Pipeline->Laravel\\Lumen\\Routing\\{closure}(Object(Laravel\\Lumen\\Http\\Request))
#19 /var/www/html/vendor/laravel/lumen-framework/src/Concerns/RoutesRequests.php(428): Illuminate\\Pipeline\\Pipeline->then(Object(Closure))
#20 /var/www/html/vendor/laravel/lumen-framework/src/Concerns/RoutesRequests.php(265): Laravel\\Lumen\\Application->sendThroughPipeline(Array, Object(Closure))
#21 /var/www/html/vendor/laravel/lumen-framework/src/Concerns/RoutesRequests.php(171): Laravel\\Lumen\\Application->handleFoundRoute(Array)
#22 /var/www/html/vendor/laravel/lumen-framework/src/Routing/Pipeline.php(48): Laravel\\Lumen\\Application->Laravel\\Lumen\\Concerns\\{closure}(Object(Laravel\\Lumen\\Http\\Request))
#23 /var/www/html/app/Middleware/CrossMiddleware.php(48): Laravel\\Lumen\\Routing\\Pipeline->Laravel\\Lumen\\Routing\\{closure}(Object(Laravel\\Lumen\\Http\\Request))
#24 /var/www/html/vendor/illuminate/pipeline/Pipeline.php(180): App\\Middleware\\CrossMiddleware->handle(Object(Laravel\\Lumen\\Http\\Request), Object(Closure))
#25 /var/www/html/vendor/laravel/lumen-framework/src/Routing/Pipeline.php(30): Illuminate\\Pipeline\\Pipeline->Illuminate\\Pipeline\\{closure}(Object(Laravel\\Lumen\\Http\\Request))
#26 /var/www/html/vendor/illuminate/pipeline/Pipeline.php(116): Laravel\\Lumen\\Routing\\Pipeline->Laravel\\Lumen\\Routing\\{closure}(Object(Laravel\\Lumen\\Http\\Request))
#27 /var/www/html/vendor/laravel/lumen-framework/src/Concerns/RoutesRequests.php(428): Illuminate\\Pipeline\\Pipeline->then(Object(Closure))
#28 /var/www/html/vendor/laravel/lumen-framework/src/Concerns/RoutesRequests.php(177): Laravel\\Lumen\\Application->sendThroughPipeline(Array, Object(Closure))
#29 /var/www/html/vendor/laravel/lumen-framework/src/Concerns/RoutesRequests.php(112): Laravel\\Lumen\\Application->dispatch(NULL)
#30 /var/www/html/public/index.php(28): Laravel\\Lumen\\Application->run()
#31 {main}
"} 
[2026-09-23 10:43:58] production.ERROR: 请选择要删除的数据 {"exception":"[object] (App\\Exceptions\\ErrorException(code: 200): 请选择要删除的数据 at /var/www/html/modules/Trade/Services/OrderReturnReasonService.php:46)
[stacktrace]
#0 /var/www/html/modules/Trade/Http/Controllers/Manage/OrderReturnReasonController.php(75): Modules\\Trade\\Services\\OrderReturnReasonService->remove(NULL)
#1 /var/www/html/vendor/illuminate/container/BoundMethod.php(36): Modules\\Trade\\Http\\Controllers\\Manage\\OrderReturnReasonController->remove(Object(Laravel\\Lumen\\Http\\Request))
#2 /var/www/html/vendor/illuminate/container/Util.php(41): Illuminate\\Container\\BoundMethod::Illuminate\\Container\\{closure}()
#3 /var/www/html/vendor/illuminate/container/BoundMethod.php(93): Illuminate\\Container\\Util::unwrapIfClosure(Object(Closure))
#4 /var/www/html/vendor/illuminate/container/BoundMethod.php(37): Illuminate\\Container\\BoundMethod::callBoundMethod(Object(Laravel\\Lumen\\Application), Array, Object(Closure))
#5 /var/www/html/vendor/illuminate/container/Container.php(661): Illuminate\\Container\\BoundMethod::call(Object(Laravel\\Lumen\\Application), Array, Array, NULL)
#6 /var/www/html/vendor/laravel/lumen-framework/src/Concerns/RoutesRequests.php(391): Illuminate\\Container\\Container->call(Array, Array)
#7 /var/www/html/vendor/laravel/lumen-framework/src/Concerns/RoutesRequests.php(357): Laravel\\Lumen\\Application->callControllerCallable(Array, Array)
#8 /var/www/html/vendor/laravel/lumen-framework/src/Concerns/RoutesRequests.php(331): Laravel\\Lumen\\Application->callLumenController(Object(Modules\\Trade\\Http\\Controllers\\Manage\\OrderReturnReasonController), 'remove', Array)
#9 /var/www/html/vendor/laravel/lumen-framework/src/Concerns/RoutesRequests.php(284): Laravel\\Lumen\\Application->callControllerAction(Array)
#10 /var/www/html/vendor/laravel/lumen-framework/src/Concerns/RoutesRequests.php(264): Laravel\\Lumen\\Application->callActionOnArrayBasedRoute(Array)
#11 /var/www/html/vendor/laravel/lumen-framework/src/Routing/Pipeline.php(48): Laravel\\Lumen\\Application->Laravel\\Lumen\\Concerns\\{closure}(Object(Laravel\\Lumen\\Http\\Request))
#12 /var/www/html/app/Middleware/AdminAuthenticate.php(43): Laravel\\Lumen\\Routing\\Pipeline->Laravel\\Lumen\\Routing\\{closure}(Object(Laravel\\Lumen\\Http\\Request))
#13 /var/www/html/vendor/illuminate/pipeline/Pipeline.php(180): App\\Middleware\\AdminAuthenticate->handle(Object(Laravel\\Lumen\\Http\\Request), Object(Closure))
#14 /var/www/html/vendor/laravel/lumen-framework/src/Routing/Pipeline.php(30): Illuminate\\Pipeline\\Pipeline->Illuminate\\Pipeline\\{closure}(Object(Laravel\\Lumen\\Http\\Request))
#15 /var/www/html/app/Middleware/Authenticate.php(45): Laravel\\Lumen\\Routing\\Pipeline->Laravel\\Lumen\\Routing\\{closure}(Object(Laravel\\Lumen\\Http\\Request))
#16 /var/www/html/vendor/illuminate/pipeline/Pipeline.php(180): App\\Middleware\\Authenticate->handle(Object(Laravel\\Lumen\\Http\\Request), Object(Closure))
#17 /var/www/html/vendor/laravel/lumen-framework/src/Routing/Pipeline.php(30): Illuminate\\Pipeline\\Pipeline->Illuminate\\Pipeline\\{closure}(Object(Laravel\\Lumen\\Http\\Request))
#18 /var/www/html/vendor/illuminate/pipeline/Pipeline.php(116): Laravel\\Lumen\\Routing\\Pipeline->Laravel\\Lumen\\Routing\\{closure}(Object(Laravel\\Lumen\\Http\\Request))
#19 /var/www/html/vendor/laravel/lumen-framework/src/Concerns/RoutesRequests.php(428): Illuminate\\Pipeline\\Pipeline->then(Object(Closure))
#20 /var/www/html/vendor/laravel/lumen-framework/src/Concerns/RoutesRequests.php(265): Laravel\\Lumen\\Application->sendThroughPipeline(Array, Object(Closure))
#21 /var/www/html/vendor/laravel/lumen-framework/src/Concerns/RoutesRequests.php(171): Laravel\\Lumen\\Application->handleFoundRoute(Array)
#22 /var/www/html/vendor/laravel/lumen-framework/src/Routing/Pipeline.php(48): Laravel\\Lumen\\Application->Laravel\\Lumen\\Concerns\\{closure}(Object(Laravel\\Lumen\\Http\\Request))
#23 /var/www/html/app/Middleware/CrossMiddleware.php(48): Laravel\\Lumen\\Routing\\Pipeline->Laravel\\Lumen\\Routing\\{closure}(Object(Laravel\\Lumen\\Http\\Request))
#24 /var/www/html/vendor/illuminate/pipeline/Pipeline.php(180): App\\Middleware\\CrossMiddleware->handle(Object(Laravel\\Lumen\\Http\\Request), Object(Closure))
#25 /var/www/html/vendor/laravel/lumen-framework/src/Routing/Pipeline.php(30): Illuminate\\Pipeline\\Pipeline->Illuminate\\Pipeline\\{closure}(Object(Laravel\\Lumen\\Http\\Request))
#26 /var/www/html/vendor/illuminate/pipeline/Pipeline.php(116): Laravel\\Lumen\\Routing\\Pipeline->Laravel\\Lumen\\Routing\\{closure}(Object(Laravel\\Lumen\\Http\\Request))
#27 /var/www/html/vendor/laravel/lumen-framework/src/Concerns/RoutesRequests.php(428): Illuminate\\Pipeline\\Pipeline->then(Object(Closure))
#28 /var/www/html/vendor/laravel/lumen-framework/src/Concerns/RoutesRequests.php(177): Laravel\\Lumen\\Application->sendThroughPipeline(Array, Object(Closure))
#29 /var/www/html/vendor/laravel/lumen-framework/src/Concerns/RoutesRequests.php(112): Laravel\\Lumen\\Application->dispatch(NULL)
#30 /var/www/html/public/index.php(28): Laravel\\Lumen\\Application->run()
#31 {main}
"} 
[2026-09-23 10:44:13] production.ERROR: Undefined array key 1 {"exception":"[object] (ErrorException(code: 0): Undefined array key 1 at /var/www/html/modules/Trade/Services/UserCartService.php:275)
[stacktrace]
#0 /var/www/html/vendor/laravel/lumen-framework/src/Concerns/RegistersExceptionHandlers.php(47): Laravel\\Lumen\\Application->handleError(2, 'Undefined array...', '/var/www/html/m...', 275)
#1 /var/www/html/modules/Trade/Services/UserCartService.php(275): Laravel\\Lumen\\Application->Laravel\\Lumen\\Concerns\\{closure}(2, 'Undefined array...', '/var/www/html/m...', 275)
#2 /var/www/html/modules/Trade/Http/Controllers/Manage/OrderBaseController.php(96): Modules\\Trade\\Services\\UserCartService->checkout(Object(Laravel\\Lumen\\Http\\Request), 99999999)
#3 /var/www/html/vendor/illuminate/container/BoundMethod.php(36): Modules\\Trade\\Http\\Controllers\\Manage\\OrderBaseController->add(Object(Laravel\\Lumen\\Http\\Request))
#4 /var/www/html/vendor/illuminate/container/Util.php(41): Illuminate\\Container\\BoundMethod::Illuminate\\Container\\{closure}()
#5 /var/www/html/vendor/illuminate/container/BoundMethod.php(93): Illuminate\\Container\\Util::unwrapIfClosure(Object(Closure))
#6 /var/www/html/vendor/illuminate/container/BoundMethod.php(37): Illuminate\\Container\\BoundMethod::callBoundMethod(Object(Laravel\\Lumen\\Application), Array, Object(Closure))
#7 /var/www/html/vendor/illuminate/container/Container.php(661): Illuminate\\Container\\BoundMethod::call(Object(Laravel\\Lumen\\Application), Array, Array, NULL)
#8 /var/www/html/vendor/laravel/lumen-framework/src/Concerns/RoutesRequests.php(391): Illuminate\\Container\\Container->call(Array, Array)
#9 /var/www/html/vendor/laravel/lumen-framework/src/Concerns/RoutesRequests.php(357): Laravel\\Lumen\\Application->callControllerCallable(Array, Array)
#10 /var/www/html/vendor/laravel/lumen-framework/src/Concerns/RoutesRequests.php(331): Laravel\\Lumen\\Application->callLumenController(Object(Modules\\Trade\\Http\\Controllers\\Manage\\OrderBaseController), 'add', Array)
#11 /var/www/html/vendor/laravel/lumen-framework/src/Concerns/RoutesRequests.php(284): Laravel\\Lumen\\Application->callControllerAction(Array)
#12 /var/www/html/vendor/laravel/lumen-framework/src/Concerns/RoutesRequests.php(264): Laravel\\Lumen\\Application->callActionOnArrayBasedRoute(Array)
#13 /var/www/html/vendor/laravel/lumen-framework/src/Routing/Pipeline.php(48): Laravel\\Lumen\\Application->Laravel\\Lumen\\Concerns\\{closure}(Object(Laravel\\Lumen\\Http\\Request))
#14 /var/www/html/app/Middleware/AdminAuthenticate.php(43): Laravel\\Lumen\\Routing\\Pipeline->Laravel\\Lumen\\Routing\\{closure}(Object(Laravel\\Lumen\\Http\\Request))
#15 /var/www/html/vendor/illuminate/pipeline/Pipeline.php(180): App\\Middleware\\AdminAuthenticate->handle(Object(Laravel\\Lumen\\Http\\Request), Object(Closure))
#16 /var/www/html/vendor/laravel/lumen-framework/src/Routing/Pipeline.php(30): Illuminate\\Pipeline\\Pipeline->Illuminate\\Pipeline\\{closure}(Object(Laravel\\Lumen\\Http\\Request))
#17 /var/www/html/app/Middleware/Authenticate.php(45): Laravel\\Lumen\\Routing\\Pipeline->Laravel\\Lumen\\Routing\\{closure}(Object(Laravel\\Lumen\\Http\\Request))
#18 /var/www/html/vendor/illuminate/pipeline/Pipeline.php(180): App\\Middleware\\Authenticate->handle(Object(Laravel\\Lumen\\Http\\Request), Object(Closure))
#19 /var/www/html/vendor/laravel/lumen-framework/src/Routing/Pipeline.php(30): Illuminate\\Pipeline\\Pipeline->Illuminate\\Pipeline\\{closure}(Object(Laravel\\Lumen\\Http\\Request))
#20 /var/www/html/vendor/illuminate/pipeline/Pipeline.php(116): Laravel\\Lumen\\Routing\\Pipeline->Laravel\\Lumen\\Routing\\{closure}(Object(Laravel\\Lumen\\Http\\Request))
#21 /var/www/html/vendor/laravel/lumen-framework/src/Concerns/RoutesRequests.php(428): Illuminate\\Pipeline\\Pipeline->then(Object(Closure))
#22 /var/www/html/vendor/laravel/lumen-framework/src/Concerns/RoutesRequests.php(265): Laravel\\Lumen\\Application->sendThroughPipeline(Array, Object(Closure))
#23 /var/www/html/vendor/laravel/lumen-framework/src/Concerns/RoutesRequests.php(171): Laravel\\Lumen\\Application->handleFoundRoute(Array)
#24 /var/www/html/vendor/laravel/lumen-framework/src/Routing/Pipeline.php(48): Laravel\\Lumen\\Application->Laravel\\Lumen\\Concerns\\{closure}(Object(Laravel\\Lumen\\Http\\Request))
#25 /var/www/html/app/Middleware/CrossMiddleware.php(48): Laravel\\Lumen\\Routing\\Pipeline->Laravel\\Lumen\\Routing\\{closure}(Object(Laravel\\Lumen\\Http\\Request))
#26 /var/www/html/vendor/illuminate/pipeline/Pipeline.php(180): App\\Middleware\\CrossMiddleware->handle(Object(Laravel\\Lumen\\Http\\Request), Object(Closure))
#27 /var/www/html/vendor/laravel/lumen-framework/src/Routing/Pipeline.php(30): Illuminate\\Pipeline\\Pipeline->Illuminate\\Pipeline\\{closure}(Object(Laravel\\Lumen\\Http\\Request))
#28 /var/www/html/vendor/illuminate/pipeline/Pipeline.php(116): Laravel\\Lumen\\Routing\\Pipeline->Laravel\\Lumen\\Routing\\{closure}(Object(Laravel\\Lumen\\Http\\Request))
#29 /var/www/html/vendor/laravel/lumen-framework/src/Concerns/RoutesRequests.php(428): Illuminate\\Pipeline\\Pipeline->then(Object(Closure))
#30 /var/www/html/vendor/laravel/lumen-framework/src/Concerns/RoutesRequests.php(177): Laravel\\Lumen\\Application->sendThroughPipeline(Array, Object(Closure))
#31 /var/www/html/vendor/laravel/lumen-framework/src/Concerns/RoutesRequests.php(112): Laravel\\Lumen\\Application->dispatch(NULL)
#32 /var/www/html/public/index.php(28): Laravel\\Lumen\\Application->run()
#33 {main}
"} 
[2026-09-23 10:48:39] production.ERROR: 请选择买家 {"exception":"[object] (App\\Exceptions\\ErrorException(code: 200): 请选择买家 at /var/www/html/modules/Trade/Http/Controllers/Manage/OrderBaseController.php:61)
[stacktrace]
#0 /var/www/html/vendor/illuminate/container/BoundMethod.php(36): Modules\\Trade\\Http\\Controllers\\Manage\\OrderBaseController->add(Object(Laravel\\Lumen\\Http\\Request))
#1 /var/www/html/vendor/illuminate/container/Util.php(41): Illuminate\\Container\\BoundMethod::Illuminate\\Container\\{closure}()
#2 /var/www/html/vendor/illuminate/container/BoundMethod.php(93): Illuminate\\Container\\Util::unwrapIfClosure(Object(Closure))
#3 /var/www/html/vendor/illuminate/container/BoundMethod.php(37): Illuminate\\Container\\BoundMethod::callBoundMethod(Object(Laravel\\Lumen\\Application), Array, Object(Closure))
#4 /var/www/html/vendor/illuminate/container/Container.php(661): Illuminate\\Container\\BoundMethod::call(Object(Laravel\\Lumen\\Application), Array, Array, NULL)
#5 /var/www/html/vendor/laravel/lumen-framework/src/Concerns/RoutesRequests.php(391): Illuminate\\Container\\Container->call(Array, Array)
#6 /var/www/html/vendor/laravel/lumen-framework/src/Concerns/RoutesRequests.php(357): Laravel\\Lumen\\Application->callControllerCallable(Array, Array)
#7 /var/www/html/vendor/laravel/lumen-framework/src/Concerns/RoutesRequests.php(331): Laravel\\Lumen\\Application->callLumenController(Object(Modules\\Trade\\Http\\Controllers\\Manage\\OrderBaseController), 'add', Array)
#8 /var/www/html/vendor/laravel/lumen-framework/src/Concerns/RoutesRequests.php(284): Laravel\\Lumen\\Application->callControllerAction(Array)
#9 /var/www/html/vendor/laravel/lumen-framework/src/Concerns/RoutesRequests.php(264): Laravel\\Lumen\\Application->callActionOnArrayBasedRoute(Array)
#10 /var/www/html/vendor/laravel/lumen-framework/src/Routing/Pipeline.php(48): Laravel\\Lumen\\Application->Laravel\\Lumen\\Concerns\\{closure}(Object(Laravel\\Lumen\\Http\\Request))
#11 /var/www/html/app/Middleware/AdminAuthenticate.php(43): Laravel\\Lumen\\Routing\\Pipeline->Laravel\\Lumen\\Routing\\{closure}(Object(Laravel\\Lumen\\Http\\Request))
#12 /var/www/html/vendor/illuminate/pipeline/Pipeline.php(180): App\\Middleware\\AdminAuthenticate->handle(Object(Laravel\\Lumen\\Http\\Request), Object(Closure))
#13 /var/www/html/vendor/laravel/lumen-framework/src/Routing/Pipeline.php(30): Illuminate\\Pipeline\\Pipeline->Illuminate\\Pipeline\\{closure}(Object(Laravel\\Lumen\\Http\\Request))
#14 /var/www/html/app/Middleware/Authenticate.php(45): Laravel\\Lumen\\Routing\\Pipeline->Laravel\\Lumen\\Routing\\{closure}(Object(Laravel\\Lumen\\Http\\Request))
#15 /var/www/html/vendor/illuminate/pipeline/Pipeline.php(180): App\\Middleware\\Authenticate->handle(Object(Laravel\\Lumen\\Http\\Request), Object(Closure))
#16 /var/www/html/vendor/laravel/lumen-framework/src/Routing/Pipeline.php(30): Illuminate\\Pipeline\\Pipeline->Illuminate\\Pipeline\\{closure}(Object(Laravel\\Lumen\\Http\\Request))
#17 /var/www/html/vendor/illuminate/pipeline/Pipeline.php(116): Laravel\\Lumen\\Routing\\Pipeline->Laravel\\Lumen\\Routing\\{closure}(Object(Laravel\\Lumen\\Http\\Request))
#18 /var/www/html/vendor/laravel/lumen-framework/src/Concerns/RoutesRequests.php(428): Illuminate\\Pipeline\\Pipeline->then(Object(Closure))
#19 /var/www/html/vendor/laravel/lumen-framework/src/Concerns/RoutesRequests.php(265): Laravel\\Lumen\\Application->sendThroughPipeline(Array, Object(Closure))
#20 /var/www/html/vendor/laravel/lumen-framework/src/Concerns/RoutesRequests.php(171): Laravel\\Lumen\\Application->handleFoundRoute(Array)
#21 /var/www/html/vendor/laravel/lumen-framework/src/Routing/Pipeline.php(48): Laravel\\Lumen\\Application->Laravel\\Lumen\\Concerns\\{closure}(Object(Laravel\\Lumen\\Http\\Request))
#22 /var/www/html/app/Middleware/CrossMiddleware.php(48): Laravel\\Lumen\\Routing\\Pipeline->Laravel\\Lumen\\Routing\\{closure}(Object(Laravel\\Lumen\\Http\\Request))
#23 /var/www/html/vendor/illuminate/pipeline/Pipeline.php(180): App\\Middleware\\CrossMiddleware->handle(Object(Laravel\\Lumen\\Http\\Request), Object(Closure))
#24 /var/www/html/vendor/laravel/lumen-framework/src/Routing/Pipeline.php(30): Illuminate\\Pipeline\\Pipeline->Illuminate\\Pipeline\\{closure}(Object(Laravel\\Lumen\\Http\\Request))
#25 /var/www/html/vendor/illuminate/pipeline/Pipeline.php(116): Laravel\\Lumen\\Routing\\Pipeline->Laravel\\Lumen\\Routing\\{closure}(Object(Laravel\\Lumen\\Http\\Request))
#26 /var/www/html/vendor/laravel/lumen-framework/src/Concerns/RoutesRequests.php(428): Illuminate\\Pipeline\\Pipeline->then(Object(Closure))
#27 /var/www/html/vendor/laravel/lumen-framework/src/Concerns/RoutesRequests.php(177): Laravel\\Lumen\\Application->sendThroughPipeline(Array, Object(Closure))
#28 /var/www/html/vendor/laravel/lumen-framework/src/Concerns/RoutesRequests.php(112): Laravel\\Lumen\\Application->dispatch(NULL)
#29 /var/www/html/public/index.php(28): Laravel\\Lumen\\Application->run()
#30 {main}
"} 
[2026-09-23 10:48:39] production.ERROR: 请先添加商品 {"exception":"[object] (App\\Exceptions\\ErrorException(code: 200): 请先添加商品 at /var/www/html/modules/Trade/Http/Controllers/Manage/OrderBaseController.php:68)
[stacktrace]
#0 /var/www/html/vendor/illuminate/container/BoundMethod.php(36): Modules\\Trade\\Http\\Controllers\\Manage\\OrderBaseController->add(Object(Laravel\\Lumen\\Http\\Request))
#1 /var/www/html/vendor/illuminate/container/Util.php(41): Illuminate\\Container\\BoundMethod::Illuminate\\Container\\{closure}()
#2 /var/www/html/vendor/illuminate/container/BoundMethod.php(93): Illuminate\\Container\\Util::unwrapIfClosure(Object(Closure))
#3 /var/www/html/vendor/illuminate/container/BoundMethod.php(37): Illuminate\\Container\\BoundMethod::callBoundMethod(Object(Laravel\\Lumen\\Application), Array, Object(Closure))
#4 /var/www/html/vendor/illuminate/container/Container.php(661): Illuminate\\Container\\BoundMethod::call(Object(Laravel\\Lumen\\Application), Array, Array, NULL)
#5 /var/www/html/vendor/laravel/lumen-framework/src/Concerns/RoutesRequests.php(391): Illuminate\\Container\\Container->call(Array, Array)
#6 /var/www/html/vendor/laravel/lumen-framework/src/Concerns/RoutesRequests.php(357): Laravel\\Lumen\\Application->callControllerCallable(Array, Array)
#7 /var/www/html/vendor/laravel/lumen-framework/src/Concerns/RoutesRequests.php(331): Laravel\\Lumen\\Application->callLumenController(Object(Modules\\Trade\\Http\\Controllers\\Manage\\OrderBaseController), 'add', Array)
#8 /var/www/html/vendor/laravel/lumen-framework/src/Concerns/RoutesRequests.php(284): Laravel\\Lumen\\Application->callControllerAction(Array)
#9 /var/www/html/vendor/laravel/lumen-framework/src/Concerns/RoutesRequests.php(264): Laravel\\Lumen\\Application->callActionOnArrayBasedRoute(Array)
#10 /var/www/html/vendor/laravel/lumen-framework/src/Routing/Pipeline.php(48): Laravel\\Lumen\\Application->Laravel\\Lumen\\Concerns\\{closure}(Object(Laravel\\Lumen\\Http\\Request))
#11 /var/www/html/app/Middleware/AdminAuthenticate.php(43): Laravel\\Lumen\\Routing\\Pipeline->Laravel\\Lumen\\Routing\\{closure}(Object(Laravel\\Lumen\\Http\\Request))
#12 /var/www/html/vendor/illuminate/pipeline/Pipeline.php(180): App\\Middleware\\AdminAuthenticate->handle(Object(Laravel\\Lumen\\Http\\Request), Object(Closure))
#13 /var/www/html/vendor/laravel/lumen-framework/src/Routing/Pipeline.php(30): Illuminate\\Pipeline\\Pipeline->Illuminate\\Pipeline\\{closure}(Object(Laravel\\Lumen\\Http\\Request))
#14 /var/www/html/app/Middleware/Authenticate.php(45): Laravel\\Lumen\\Routing\\Pipeline->Laravel\\Lumen\\Routing\\{closure}(Object(Laravel\\Lumen\\Http\\Request))
#15 /var/www/html/vendor/illuminate/pipeline/Pipeline.php(180): App\\Middleware\\Authenticate->handle(Object(Laravel\\Lumen\\Http\\Request), Object(Closure))
#16 /var/www/html/vendor/laravel/lumen-framework/src/Routing/Pipeline.php(30): Illuminate\\Pipeline\\Pipeline->Illuminate\\Pipeline\\{closure}(Object(Laravel\\Lumen\\Http\\Request))
#17 /var/www/html/vendor/illuminate/pipeline/Pipeline.php(116): Laravel\\Lumen\\Routing\\Pipeline->Laravel\\Lumen\\Routing\\{closure}(Object(Laravel\\Lumen\\Http\\Request))
#18 /var/www/html/vendor/laravel/lumen-framework/src/Concerns/RoutesRequests.php(428): Illuminate\\Pipeline\\Pipeline->then(Object(Closure))
#19 /var/www/html/vendor/laravel/lumen-framework/src/Concerns/RoutesRequests.php(265): Laravel\\Lumen\\Application->sendThroughPipeline(Array, Object(Closure))
#20 /var/www/html/vendor/laravel/lumen-framework/src/Concerns/RoutesRequests.php(171): Laravel\\Lumen\\Application->handleFoundRoute(Array)
#21 /var/www/html/vendor/laravel/lumen-framework/src/Routing/Pipeline.php(48): Laravel\\Lumen\\Application->Laravel\\Lumen\\Concerns\\{closure}(Object(Laravel\\Lumen\\Http\\Request))
#22 /var/www/html/app/Middleware/CrossMiddleware.php(48): Laravel\\Lumen\\Routing\\Pipeline->Laravel\\Lumen\\Routing\\{closure}(Object(Laravel\\Lumen\\Http\\Request))
#23 /var/www/html/vendor/illuminate/pipeline/Pipeline.php(180): App\\Middleware\\CrossMiddleware->handle(Object(Laravel\\Lumen\\Http\\Request), Object(Closure))
#24 /var/www/html/vendor/laravel/lumen-framework/src/Routing/Pipeline.php(30): Illuminate\\Pipeline\\Pipeline->Illuminate\\Pipeline\\{closure}(Object(Laravel\\Lumen\\Http\\Request))
#25 /var/www/html/vendor/illuminate/pipeline/Pipeline.php(116): Laravel\\Lumen\\Routing\\Pipeline->Laravel\\Lumen\\Routing\\{closure}(Object(Laravel\\Lumen\\Http\\Request))
#26 /var/www/html/vendor/laravel/lumen-framework/src/Concerns/RoutesRequests.php(428): Illuminate\\Pipeline\\Pipeline->then(Object(Closure))
#27 /var/www/html/vendor/laravel/lumen-framework/src/Concerns/RoutesRequests.php(177): Laravel\\Lumen\\Application->sendThroughPipeline(Array, Object(Closure))
#28 /var/www/html/vendor/laravel/lumen-framework/src/Concerns/RoutesRequests.php(112): Laravel\\Lumen\\Application->dispatch(NULL)
#29 /var/www/html/public/index.php(28): Laravel\\Lumen\\Application->run()
#30 {main}
"} 
[2026-09-23 10:48:39] production.ERROR: 请先添加商品 {"exception":"[object] (App\\Exceptions\\ErrorException(code: 200): 请先添加商品 at /var/www/html/modules/Trade/Http/Controllers/Manage/OrderBaseController.php:68)
[stacktrace]
#0 /var/www/html/vendor/illuminate/container/BoundMethod.php(36): Modules\\Trade\\Http\\Controllers\\Manage\\OrderBaseController->add(Object(Laravel\\Lumen\\Http\\Request))
#1 /var/www/html/vendor/illuminate/container/Util.php(41): Illuminate\\Container\\BoundMethod::Illuminate\\Container\\{closure}()
#2 /var/www/html/vendor/illuminate/container/BoundMethod.php(93): Illuminate\\Container\\Util::unwrapIfClosure(Object(Closure))
#3 /var/www/html/vendor/illuminate/container/BoundMethod.php(37): Illuminate\\Container\\BoundMethod::callBoundMethod(Object(Laravel\\Lumen\\Application), Array, Object(Closure))
#4 /var/www/html/vendor/illuminate/container/Container.php(661): Illuminate\\Container\\BoundMethod::call(Object(Laravel\\Lumen\\Application), Array, Array, NULL)
#5 /var/www/html/vendor/laravel/lumen-framework/src/Concerns/RoutesRequests.php(391): Illuminate\\Container\\Container->call(Array, Array)
#6 /var/www/html/vendor/laravel/lumen-framework/src/Concerns/RoutesRequests.php(357): Laravel\\Lumen\\Application->callControllerCallable(Array, Array)
#7 /var/www/html/vendor/laravel/lumen-framework/src/Concerns/RoutesRequests.php(331): Laravel\\Lumen\\Application->callLumenController(Object(Modules\\Trade\\Http\\Controllers\\Manage\\OrderBaseController), 'add', Array)
#8 /var/www/html/vendor/laravel/lumen-framework/src/Concerns/RoutesRequests.php(284): Laravel\\Lumen\\Application->callControllerAction(Array)
#9 /var/www/html/vendor/laravel/lumen-framework/src/Concerns/RoutesRequests.php(264): Laravel\\Lumen\\Application->callActionOnArrayBasedRoute(Array)
#10 /var/www/html/vendor/laravel/lumen-framework/src/Routing/Pipeline.php(48): Laravel\\Lumen\\Application->Laravel\\Lumen\\Concerns\\{closure}(Object(Laravel\\Lumen\\Http\\Request))
#11 /var/www/html/app/Middleware/AdminAuthenticate.php(43): Laravel\\Lumen\\Routing\\Pipeline->Laravel\\Lumen\\Routing\\{closure}(Object(Laravel\\Lumen\\Http\\Request))
#12 /var/www/html/vendor/illuminate/pipeline/Pipeline.php(180): App\\Middleware\\AdminAuthenticate->handle(Object(Laravel\\Lumen\\Http\\Request), Object(Closure))
#13 /var/www/html/vendor/laravel/lumen-framework/src/Routing/Pipeline.php(30): Illuminate\\Pipeline\\Pipeline->Illuminate\\Pipeline\\{closure}(Object(Laravel\\Lumen\\Http\\Request))
#14 /var/www/html/app/Middleware/Authenticate.php(45): Laravel\\Lumen\\Routing\\Pipeline->Laravel\\Lumen\\Routing\\{closure}(Object(Laravel\\Lumen\\Http\\Request))
#15 /var/www/html/vendor/illuminate/pipeline/Pipeline.php(180): App\\Middleware\\Authenticate->handle(Object(Laravel\\Lumen\\Http\\Request), Object(Closure))
#16 /var/www/html/vendor/laravel/lumen-framework/src/Routing/Pipeline.php(30): Illuminate\\Pipeline\\Pipeline->Illuminate\\Pipeline\\{closure}(Object(Laravel\\Lumen\\Http\\Request))
#17 /var/www/html/vendor/illuminate/pipeline/Pipeline.php(116): Laravel\\Lumen\\Routing\\Pipeline->Laravel\\Lumen\\Routing\\{closure}(Object(Laravel\\Lumen\\Http\\Request))
#18 /var/www/html/vendor/laravel/lumen-framework/src/Concerns/RoutesRequests.php(428): Illuminate\\Pipeline\\Pipeline->then(Object(Closure))
#19 /var/www/html/vendor/laravel/lumen-framework/src/Concerns/RoutesRequests.php(265): Laravel\\Lumen\\Application->sendThroughPipeline(Array, Object(Closure))
#20 /var/www/html/vendor/laravel/lumen-framework/src/Concerns/RoutesRequests.php(171): Laravel\\Lumen\\Application->handleFoundRoute(Array)
#21 /var/www/html/vendor/laravel/lumen-framework/src/Routing/Pipeline.php(48): Laravel\\Lumen\\Application->Laravel\\Lumen\\Concerns\\{closure}(Object(Laravel\\Lumen\\Http\\Request))
#22 /var/www/html/app/Middleware/CrossMiddleware.php(48): Laravel\\Lumen\\Routing\\Pipeline->Laravel\\Lumen\\Routing\\{closure}(Object(Laravel\\Lumen\\Http\\Request))
#23 /var/www/html/vendor/illuminate/pipeline/Pipeline.php(180): App\\Middleware\\CrossMiddleware->handle(Object(Laravel\\Lumen\\Http\\Request), Object(Closure))
#24 /var/www/html/vendor/laravel/lumen-framework/src/Routing/Pipeline.php(30): Illuminate\\Pipeline\\Pipeline->Illuminate\\Pipeline\\{closure}(Object(Laravel\\Lumen\\Http\\Request))
#25 /var/www/html/vendor/illuminate/pipeline/Pipeline.php(116): Laravel\\Lumen\\Routing\\Pipeline->Laravel\\Lumen\\Routing\\{closure}(Object(Laravel\\Lumen\\Http\\Request))
#26 /var/www/html/vendor/laravel/lumen-framework/src/Concerns/RoutesRequests.php(428): Illuminate\\Pipeline\\Pipeline->then(Object(Closure))
#27 /var/www/html/vendor/laravel/lumen-framework/src/Concerns/RoutesRequests.php(177): Laravel\\Lumen\\Application->sendThroughPipeline(Array, Object(Closure))
#28 /var/www/html/vendor/laravel/lumen-framework/src/Concerns/RoutesRequests.php(112): Laravel\\Lumen\\Application->dispatch(NULL)
#29 /var/www/html/public/index.php(28): Laravel\\Lumen\\Application->run()
#30 {main}
"} 
[2026-09-23 10:48:39] production.ERROR: 商品明细无效 {"exception":"[object] (App\\Exceptions\\ErrorException(code: 200): 商品明细无效 at /var/www/html/modules/Trade/Http/Controllers/Manage/OrderBaseController.php:84)
[stacktrace]
#0 /var/www/html/vendor/illuminate/container/BoundMethod.php(36): Modules\\Trade\\Http\\Controllers\\Manage\\OrderBaseController->add(Object(Laravel\\Lumen\\Http\\Request))
#1 /var/www/html/vendor/illuminate/container/Util.php(41): Illuminate\\Container\\BoundMethod::Illuminate\\Container\\{closure}()
#2 /var/www/html/vendor/illuminate/container/BoundMethod.php(93): Illuminate\\Container\\Util::unwrapIfClosure(Object(Closure))
#3 /var/www/html/vendor/illuminate/container/BoundMethod.php(37): Illuminate\\Container\\BoundMethod::callBoundMethod(Object(Laravel\\Lumen\\Application), Array, Object(Closure))
#4 /var/www/html/vendor/illuminate/container/Container.php(661): Illuminate\\Container\\BoundMethod::call(Object(Laravel\\Lumen\\Application), Array, Array, NULL)
#5 /var/www/html/vendor/laravel/lumen-framework/src/Concerns/RoutesRequests.php(391): Illuminate\\Container\\Container->call(Array, Array)
#6 /var/www/html/vendor/laravel/lumen-framework/src/Concerns/RoutesRequests.php(357): Laravel\\Lumen\\Application->callControllerCallable(Array, Array)
#7 /var/www/html/vendor/laravel/lumen-framework/src/Concerns/RoutesRequests.php(331): Laravel\\Lumen\\Application->callLumenController(Object(Modules\\Trade\\Http\\Controllers\\Manage\\OrderBaseController), 'add', Array)
#8 /var/www/html/vendor/laravel/lumen-framework/src/Concerns/RoutesRequests.php(284): Laravel\\Lumen\\Application->callControllerAction(Array)
#9 /var/www/html/vendor/laravel/lumen-framework/src/Concerns/RoutesRequests.php(264): Laravel\\Lumen\\Application->callActionOnArrayBasedRoute(Array)
#10 /var/www/html/vendor/laravel/lumen-framework/src/Routing/Pipeline.php(48): Laravel\\Lumen\\Application->Laravel\\Lumen\\Concerns\\{closure}(Object(Laravel\\Lumen\\Http\\Request))
#11 /var/www/html/app/Middleware/AdminAuthenticate.php(43): Laravel\\Lumen\\Routing\\Pipeline->Laravel\\Lumen\\Routing\\{closure}(Object(Laravel\\Lumen\\Http\\Request))
#12 /var/www/html/vendor/illuminate/pipeline/Pipeline.php(180): App\\Middleware\\AdminAuthenticate->handle(Object(Laravel\\Lumen\\Http\\Request), Object(Closure))
#13 /var/www/html/vendor/laravel/lumen-framework/src/Routing/Pipeline.php(30): Illuminate\\Pipeline\\Pipeline->Illuminate\\Pipeline\\{closure}(Object(Laravel\\Lumen\\Http\\Request))
#14 /var/www/html/app/Middleware/Authenticate.php(45): Laravel\\Lumen\\Routing\\Pipeline->Laravel\\Lumen\\Routing\\{closure}(Object(Laravel\\Lumen\\Http\\Request))
#15 /var/www/html/vendor/illuminate/pipeline/Pipeline.php(180): App\\Middleware\\Authenticate->handle(Object(Laravel\\Lumen\\Http\\Request), Object(Closure))
#16 /var/www/html/vendor/laravel/lumen-framework/src/Routing/Pipeline.php(30): Illuminate\\Pipeline\\Pipeline->Illuminate\\Pipeline\\{closure}(Object(Laravel\\Lumen\\Http\\Request))
#17 /var/www/html/vendor/illuminate/pipeline/Pipeline.php(116): Laravel\\Lumen\\Routing\\Pipeline->Laravel\\Lumen\\Routing\\{closure}(Object(Laravel\\Lumen\\Http\\Request))
#18 /var/www/html/vendor/laravel/lumen-framework/src/Concerns/RoutesRequests.php(428): Illuminate\\Pipeline\\Pipeline->then(Object(Closure))
#19 /var/www/html/vendor/laravel/lumen-framework/src/Concerns/RoutesRequests.php(265): Laravel\\Lumen\\Application->sendThroughPipeline(Array, Object(Closure))
#20 /var/www/html/vendor/laravel/lumen-framework/src/Concerns/RoutesRequests.php(171): Laravel\\Lumen\\Application->handleFoundRoute(Array)
#21 /var/www/html/vendor/laravel/lumen-framework/src/Routing/Pipeline.php(48): Laravel\\Lumen\\Application->Laravel\\Lumen\\Concerns\\{closure}(Object(Laravel\\Lumen\\Http\\Request))
#22 /var/www/html/app/Middleware/CrossMiddleware.php(48): Laravel\\Lumen\\Routing\\Pipeline->Laravel\\Lumen\\Routing\\{closure}(Object(Laravel\\Lumen\\Http\\Request))
#23 /var/www/html/vendor/illuminate/pipeline/Pipeline.php(180): App\\Middleware\\CrossMiddleware->handle(Object(Laravel\\Lumen\\Http\\Request), Object(Closure))
#24 /var/www/html/vendor/laravel/lumen-framework/src/Routing/Pipeline.php(30): Illuminate\\Pipeline\\Pipeline->Illuminate\\Pipeline\\{closure}(Object(Laravel\\Lumen\\Http\\Request))
#25 /var/www/html/vendor/illuminate/pipeline/Pipeline.php(116): Laravel\\Lumen\\Routing\\Pipeline->Laravel\\Lumen\\Routing\\{closure}(Object(Laravel\\Lumen\\Http\\Request))
#26 /var/www/html/vendor/laravel/lumen-framework/src/Concerns/RoutesRequests.php(428): Illuminate\\Pipeline\\Pipeline->then(Object(Closure))
#27 /var/www/html/vendor/laravel/lumen-framework/src/Concerns/RoutesRequests.php(177): Laravel\\Lumen\\Application->sendThroughPipeline(Array, Object(Closure))
#28 /var/www/html/vendor/laravel/lumen-framework/src/Concerns/RoutesRequests.php(112): Laravel\\Lumen\\Application->dispatch(NULL)
#29 /var/www/html/public/index.php(28): Laravel\\Lumen\\Application->run()
#30 {main}
"} 
[2026-09-23 10:48:39] production.ERROR: 用户信息不存在！ {"exception":"[object] (App\\Exceptions\\ErrorException(code: 200): 用户信息不存在！ at /var/www/html/modules/Trade/Services/UserCartService.php:355)
[stacktrace]
#0 /var/www/html/modules/Trade/Services/UserCartService.php(334): Modules\\Trade\\Services\\UserCartService->formatCartRows(Array)
#1 /var/www/html/modules/Trade/Http/Controllers/Manage/OrderBaseController.php(96): Modules\\Trade\\Services\\UserCartService->checkout(Object(Laravel\\Lumen\\Http\\Request), 99999999)
#2 /var/www/html/vendor/illuminate/container/BoundMethod.php(36): Modules\\Trade\\Http\\Controllers\\Manage\\OrderBaseController->add(Object(Laravel\\Lumen\\Http\\Request))
#3 /var/www/html/vendor/illuminate/container/Util.php(41): Illuminate\\Container\\BoundMethod::Illuminate\\Container\\{closure}()
#4 /var/www/html/vendor/illuminate/container/BoundMethod.php(93): Illuminate\\Container\\Util::unwrapIfClosure(Object(Closure))
#5 /var/www/html/vendor/illuminate/container/BoundMethod.php(37): Illuminate\\Container\\BoundMethod::callBoundMethod(Object(Laravel\\Lumen\\Application), Array, Object(Closure))
#6 /var/www/html/vendor/illuminate/container/Container.php(661): Illuminate\\Container\\BoundMethod::call(Object(Laravel\\Lumen\\Application), Array, Array, NULL)
#7 /var/www/html/vendor/laravel/lumen-framework/src/Concerns/RoutesRequests.php(391): Illuminate\\Container\\Container->call(Array, Array)
#8 /var/www/html/vendor/laravel/lumen-framework/src/Concerns/RoutesRequests.php(357): Laravel\\Lumen\\Application->callControllerCallable(Array, Array)
#9 /var/www/html/vendor/laravel/lumen-framework/src/Concerns/RoutesRequests.php(331): Laravel\\Lumen\\Application->callLumenController(Object(Modules\\Trade\\Http\\Controllers\\Manage\\OrderBaseController), 'add', Array)
#10 /var/www/html/vendor/laravel/lumen-framework/src/Concerns/RoutesRequests.php(284): Laravel\\Lumen\\Application->callControllerAction(Array)
#11 /var/www/html/vendor/laravel/lumen-framework/src/Concerns/RoutesRequests.php(264): Laravel\\Lumen\\Application->callActionOnArrayBasedRoute(Array)
#12 /var/www/html/vendor/laravel/lumen-framework/src/Routing/Pipeline.php(48): Laravel\\Lumen\\Application->Laravel\\Lumen\\Concerns\\{closure}(Object(Laravel\\Lumen\\Http\\Request))
#13 /var/www/html/app/Middleware/AdminAuthenticate.php(43): Laravel\\Lumen\\Routing\\Pipeline->Laravel\\Lumen\\Routing\\{closure}(Object(Laravel\\Lumen\\Http\\Request))
#14 /var/www/html/vendor/illuminate/pipeline/Pipeline.php(180): App\\Middleware\\AdminAuthenticate->handle(Object(Laravel\\Lumen\\Http\\Request), Object(Closure))
#15 /var/www/html/vendor/laravel/lumen-framework/src/Routing/Pipeline.php(30): Illuminate\\Pipeline\\Pipeline->Illuminate\\Pipeline\\{closure}(Object(Laravel\\Lumen\\Http\\Request))
#16 /var/www/html/app/Middleware/Authenticate.php(45): Laravel\\Lumen\\Routing\\Pipeline->Laravel\\Lumen\\Routing\\{closure}(Object(Laravel\\Lumen\\Http\\Request))
#17 /var/www/html/vendor/illuminate/pipeline/Pipeline.php(180): App\\Middleware\\Authenticate->handle(Object(Laravel\\Lumen\\Http\\Request), Object(Closure))
#18 /var/www/html/vendor/laravel/lumen-framework/src/Routing/Pipeline.php(30): Illuminate\\Pipeline\\Pipeline->Illuminate\\Pipeline\\{closure}(Object(Laravel\\Lumen\\Http\\Request))
#19 /var/www/html/vendor/illuminate/pipeline/Pipeline.php(116): Laravel\\Lumen\\Routing\\Pipeline->Laravel\\Lumen\\Routing\\{closure}(Object(Laravel\\Lumen\\Http\\Request))
#20 /var/www/html/vendor/laravel/lumen-framework/src/Concerns/RoutesRequests.php(428): Illuminate\\Pipeline\\Pipeline->then(Object(Closure))
#21 /var/www/html/vendor/laravel/lumen-framework/src/Concerns/RoutesRequests.php(265): Laravel\\Lumen\\Application->sendThroughPipeline(Array, Object(Closure))
#22 /var/www/html/vendor/laravel/lumen-framework/src/Concerns/RoutesRequests.php(171): Laravel\\Lumen\\Application->handleFoundRoute(Array)
#23 /var/www/html/vendor/laravel/lumen-framework/src/Routing/Pipeline.php(48): Laravel\\Lumen\\Application->Laravel\\Lumen\\Concerns\\{closure}(Object(Laravel\\Lumen\\Http\\Request))
#24 /var/www/html/app/Middleware/CrossMiddleware.php(48): Laravel\\Lumen\\Routing\\Pipeline->Laravel\\Lumen\\Routing\\{closure}(Object(Laravel\\Lumen\\Http\\Request))
#25 /var/www/html/vendor/illuminate/pipeline/Pipeline.php(180): App\\Middleware\\CrossMiddleware->handle(Object(Laravel\\Lumen\\Http\\Request), Object(Closure))
#26 /var/www/html/vendor/laravel/lumen-framework/src/Routing/Pipeline.php(30): Illuminate\\Pipeline\\Pipeline->Illuminate\\Pipeline\\{closure}(Object(Laravel\\Lumen\\Http\\Request))
#27 /var/www/html/vendor/illuminate/pipeline/Pipeline.php(116): Laravel\\Lumen\\Routing\\Pipeline->Laravel\\Lumen\\Routing\\{closure}(Object(Laravel\\Lumen\\Http\\Request))
#28 /var/www/html/vendor/laravel/lumen-framework/src/Concerns/RoutesRequests.php(428): Illuminate\\Pipeline\\Pipeline->then(Object(Closure))
#29 /var/www/html/vendor/laravel/lumen-framework/src/Concerns/RoutesRequests.php(177): Laravel\\Lumen\\Application->sendThroughPipeline(Array, Object(Closure))
#30 /var/www/html/vendor/laravel/lumen-framework/src/Concerns/RoutesRequests.php(112): Laravel\\Lumen\\Application->dispatch(NULL)
#31 /var/www/html/public/index.php(28): Laravel\\Lumen\\Application->run()
#32 {main}
"} 
[2026-09-23 10:48:39] production.ERROR: 订单号有误！ {"exception":"[object] (App\\Exceptions\\ErrorException(code: 200): 订单号有误！ at /var/www/html/modules/Trade/Http/Controllers/Manage/OrderBaseController.php:141)
[stacktrace]
#0 /var/www/html/vendor/illuminate/container/BoundMethod.php(36): Modules\\Trade\\Http\\Controllers\\Manage\\OrderBaseController->editShoppingFee(Object(Laravel\\Lumen\\Http\\Request))
#1 /var/www/html/vendor/illuminate/container/Util.php(41): Illuminate\\Container\\BoundMethod::Illuminate\\Container\\{closure}()
#2 /var/www/html/vendor/illuminate/container/BoundMethod.php(93): Illuminate\\Container\\Util::unwrapIfClosure(Object(Closure))
#3 /var/www/html/vendor/illuminate/container/BoundMethod.php(37): Illuminate\\Container\\BoundMethod::callBoundMethod(Object(Laravel\\Lumen\\Application), Array, Object(Closure))
#4 /var/www/html/vendor/illuminate/container/Container.php(661): Illuminate\\Container\\BoundMethod::call(Object(Laravel\\Lumen\\Application), Array, Array, NULL)
#5 /var/www/html/vendor/laravel/lumen-framework/src/Concerns/RoutesRequests.php(391): Illuminate\\Container\\Container->call(Array, Array)
#6 /var/www/html/vendor/laravel/lumen-framework/src/Concerns/RoutesRequests.php(357): Laravel\\Lumen\\Application->callControllerCallable(Array, Array)
#7 /var/www/html/vendor/laravel/lumen-framework/src/Concerns/RoutesRequests.php(331): Laravel\\Lumen\\Application->callLumenController(Object(Modules\\Trade\\Http\\Controllers\\Manage\\OrderBaseController), 'editShoppingFee', Array)
#8 /var/www/html/vendor/laravel/lumen-framework/src/Concerns/RoutesRequests.php(284): Laravel\\Lumen\\Application->callControllerAction(Array)
#9 /var/www/html/vendor/laravel/lumen-framework/src/Concerns/RoutesRequests.php(264): Laravel\\Lumen\\Application->callActionOnArrayBasedRoute(Array)
#10 /var/www/html/vendor/laravel/lumen-framework/src/Routing/Pipeline.php(48): Laravel\\Lumen\\Application->Laravel\\Lumen\\Concerns\\{closure}(Object(Laravel\\Lumen\\Http\\Request))
#11 /var/www/html/app/Middleware/AdminAuthenticate.php(43): Laravel\\Lumen\\Routing\\Pipeline->Laravel\\Lumen\\Routing\\{closure}(Object(Laravel\\Lumen\\Http\\Request))
#12 /var/www/html/vendor/illuminate/pipeline/Pipeline.php(180): App\\Middleware\\AdminAuthenticate->handle(Object(Laravel\\Lumen\\Http\\Request), Object(Closure))
#13 /var/www/html/vendor/laravel/lumen-framework/src/Routing/Pipeline.php(30): Illuminate\\Pipeline\\Pipeline->Illuminate\\Pipeline\\{closure}(Object(Laravel\\Lumen\\Http\\Request))
#14 /var/www/html/app/Middleware/Authenticate.php(45): Laravel\\Lumen\\Routing\\Pipeline->Laravel\\Lumen\\Routing\\{closure}(Object(Laravel\\Lumen\\Http\\Request))
#15 /var/www/html/vendor/illuminate/pipeline/Pipeline.php(180): App\\Middleware\\Authenticate->handle(Object(Laravel\\Lumen\\Http\\Request), Object(Closure))
#16 /var/www/html/vendor/laravel/lumen-framework/src/Routing/Pipeline.php(30): Illuminate\\Pipeline\\Pipeline->Illuminate\\Pipeline\\{closure}(Object(Laravel\\Lumen\\Http\\Request))
#17 /var/www/html/vendor/illuminate/pipeline/Pipeline.php(116): Laravel\\Lumen\\Routing\\Pipeline->Laravel\\Lumen\\Routing\\{closure}(Object(Laravel\\Lumen\\Http\\Request))
#18 /var/www/html/vendor/laravel/lumen-framework/src/Concerns/RoutesRequests.php(428): Illuminate\\Pipeline\\Pipeline->then(Object(Closure))
#19 /var/www/html/vendor/laravel/lumen-framework/src/Concerns/RoutesRequests.php(265): Laravel\\Lumen\\Application->sendThroughPipeline(Array, Object(Closure))
#20 /var/www/html/vendor/laravel/lumen-framework/src/Concerns/RoutesRequests.php(171): Laravel\\Lumen\\Application->handleFoundRoute(Array)
#21 /var/www/html/vendor/laravel/lumen-framework/src/Routing/Pipeline.php(48): Laravel\\Lumen\\Application->Laravel\\Lumen\\Concerns\\{closure}(Object(Laravel\\Lumen\\Http\\Request))
#22 /var/www/html/app/Middleware/CrossMiddleware.php(48): Laravel\\Lumen\\Routing\\Pipeline->Laravel\\Lumen\\Routing\\{closure}(Object(Laravel\\Lumen\\Http\\Request))
#23 /var/www/html/vendor/illuminate/pipeline/Pipeline.php(180): App\\Middleware\\CrossMiddleware->handle(Object(Laravel\\Lumen\\Http\\Request), Object(Closure))
#24 /var/www/html/vendor/laravel/lumen-framework/src/Routing/Pipeline.php(30): Illuminate\\Pipeline\\Pipeline->Illuminate\\Pipeline\\{closure}(Object(Laravel\\Lumen\\Http\\Request))
#25 /var/www/html/vendor/illuminate/pipeline/Pipeline.php(116): Laravel\\Lumen\\Routing\\Pipeline->Laravel\\Lumen\\Routing\\{closure}(Object(Laravel\\Lumen\\Http\\Request))
#26 /var/www/html/vendor/laravel/lumen-framework/src/Concerns/RoutesRequests.php(428): Illuminate\\Pipeline\\Pipeline->then(Object(Closure))
#27 /var/www/html/vendor/laravel/lumen-framework/src/Concerns/RoutesRequests.php(177): Laravel\\Lumen\\Application->sendThroughPipeline(Array, Object(Closure))
#28 /var/www/html/vendor/laravel/lumen-framework/src/Concerns/RoutesRequests.php(112): Laravel\\Lumen\\Application->dispatch(NULL)
#29 /var/www/html/public/index.php(28): Laravel\\Lumen\\Application->run()
#30 {main}
"} 
[2026-09-23 10:48:39] production.ERROR: 订单不存在 {"exception":"[object] (App\\Exceptions\\ErrorException(code: 200): 订单不存在 at /var/www/html/modules/Trade/Services/OrderService.php:494)
[stacktrace]
#0 /var/www/html/modules/Trade/Http/Controllers/Manage/OrderBaseController.php(150): Modules\\Trade\\Services\\OrderService->editShoppingFee('NOPE0001', 10.0)
#1 /var/www/html/vendor/illuminate/container/BoundMethod.php(36): Modules\\Trade\\Http\\Controllers\\Manage\\OrderBaseController->editShoppingFee(Object(Laravel\\Lumen\\Http\\Request))
#2 /var/www/html/vendor/illuminate/container/Util.php(41): Illuminate\\Container\\BoundMethod::Illuminate\\Container\\{closure}()
#3 /var/www/html/vendor/illuminate/container/BoundMethod.php(93): Illuminate\\Container\\Util::unwrapIfClosure(Object(Closure))
#4 /var/www/html/vendor/illuminate/container/BoundMethod.php(37): Illuminate\\Container\\BoundMethod::callBoundMethod(Object(Laravel\\Lumen\\Application), Array, Object(Closure))
#5 /var/www/html/vendor/illuminate/container/Container.php(661): Illuminate\\Container\\BoundMethod::call(Object(Laravel\\Lumen\\Application), Array, Array, NULL)
#6 /var/www/html/vendor/laravel/lumen-framework/src/Concerns/RoutesRequests.php(391): Illuminate\\Container\\Container->call(Array, Array)
#7 /var/www/html/vendor/laravel/lumen-framework/src/Concerns/RoutesRequests.php(357): Laravel\\Lumen\\Application->callControllerCallable(Array, Array)
#8 /var/www/html/vendor/laravel/lumen-framework/src/Concerns/RoutesRequests.php(331): Laravel\\Lumen\\Application->callLumenController(Object(Modules\\Trade\\Http\\Controllers\\Manage\\OrderBaseController), 'editShoppingFee', Array)
#9 /var/www/html/vendor/laravel/lumen-framework/src/Concerns/RoutesRequests.php(284): Laravel\\Lumen\\Application->callControllerAction(Array)
#10 /var/www/html/vendor/laravel/lumen-framework/src/Concerns/RoutesRequests.php(264): Laravel\\Lumen\\Application->callActionOnArrayBasedRoute(Array)
#11 /var/www/html/vendor/laravel/lumen-framework/src/Routing/Pipeline.php(48): Laravel\\Lumen\\Application->Laravel\\Lumen\\Concerns\\{closure}(Object(Laravel\\Lumen\\Http\\Request))
#12 /var/www/html/app/Middleware/AdminAuthenticate.php(43): Laravel\\Lumen\\Routing\\Pipeline->Laravel\\Lumen\\Routing\\{closure}(Object(Laravel\\Lumen\\Http\\Request))
#13 /var/www/html/vendor/illuminate/pipeline/Pipeline.php(180): App\\Middleware\\AdminAuthenticate->handle(Object(Laravel\\Lumen\\Http\\Request), Object(Closure))
#14 /var/www/html/vendor/laravel/lumen-framework/src/Routing/Pipeline.php(30): Illuminate\\Pipeline\\Pipeline->Illuminate\\Pipeline\\{closure}(Object(Laravel\\Lumen\\Http\\Request))
#15 /var/www/html/app/Middleware/Authenticate.php(45): Laravel\\Lumen\\Routing\\Pipeline->Laravel\\Lumen\\Routing\\{closure}(Object(Laravel\\Lumen\\Http\\Request))
#16 /var/www/html/vendor/illuminate/pipeline/Pipeline.php(180): App\\Middleware\\Authenticate->handle(Object(Laravel\\Lumen\\Http\\Request), Object(Closure))
#17 /var/www/html/vendor/laravel/lumen-framework/src/Routing/Pipeline.php(30): Illuminate\\Pipeline\\Pipeline->Illuminate\\Pipeline\\{closure}(Object(Laravel\\Lumen\\Http\\Request))
#18 /var/www/html/vendor/illuminate/pipeline/Pipeline.php(116): Laravel\\Lumen\\Routing\\Pipeline->Laravel\\Lumen\\Routing\\{closure}(Object(Laravel\\Lumen\\Http\\Request))
#19 /var/www/html/vendor/laravel/lumen-framework/src/Concerns/RoutesRequests.php(428): Illuminate\\Pipeline\\Pipeline->then(Object(Closure))
#20 /var/www/html/vendor/laravel/lumen-framework/src/Concerns/RoutesRequests.php(265): Laravel\\Lumen\\Application->sendThroughPipeline(Array, Object(Closure))
#21 /var/www/html/vendor/laravel/lumen-framework/src/Concerns/RoutesRequests.php(171): Laravel\\Lumen\\Application->handleFoundRoute(Array)
#22 /var/www/html/vendor/laravel/lumen-framework/src/Routing/Pipeline.php(48): Laravel\\Lumen\\Application->Laravel\\Lumen\\Concerns\\{closure}(Object(Laravel\\Lumen\\Http\\Request))
#23 /var/www/html/app/Middleware/CrossMiddleware.php(48): Laravel\\Lumen\\Routing\\Pipeline->Laravel\\Lumen\\Routing\\{closure}(Object(Laravel\\Lumen\\Http\\Request))
#24 /var/www/html/vendor/illuminate/pipeline/Pipeline.php(180): App\\Middleware\\CrossMiddleware->handle(Object(Laravel\\Lumen\\Http\\Request), Object(Closure))
#25 /var/www/html/vendor/laravel/lumen-framework/src/Routing/Pipeline.php(30): Illuminate\\Pipeline\\Pipeline->Illuminate\\Pipeline\\{closure}(Object(Laravel\\Lumen\\Http\\Request))
#26 /var/www/html/vendor/illuminate/pipeline/Pipeline.php(116): Laravel\\Lumen\\Routing\\Pipeline->Laravel\\Lumen\\Routing\\{closure}(Object(Laravel\\Lumen\\Http\\Request))
#27 /var/www/html/vendor/laravel/lumen-framework/src/Concerns/RoutesRequests.php(428): Illuminate\\Pipeline\\Pipeline->then(Object(Closure))
#28 /var/www/html/vendor/laravel/lumen-framework/src/Concerns/RoutesRequests.php(177): Laravel\\Lumen\\Application->sendThroughPipeline(Array, Object(Closure))
#29 /var/www/html/vendor/laravel/lumen-framework/src/Concerns/RoutesRequests.php(112): Laravel\\Lumen\\Application->dispatch(NULL)
#30 /var/www/html/public/index.php(28): Laravel\\Lumen\\Application->run()
#31 {main}
"} 
[2026-09-23 10:48:39] production.ERROR: 运费金额必须是数字 {"exception":"[object] (App\\Exceptions\\ErrorException(code: 200): 运费金额必须是数字 at /var/www/html/modules/Trade/Http/Controllers/Manage/OrderBaseController.php:147)
[stacktrace]
#0 /var/www/html/vendor/illuminate/container/BoundMethod.php(36): Modules\\Trade\\Http\\Controllers\\Manage\\OrderBaseController->editShoppingFee(Object(Laravel\\Lumen\\Http\\Request))
#1 /var/www/html/vendor/illuminate/container/Util.php(41): Illuminate\\Container\\BoundMethod::Illuminate\\Container\\{closure}()
#2 /var/www/html/vendor/illuminate/container/BoundMethod.php(93): Illuminate\\Container\\Util::unwrapIfClosure(Object(Closure))
#3 /var/www/html/vendor/illuminate/container/BoundMethod.php(37): Illuminate\\Container\\BoundMethod::callBoundMethod(Object(Laravel\\Lumen\\Application), Array, Object(Closure))
#4 /var/www/html/vendor/illuminate/container/Container.php(661): Illuminate\\Container\\BoundMethod::call(Object(Laravel\\Lumen\\Application), Array, Array, NULL)
#5 /var/www/html/vendor/laravel/lumen-framework/src/Concerns/RoutesRequests.php(391): Illuminate\\Container\\Container->call(Array, Array)
#6 /var/www/html/vendor/laravel/lumen-framework/src/Concerns/RoutesRequests.php(357): Laravel\\Lumen\\Application->callControllerCallable(Array, Array)
#7 /var/www/html/vendor/laravel/lumen-framework/src/Concerns/RoutesRequests.php(331): Laravel\\Lumen\\Application->callLumenController(Object(Modules\\Trade\\Http\\Controllers\\Manage\\OrderBaseController), 'editShoppingFee', Array)
#8 /var/www/html/vendor/laravel/lumen-framework/src/Concerns/RoutesRequests.php(284): Laravel\\Lumen\\Application->callControllerAction(Array)
#9 /var/www/html/vendor/laravel/lumen-framework/src/Concerns/RoutesRequests.php(264): Laravel\\Lumen\\Application->callActionOnArrayBasedRoute(Array)
#10 /var/www/html/vendor/laravel/lumen-framework/src/Routing/Pipeline.php(48): Laravel\\Lumen\\Application->Laravel\\Lumen\\Concerns\\{closure}(Object(Laravel\\Lumen\\Http\\Request))
#11 /var/www/html/app/Middleware/AdminAuthenticate.php(43): Laravel\\Lumen\\Routing\\Pipeline->Laravel\\Lumen\\Routing\\{closure}(Object(Laravel\\Lumen\\Http\\Request))
#12 /var/www/html/vendor/illuminate/pipeline/Pipeline.php(180): App\\Middleware\\AdminAuthenticate->handle(Object(Laravel\\Lumen\\Http\\Request), Object(Closure))
#13 /var/www/html/vendor/laravel/lumen-framework/src/Routing/Pipeline.php(30): Illuminate\\Pipeline\\Pipeline->Illuminate\\Pipeline\\{closure}(Object(Laravel\\Lumen\\Http\\Request))
#14 /var/www/html/app/Middleware/Authenticate.php(45): Laravel\\Lumen\\Routing\\Pipeline->Laravel\\Lumen\\Routing\\{closure}(Object(Laravel\\Lumen\\Http\\Request))
#15 /var/www/html/vendor/illuminate/pipeline/Pipeline.php(180): App\\Middleware\\Authenticate->handle(Object(Laravel\\Lumen\\Http\\Request), Object(Closure))
#16 /var/www/html/vendor/laravel/lumen-framework/src/Routing/Pipeline.php(30): Illuminate\\Pipeline\\Pipeline->Illuminate\\Pipeline\\{closure}(Object(Laravel\\Lumen\\Http\\Request))
#17 /var/www/html/vendor/illuminate/pipeline/Pipeline.php(116): Laravel\\Lumen\\Routing\\Pipeline->Laravel\\Lumen\\Routing\\{closure}(Object(Laravel\\Lumen\\Http\\Request))
#18 /var/www/html/vendor/laravel/lumen-framework/src/Concerns/RoutesRequests.php(428): Illuminate\\Pipeline\\Pipeline->then(Object(Closure))
#19 /var/www/html/vendor/laravel/lumen-framework/src/Concerns/RoutesRequests.php(265): Laravel\\Lumen\\Application->sendThroughPipeline(Array, Object(Closure))
#20 /var/www/html/vendor/laravel/lumen-framework/src/Concerns/RoutesRequests.php(171): Laravel\\Lumen\\Application->handleFoundRoute(Array)
#21 /var/www/html/vendor/laravel/lumen-framework/src/Routing/Pipeline.php(48): Laravel\\Lumen\\Application->Laravel\\Lumen\\Concerns\\{closure}(Object(Laravel\\Lumen\\Http\\Request))
#22 /var/www/html/app/Middleware/CrossMiddleware.php(48): Laravel\\Lumen\\Routing\\Pipeline->Laravel\\Lumen\\Routing\\{closure}(Object(Laravel\\Lumen\\Http\\Request))
#23 /var/www/html/vendor/illuminate/pipeline/Pipeline.php(180): App\\Middleware\\CrossMiddleware->handle(Object(Laravel\\Lumen\\Http\\Request), Object(Closure))
#24 /var/www/html/vendor/laravel/lumen-framework/src/Routing/Pipeline.php(30): Illuminate\\Pipeline\\Pipeline->Illuminate\\Pipeline\\{closure}(Object(Laravel\\Lumen\\Http\\Request))
#25 /var/www/html/vendor/illuminate/pipeline/Pipeline.php(116): Laravel\\Lumen\\Routing\\Pipeline->Laravel\\Lumen\\Routing\\{closure}(Object(Laravel\\Lumen\\Http\\Request))
#26 /var/www/html/vendor/laravel/lumen-framework/src/Concerns/RoutesRequests.php(428): Illuminate\\Pipeline\\Pipeline->then(Object(Closure))
#27 /var/www/html/vendor/laravel/lumen-framework/src/Concerns/RoutesRequests.php(177): Laravel\\Lumen\\Application->sendThroughPipeline(Array, Object(Closure))
#28 /var/www/html/vendor/laravel/lumen-framework/src/Concerns/RoutesRequests.php(112): Laravel\\Lumen\\Application->dispatch(NULL)
#29 /var/www/html/public/index.php(28): Laravel\\Lumen\\Application->run()
#30 {main}
"} 
[2026-09-23 10:48:39] production.ERROR: 请选择快递公司 {"exception":"[object] (App\\Exceptions\\ErrorException(code: 200): 请选择快递公司 at /var/www/html/modules/Trade/Http/Controllers/Manage/OrderLogisticsController.php:46)
[stacktrace]
#0 /var/www/html/vendor/illuminate/container/BoundMethod.php(36): Modules\\Trade\\Http\\Controllers\\Manage\\OrderLogisticsController->add(Object(Laravel\\Lumen\\Http\\Request))
#1 /var/www/html/vendor/illuminate/container/Util.php(41): Illuminate\\Container\\BoundMethod::Illuminate\\Container\\{closure}()
#2 /var/www/html/vendor/illuminate/container/BoundMethod.php(93): Illuminate\\Container\\Util::unwrapIfClosure(Object(Closure))
#3 /var/www/html/vendor/illuminate/container/BoundMethod.php(37): Illuminate\\Container\\BoundMethod::callBoundMethod(Object(Laravel\\Lumen\\Application), Array, Object(Closure))
#4 /var/www/html/vendor/illuminate/container/Container.php(661): Illuminate\\Container\\BoundMethod::call(Object(Laravel\\Lumen\\Application), Array, Array, NULL)
#5 /var/www/html/vendor/laravel/lumen-framework/src/Concerns/RoutesRequests.php(391): Illuminate\\Container\\Container->call(Array, Array)
#6 /var/www/html/vendor/laravel/lumen-framework/src/Concerns/RoutesRequests.php(357): Laravel\\Lumen\\Application->callControllerCallable(Array, Array)
#7 /var/www/html/vendor/laravel/lumen-framework/src/Concerns/RoutesRequests.php(331): Laravel\\Lumen\\Application->callLumenController(Object(Modules\\Trade\\Http\\Controllers\\Manage\\OrderLogisticsController), 'add', Array)
#8 /var/www/html/vendor/laravel/lumen-framework/src/Concerns/RoutesRequests.php(284): Laravel\\Lumen\\Application->callControllerAction(Array)
#9 /var/www/html/vendor/laravel/lumen-framework/src/Concerns/RoutesRequests.php(264): Laravel\\Lumen\\Application->callActionOnArrayBasedRoute(Array)
#10 /var/www/html/vendor/laravel/lumen-framework/src/Routing/Pipeline.php(48): Laravel\\Lumen\\Application->Laravel\\Lumen\\Concerns\\{closure}(Object(Laravel\\Lumen\\Http\\Request))
#11 /var/www/html/app/Middleware/AdminAuthenticate.php(43): Laravel\\Lumen\\Routing\\Pipeline->Laravel\\Lumen\\Routing\\{closure}(Object(Laravel\\Lumen\\Http\\Request))
#12 /var/www/html/vendor/illuminate/pipeline/Pipeline.php(180): App\\Middleware\\AdminAuthenticate->handle(Object(Laravel\\Lumen\\Http\\Request), Object(Closure))
#13 /var/www/html/vendor/laravel/lumen-framework/src/Routing/Pipeline.php(30): Illuminate\\Pipeline\\Pipeline->Illuminate\\Pipeline\\{closure}(Object(Laravel\\Lumen\\Http\\Request))
#14 /var/www/html/app/Middleware/Authenticate.php(45): Laravel\\Lumen\\Routing\\Pipeline->Laravel\\Lumen\\Routing\\{closure}(Object(Laravel\\Lumen\\Http\\Request))
#15 /var/www/html/vendor/illuminate/pipeline/Pipeline.php(180): App\\Middleware\\Authenticate->handle(Object(Laravel\\Lumen\\Http\\Request), Object(Closure))
#16 /var/www/html/vendor/laravel/lumen-framework/src/Routing/Pipeline.php(30): Illuminate\\Pipeline\\Pipeline->Illuminate\\Pipeline\\{closure}(Object(Laravel\\Lumen\\Http\\Request))
#17 /var/www/html/vendor/illuminate/pipeline/Pipeline.php(116): Laravel\\Lumen\\Routing\\Pipeline->Laravel\\Lumen\\Routing\\{closure}(Object(Laravel\\Lumen\\Http\\Request))
#18 /var/www/html/vendor/laravel/lumen-framework/src/Concerns/RoutesRequests.php(428): Illuminate\\Pipeline\\Pipeline->then(Object(Closure))
#19 /var/www/html/vendor/laravel/lumen-framework/src/Concerns/RoutesRequests.php(265): Laravel\\Lumen\\Application->sendThroughPipeline(Array, Object(Closure))
#20 /var/www/html/vendor/laravel/lumen-framework/src/Concerns/RoutesRequests.php(171): Laravel\\Lumen\\Application->handleFoundRoute(Array)
#21 /var/www/html/vendor/laravel/lumen-framework/src/Routing/Pipeline.php(48): Laravel\\Lumen\\Application->Laravel\\Lumen\\Concerns\\{closure}(Object(Laravel\\Lumen\\Http\\Request))
#22 /var/www/html/app/Middleware/CrossMiddleware.php(48): Laravel\\Lumen\\Routing\\Pipeline->Laravel\\Lumen\\Routing\\{closure}(Object(Laravel\\Lumen\\Http\\Request))
#23 /var/www/html/vendor/illuminate/pipeline/Pipeline.php(180): App\\Middleware\\CrossMiddleware->handle(Object(Laravel\\Lumen\\Http\\Request), Object(Closure))
#24 /var/www/html/vendor/laravel/lumen-framework/src/Routing/Pipeline.php(30): Illuminate\\Pipeline\\Pipeline->Illuminate\\Pipeline\\{closure}(Object(Laravel\\Lumen\\Http\\Request))
#25 /var/www/html/vendor/illuminate/pipeline/Pipeline.php(116): Laravel\\Lumen\\Routing\\Pipeline->Laravel\\Lumen\\Routing\\{closure}(Object(Laravel\\Lumen\\Http\\Request))
#26 /var/www/html/vendor/laravel/lumen-framework/src/Concerns/RoutesRequests.php(428): Illuminate\\Pipeline\\Pipeline->then(Object(Closure))
#27 /var/www/html/vendor/laravel/lumen-framework/src/Concerns/RoutesRequests.php(177): Laravel\\Lumen\\Application->sendThroughPipeline(Array, Object(Closure))
#28 /var/www/html/vendor/laravel/lumen-framework/src/Concerns/RoutesRequests.php(112): Laravel\\Lumen\\Application->dispatch(NULL)
#29 /var/www/html/public/index.php(28): Laravel\\Lumen\\Application->run()
#30 {main}
"} 
[2026-09-23 10:48:39] production.ERROR: 请输入订单编号 {"exception":"[object] (App\\Exceptions\\ErrorException(code: 200): 请输入订单编号 at /var/www/html/modules/Trade/Services/OrderInvoiceService.php:106)
[stacktrace]
#0 /var/www/html/modules/Trade/Http/Controllers/Manage/OrderInvoiceController.php(46): Modules\\Trade\\Services\\OrderInvoiceService->addInvoice(Object(Laravel\\Lumen\\Http\\Request))
#1 /var/www/html/vendor/illuminate/container/BoundMethod.php(36): Modules\\Trade\\Http\\Controllers\\Manage\\OrderInvoiceController->add(Object(Laravel\\Lumen\\Http\\Request))
#2 /var/www/html/vendor/illuminate/container/Util.php(41): Illuminate\\Container\\BoundMethod::Illuminate\\Container\\{closure}()
#3 /var/www/html/vendor/illuminate/container/BoundMethod.php(93): Illuminate\\Container\\Util::unwrapIfClosure(Object(Closure))
#4 /var/www/html/vendor/illuminate/container/BoundMethod.php(37): Illuminate\\Container\\BoundMethod::callBoundMethod(Object(Laravel\\Lumen\\Application), Array, Object(Closure))
#5 /var/www/html/vendor/illuminate/container/Container.php(661): Illuminate\\Container\\BoundMethod::call(Object(Laravel\\Lumen\\Application), Array, Array, NULL)
#6 /var/www/html/vendor/laravel/lumen-framework/src/Concerns/RoutesRequests.php(391): Illuminate\\Container\\Container->call(Array, Array)
#7 /var/www/html/vendor/laravel/lumen-framework/src/Concerns/RoutesRequests.php(357): Laravel\\Lumen\\Application->callControllerCallable(Array, Array)
#8 /var/www/html/vendor/laravel/lumen-framework/src/Concerns/RoutesRequests.php(331): Laravel\\Lumen\\Application->callLumenController(Object(Modules\\Trade\\Http\\Controllers\\Manage\\OrderInvoiceController), 'add', Array)
#9 /var/www/html/vendor/laravel/lumen-framework/src/Concerns/RoutesRequests.php(284): Laravel\\Lumen\\Application->callControllerAction(Array)
#10 /var/www/html/vendor/laravel/lumen-framework/src/Concerns/RoutesRequests.php(264): Laravel\\Lumen\\Application->callActionOnArrayBasedRoute(Array)
#11 /var/www/html/vendor/laravel/lumen-framework/src/Routing/Pipeline.php(48): Laravel\\Lumen\\Application->Laravel\\Lumen\\Concerns\\{closure}(Object(Laravel\\Lumen\\Http\\Request))
#12 /var/www/html/app/Middleware/AdminAuthenticate.php(43): Laravel\\Lumen\\Routing\\Pipeline->Laravel\\Lumen\\Routing\\{closure}(Object(Laravel\\Lumen\\Http\\Request))
#13 /var/www/html/vendor/illuminate/pipeline/Pipeline.php(180): App\\Middleware\\AdminAuthenticate->handle(Object(Laravel\\Lumen\\Http\\Request), Object(Closure))
#14 /var/www/html/vendor/laravel/lumen-framework/src/Routing/Pipeline.php(30): Illuminate\\Pipeline\\Pipeline->Illuminate\\Pipeline\\{closure}(Object(Laravel\\Lumen\\Http\\Request))
#15 /var/www/html/app/Middleware/Authenticate.php(45): Laravel\\Lumen\\Routing\\Pipeline->Laravel\\Lumen\\Routing\\{closure}(Object(Laravel\\Lumen\\Http\\Request))
#16 /var/www/html/vendor/illuminate/pipeline/Pipeline.php(180): App\\Middleware\\Authenticate->handle(Object(Laravel\\Lumen\\Http\\Request), Object(Closure))
#17 /var/www/html/vendor/laravel/lumen-framework/src/Routing/Pipeline.php(30): Illuminate\\Pipeline\\Pipeline->Illuminate\\Pipeline\\{closure}(Object(Laravel\\Lumen\\Http\\Request))
#18 /var/www/html/vendor/illuminate/pipeline/Pipeline.php(116): Laravel\\Lumen\\Routing\\Pipeline->Laravel\\Lumen\\Routing\\{closure}(Object(Laravel\\Lumen\\Http\\Request))
#19 /var/www/html/vendor/laravel/lumen-framework/src/Concerns/RoutesRequests.php(428): Illuminate\\Pipeline\\Pipeline->then(Object(Closure))
#20 /var/www/html/vendor/laravel/lumen-framework/src/Concerns/RoutesRequests.php(265): Laravel\\Lumen\\Application->sendThroughPipeline(Array, Object(Closure))
#21 /var/www/html/vendor/laravel/lumen-framework/src/Concerns/RoutesRequests.php(171): Laravel\\Lumen\\Application->handleFoundRoute(Array)
#22 /var/www/html/vendor/laravel/lumen-framework/src/Routing/Pipeline.php(48): Laravel\\Lumen\\Application->Laravel\\Lumen\\Concerns\\{closure}(Object(Laravel\\Lumen\\Http\\Request))
#23 /var/www/html/app/Middleware/CrossMiddleware.php(48): Laravel\\Lumen\\Routing\\Pipeline->Laravel\\Lumen\\Routing\\{closure}(Object(Laravel\\Lumen\\Http\\Request))
#24 /var/www/html/vendor/illuminate/pipeline/Pipeline.php(180): App\\Middleware\\CrossMiddleware->handle(Object(Laravel\\Lumen\\Http\\Request), Object(Closure))
#25 /var/www/html/vendor/laravel/lumen-framework/src/Routing/Pipeline.php(30): Illuminate\\Pipeline\\Pipeline->Illuminate\\Pipeline\\{closure}(Object(Laravel\\Lumen\\Http\\Request))
#26 /var/www/html/vendor/illuminate/pipeline/Pipeline.php(116): Laravel\\Lumen\\Routing\\Pipeline->Laravel\\Lumen\\Routing\\{closure}(Object(Laravel\\Lumen\\Http\\Request))
#27 /var/www/html/vendor/laravel/lumen-framework/src/Concerns/RoutesRequests.php(428): Illuminate\\Pipeline\\Pipeline->then(Object(Closure))
#28 /var/www/html/vendor/laravel/lumen-framework/src/Concerns/RoutesRequests.php(177): Laravel\\Lumen\\Application->sendThroughPipeline(Array, Object(Closure))
#29 /var/www/html/vendor/laravel/lumen-framework/src/Concerns/RoutesRequests.php(112): Laravel\\Lumen\\Application->dispatch(NULL)
#30 /var/www/html/public/index.php(28): Laravel\\Lumen\\Application->run()
#31 {main}
"} 
[2026-09-23 10:48:39] production.ERROR: 订单不存在 {"exception":"[object] (App\\Exceptions\\ErrorException(code: 200): 订单不存在 at /var/www/html/modules/Trade/Services/OrderInvoiceService.php:112)
[stacktrace]
#0 /var/www/html/modules/Trade/Http/Controllers/Manage/OrderInvoiceController.php(46): Modules\\Trade\\Services\\OrderInvoiceService->addInvoice(Object(Laravel\\Lumen\\Http\\Request))
#1 /var/www/html/vendor/illuminate/container/BoundMethod.php(36): Modules\\Trade\\Http\\Controllers\\Manage\\OrderInvoiceController->add(Object(Laravel\\Lumen\\Http\\Request))
#2 /var/www/html/vendor/illuminate/container/Util.php(41): Illuminate\\Container\\BoundMethod::Illuminate\\Container\\{closure}()
#3 /var/www/html/vendor/illuminate/container/BoundMethod.php(93): Illuminate\\Container\\Util::unwrapIfClosure(Object(Closure))
#4 /var/www/html/vendor/illuminate/container/BoundMethod.php(37): Illuminate\\Container\\BoundMethod::callBoundMethod(Object(Laravel\\Lumen\\Application), Array, Object(Closure))
#5 /var/www/html/vendor/illuminate/container/Container.php(661): Illuminate\\Container\\BoundMethod::call(Object(Laravel\\Lumen\\Application), Array, Array, NULL)
#6 /var/www/html/vendor/laravel/lumen-framework/src/Concerns/RoutesRequests.php(391): Illuminate\\Container\\Container->call(Array, Array)
#7 /var/www/html/vendor/laravel/lumen-framework/src/Concerns/RoutesRequests.php(357): Laravel\\Lumen\\Application->callControllerCallable(Array, Array)
#8 /var/www/html/vendor/laravel/lumen-framework/src/Concerns/RoutesRequests.php(331): Laravel\\Lumen\\Application->callLumenController(Object(Modules\\Trade\\Http\\Controllers\\Manage\\OrderInvoiceController), 'add', Array)
#9 /var/www/html/vendor/laravel/lumen-framework/src/Concerns/RoutesRequests.php(284): Laravel\\Lumen\\Application->callControllerAction(Array)
#10 /var/www/html/vendor/laravel/lumen-framework/src/Concerns/RoutesRequests.php(264): Laravel\\Lumen\\Application->callActionOnArrayBasedRoute(Array)
#11 /var/www/html/vendor/laravel/lumen-framework/src/Routing/Pipeline.php(48): Laravel\\Lumen\\Application->Laravel\\Lumen\\Concerns\\{closure}(Object(Laravel\\Lumen\\Http\\Request))
#12 /var/www/html/app/Middleware/AdminAuthenticate.php(43): Laravel\\Lumen\\Routing\\Pipeline->Laravel\\Lumen\\Routing\\{closure}(Object(Laravel\\Lumen\\Http\\Request))
#13 /var/www/html/vendor/illuminate/pipeline/Pipeline.php(180): App\\Middleware\\AdminAuthenticate->handle(Object(Laravel\\Lumen\\Http\\Request), Object(Closure))
#14 /var/www/html/vendor/laravel/lumen-framework/src/Routing/Pipeline.php(30): Illuminate\\Pipeline\\Pipeline->Illuminate\\Pipeline\\{closure}(Object(Laravel\\Lumen\\Http\\Request))
#15 /var/www/html/app/Middleware/Authenticate.php(45): Laravel\\Lumen\\Routing\\Pipeline->Laravel\\Lumen\\Routing\\{closure}(Object(Laravel\\Lumen\\Http\\Request))
#16 /var/www/html/vendor/illuminate/pipeline/Pipeline.php(180): App\\Middleware\\Authenticate->handle(Object(Laravel\\Lumen\\Http\\Request), Object(Closure))
#17 /var/www/html/vendor/laravel/lumen-framework/src/Routing/Pipeline.php(30): Illuminate\\Pipeline\\Pipeline->Illuminate\\Pipeline\\{closure}(Object(Laravel\\Lumen\\Http\\Request))
#18 /var/www/html/vendor/illuminate/pipeline/Pipeline.php(116): Laravel\\Lumen\\Routing\\Pipeline->Laravel\\Lumen\\Routing\\{closure}(Object(Laravel\\Lumen\\Http\\Request))
#19 /var/www/html/vendor/laravel/lumen-framework/src/Concerns/RoutesRequests.php(428): Illuminate\\Pipeline\\Pipeline->then(Object(Closure))
#20 /var/www/html/vendor/laravel/lumen-framework/src/Concerns/RoutesRequests.php(265): Laravel\\Lumen\\Application->sendThroughPipeline(Array, Object(Closure))
#21 /var/www/html/vendor/laravel/lumen-framework/src/Concerns/RoutesRequests.php(171): Laravel\\Lumen\\Application->handleFoundRoute(Array)
#22 /var/www/html/vendor/laravel/lumen-framework/src/Routing/Pipeline.php(48): Laravel\\Lumen\\Application->Laravel\\Lumen\\Concerns\\{closure}(Object(Laravel\\Lumen\\Http\\Request))
#23 /var/www/html/app/Middleware/CrossMiddleware.php(48): Laravel\\Lumen\\Routing\\Pipeline->Laravel\\Lumen\\Routing\\{closure}(Object(Laravel\\Lumen\\Http\\Request))
#24 /var/www/html/vendor/illuminate/pipeline/Pipeline.php(180): App\\Middleware\\CrossMiddleware->handle(Object(Laravel\\Lumen\\Http\\Request), Object(Closure))
#25 /var/www/html/vendor/laravel/lumen-framework/src/Routing/Pipeline.php(30): Illuminate\\Pipeline\\Pipeline->Illuminate\\Pipeline\\{closure}(Object(Laravel\\Lumen\\Http\\Request))
#26 /var/www/html/vendor/illuminate/pipeline/Pipeline.php(116): Laravel\\Lumen\\Routing\\Pipeline->Laravel\\Lumen\\Routing\\{closure}(Object(Laravel\\Lumen\\Http\\Request))
#27 /var/www/html/vendor/laravel/lumen-framework/src/Concerns/RoutesRequests.php(428): Illuminate\\Pipeline\\Pipeline->then(Object(Closure))
#28 /var/www/html/vendor/laravel/lumen-framework/src/Concerns/RoutesRequests.php(177): Laravel\\Lumen\\Application->sendThroughPipeline(Array, Object(Closure))
#29 /var/www/html/vendor/laravel/lumen-framework/src/Concerns/RoutesRequests.php(112): Laravel\\Lumen\\Application->dispatch(NULL)
#30 /var/www/html/public/index.php(28): Laravel\\Lumen\\Application->run()
#31 {main}
"} 
[2026-09-23 10:48:39] production.ERROR: 数据有误 {"exception":"[object] (App\\Exceptions\\ErrorException(code: 200): 数据有误 at /var/www/html/modules/Trade/Services/OrderInvoiceService.php:159)
[stacktrace]
#0 /var/www/html/modules/Trade/Http/Controllers/Manage/OrderInvoiceController.php(58): Modules\\Trade\\Services\\OrderInvoiceService->editInvoice(Object(Laravel\\Lumen\\Http\\Request))
#1 /var/www/html/vendor/illuminate/container/BoundMethod.php(36): Modules\\Trade\\Http\\Controllers\\Manage\\OrderInvoiceController->edit(Object(Laravel\\Lumen\\Http\\Request))
#2 /var/www/html/vendor/illuminate/container/Util.php(41): Illuminate\\Container\\BoundMethod::Illuminate\\Container\\{closure}()
#3 /var/www/html/vendor/illuminate/container/BoundMethod.php(93): Illuminate\\Container\\Util::unwrapIfClosure(Object(Closure))
#4 /var/www/html/vendor/illuminate/container/BoundMethod.php(37): Illuminate\\Container\\BoundMethod::callBoundMethod(Object(Laravel\\Lumen\\Application), Array, Object(Closure))
#5 /var/www/html/vendor/illuminate/container/Container.php(661): Illuminate\\Container\\BoundMethod::call(Object(Laravel\\Lumen\\Application), Array, Array, NULL)
#6 /var/www/html/vendor/laravel/lumen-framework/src/Concerns/RoutesRequests.php(391): Illuminate\\Container\\Container->call(Array, Array)
#7 /var/www/html/vendor/laravel/lumen-framework/src/Concerns/RoutesRequests.php(357): Laravel\\Lumen\\Application->callControllerCallable(Array, Array)
#8 /var/www/html/vendor/laravel/lumen-framework/src/Concerns/RoutesRequests.php(331): Laravel\\Lumen\\Application->callLumenController(Object(Modules\\Trade\\Http\\Controllers\\Manage\\OrderInvoiceController), 'edit', Array)
#9 /var/www/html/vendor/laravel/lumen-framework/src/Concerns/RoutesRequests.php(284): Laravel\\Lumen\\Application->callControllerAction(Array)
#10 /var/www/html/vendor/laravel/lumen-framework/src/Concerns/RoutesRequests.php(264): Laravel\\Lumen\\Application->callActionOnArrayBasedRoute(Array)
#11 /var/www/html/vendor/laravel/lumen-framework/src/Routing/Pipeline.php(48): Laravel\\Lumen\\Application->Laravel\\Lumen\\Concerns\\{closure}(Object(Laravel\\Lumen\\Http\\Request))
#12 /var/www/html/app/Middleware/AdminAuthenticate.php(43): Laravel\\Lumen\\Routing\\Pipeline->Laravel\\Lumen\\Routing\\{closure}(Object(Laravel\\Lumen\\Http\\Request))
#13 /var/www/html/vendor/illuminate/pipeline/Pipeline.php(180): App\\Middleware\\AdminAuthenticate->handle(Object(Laravel\\Lumen\\Http\\Request), Object(Closure))
#14 /var/www/html/vendor/laravel/lumen-framework/src/Routing/Pipeline.php(30): Illuminate\\Pipeline\\Pipeline->Illuminate\\Pipeline\\{closure}(Object(Laravel\\Lumen\\Http\\Request))
#15 /var/www/html/app/Middleware/Authenticate.php(45): Laravel\\Lumen\\Routing\\Pipeline->Laravel\\Lumen\\Routing\\{closure}(Object(Laravel\\Lumen\\Http\\Request))
#16 /var/www/html/vendor/illuminate/pipeline/Pipeline.php(180): App\\Middleware\\Authenticate->handle(Object(Laravel\\Lumen\\Http\\Request), Object(Closure))
#17 /var/www/html/vendor/laravel/lumen-framework/src/Routing/Pipeline.php(30): Illuminate\\Pipeline\\Pipeline->Illuminate\\Pipeline\\{closure}(Object(Laravel\\Lumen\\Http\\Request))
#18 /var/www/html/vendor/illuminate/pipeline/Pipeline.php(116): Laravel\\Lumen\\Routing\\Pipeline->Laravel\\Lumen\\Routing\\{closure}(Object(Laravel\\Lumen\\Http\\Request))
#19 /var/www/html/vendor/laravel/lumen-framework/src/Concerns/RoutesRequests.php(428): Illuminate\\Pipeline\\Pipeline->then(Object(Closure))
#20 /var/www/html/vendor/laravel/lumen-framework/src/Concerns/RoutesRequests.php(265): Laravel\\Lumen\\Application->sendThroughPipeline(Array, Object(Closure))
#21 /var/www/html/vendor/laravel/lumen-framework/src/Concerns/RoutesRequests.php(171): Laravel\\Lumen\\Application->handleFoundRoute(Array)
#22 /var/www/html/vendor/laravel/lumen-framework/src/Routing/Pipeline.php(48): Laravel\\Lumen\\Application->Laravel\\Lumen\\Concerns\\{closure}(Object(Laravel\\Lumen\\Http\\Request))
#23 /var/www/html/app/Middleware/CrossMiddleware.php(48): Laravel\\Lumen\\Routing\\Pipeline->Laravel\\Lumen\\Routing\\{closure}(Object(Laravel\\Lumen\\Http\\Request))
#24 /var/www/html/vendor/illuminate/pipeline/Pipeline.php(180): App\\Middleware\\CrossMiddleware->handle(Object(Laravel\\Lumen\\Http\\Request), Object(Closure))
#25 /var/www/html/vendor/laravel/lumen-framework/src/Routing/Pipeline.php(30): Illuminate\\Pipeline\\Pipeline->Illuminate\\Pipeline\\{closure}(Object(Laravel\\Lumen\\Http\\Request))
#26 /var/www/html/vendor/illuminate/pipeline/Pipeline.php(116): Laravel\\Lumen\\Routing\\Pipeline->Laravel\\Lumen\\Routing\\{closure}(Object(Laravel\\Lumen\\Http\\Request))
#27 /var/www/html/vendor/laravel/lumen-framework/src/Concerns/RoutesRequests.php(428): Illuminate\\Pipeline\\Pipeline->then(Object(Closure))
#28 /var/www/html/vendor/laravel/lumen-framework/src/Concerns/RoutesRequests.php(177): Laravel\\Lumen\\Application->sendThroughPipeline(Array, Object(Closure))
#29 /var/www/html/vendor/laravel/lumen-framework/src/Concerns/RoutesRequests.php(112): Laravel\\Lumen\\Application->dispatch(NULL)
#30 /var/www/html/public/index.php(28): Laravel\\Lumen\\Application->run()
#31 {main}
"} 
[2026-09-23 10:48:39] production.ERROR: 请选择要删除的数据 {"exception":"[object] (App\\Exceptions\\ErrorException(code: 200): 请选择要删除的数据 at /var/www/html/modules/Trade/Services/OrderInvoiceService.php:203)
[stacktrace]
#0 /var/www/html/modules/Trade/Http/Controllers/Manage/OrderInvoiceController.php(70): Modules\\Trade\\Services\\OrderInvoiceService->removeInvoice(Object(Laravel\\Lumen\\Http\\Request))
#1 /var/www/html/vendor/illuminate/container/BoundMethod.php(36): Modules\\Trade\\Http\\Controllers\\Manage\\OrderInvoiceController->remove(Object(Laravel\\Lumen\\Http\\Request))
#2 /var/www/html/vendor/illuminate/container/Util.php(41): Illuminate\\Container\\BoundMethod::Illuminate\\Container\\{closure}()
#3 /var/www/html/vendor/illuminate/container/BoundMethod.php(93): Illuminate\\Container\\Util::unwrapIfClosure(Object(Closure))
#4 /var/www/html/vendor/illuminate/container/BoundMethod.php(37): Illuminate\\Container\\BoundMethod::callBoundMethod(Object(Laravel\\Lumen\\Application), Array, Object(Closure))
#5 /var/www/html/vendor/illuminate/container/Container.php(661): Illuminate\\Container\\BoundMethod::call(Object(Laravel\\Lumen\\Application), Array, Array, NULL)
#6 /var/www/html/vendor/laravel/lumen-framework/src/Concerns/RoutesRequests.php(391): Illuminate\\Container\\Container->call(Array, Array)
#7 /var/www/html/vendor/laravel/lumen-framework/src/Concerns/RoutesRequests.php(357): Laravel\\Lumen\\Application->callControllerCallable(Array, Array)
#8 /var/www/html/vendor/laravel/lumen-framework/src/Concerns/RoutesRequests.php(331): Laravel\\Lumen\\Application->callLumenController(Object(Modules\\Trade\\Http\\Controllers\\Manage\\OrderInvoiceController), 'remove', Array)
#9 /var/www/html/vendor/laravel/lumen-framework/src/Concerns/RoutesRequests.php(284): Laravel\\Lumen\\Application->callControllerAction(Array)
#10 /var/www/html/vendor/laravel/lumen-framework/src/Concerns/RoutesRequests.php(264): Laravel\\Lumen\\Application->callActionOnArrayBasedRoute(Array)
#11 /var/www/html/vendor/laravel/lumen-framework/src/Routing/Pipeline.php(48): Laravel\\Lumen\\Application->Laravel\\Lumen\\Concerns\\{closure}(Object(Laravel\\Lumen\\Http\\Request))
#12 /var/www/html/app/Middleware/AdminAuthenticate.php(43): Laravel\\Lumen\\Routing\\Pipeline->Laravel\\Lumen\\Routing\\{closure}(Object(Laravel\\Lumen\\Http\\Request))
#13 /var/www/html/vendor/illuminate/pipeline/Pipeline.php(180): App\\Middleware\\AdminAuthenticate->handle(Object(Laravel\\Lumen\\Http\\Request), Object(Closure))
#14 /var/www/html/vendor/laravel/lumen-framework/src/Routing/Pipeline.php(30): Illuminate\\Pipeline\\Pipeline->Illuminate\\Pipeline\\{closure}(Object(Laravel\\Lumen\\Http\\Request))
#15 /var/www/html/app/Middleware/Authenticate.php(45): Laravel\\Lumen\\Routing\\Pipeline->Laravel\\Lumen\\Routing\\{closure}(Object(Laravel\\Lumen\\Http\\Request))
#16 /var/www/html/vendor/illuminate/pipeline/Pipeline.php(180): App\\Middleware\\Authenticate->handle(Object(Laravel\\Lumen\\Http\\Request), Object(Closure))
#17 /var/www/html/vendor/laravel/lumen-framework/src/Routing/Pipeline.php(30): Illuminate\\Pipeline\\Pipeline->Illuminate\\Pipeline\\{closure}(Object(Laravel\\Lumen\\Http\\Request))
#18 /var/www/html/vendor/illuminate/pipeline/Pipeline.php(116): Laravel\\Lumen\\Routing\\Pipeline->Laravel\\Lumen\\Routing\\{closure}(Object(Laravel\\Lumen\\Http\\Request))
#19 /var/www/html/vendor/laravel/lumen-framework/src/Concerns/RoutesRequests.php(428): Illuminate\\Pipeline\\Pipeline->then(Object(Closure))
#20 /var/www/html/vendor/laravel/lumen-framework/src/Concerns/RoutesRequests.php(265): Laravel\\Lumen\\Application->sendThroughPipeline(Array, Object(Closure))
#21 /var/www/html/vendor/laravel/lumen-framework/src/Concerns/RoutesRequests.php(171): Laravel\\Lumen\\Application->handleFoundRoute(Array)
#22 /var/www/html/vendor/laravel/lumen-framework/src/Routing/Pipeline.php(48): Laravel\\Lumen\\Application->Laravel\\Lumen\\Concerns\\{closure}(Object(Laravel\\Lumen\\Http\\Request))
#23 /var/www/html/app/Middleware/CrossMiddleware.php(48): Laravel\\Lumen\\Routing\\Pipeline->Laravel\\Lumen\\Routing\\{closure}(Object(Laravel\\Lumen\\Http\\Request))
#24 /var/www/html/vendor/illuminate/pipeline/Pipeline.php(180): App\\Middleware\\CrossMiddleware->handle(Object(Laravel\\Lumen\\Http\\Request), Object(Closure))
#25 /var/www/html/vendor/laravel/lumen-framework/src/Routing/Pipeline.php(30): Illuminate\\Pipeline\\Pipeline->Illuminate\\Pipeline\\{closure}(Object(Laravel\\Lumen\\Http\\Request))
#26 /var/www/html/vendor/illuminate/pipeline/Pipeline.php(116): Laravel\\Lumen\\Routing\\Pipeline->Laravel\\Lumen\\Routing\\{closure}(Object(Laravel\\Lumen\\Http\\Request))
#27 /var/www/html/vendor/laravel/lumen-framework/src/Concerns/RoutesRequests.php(428): Illuminate\\Pipeline\\Pipeline->then(Object(Closure))
#28 /var/www/html/vendor/laravel/lumen-framework/src/Concerns/RoutesRequests.php(177): Laravel\\Lumen\\Application->sendThroughPipeline(Array, Object(Closure))
#29 /var/www/html/vendor/laravel/lumen-framework/src/Concerns/RoutesRequests.php(112): Laravel\\Lumen\\Application->dispatch(NULL)
#30 /var/www/html/public/index.php(28): Laravel\\Lumen\\Application->run()
#31 {main}
"} 
[2026-09-23 10:48:39] production.ERROR: 请输入订单编号 {"exception":"[object] (App\\Exceptions\\ErrorException(code: 200): 请输入订单编号 at /var/www/html/modules/Trade/Services/OrderReturnService.php:278)
[stacktrace]
#0 /var/www/html/modules/Trade/Http/Controllers/Manage/OrderReturnController.php(56): Modules\\Trade\\Services\\OrderReturnService->addReturnByAdmin(Object(Laravel\\Lumen\\Http\\Request))
#1 /var/www/html/vendor/illuminate/container/BoundMethod.php(36): Modules\\Trade\\Http\\Controllers\\Manage\\OrderReturnController->add(Object(Laravel\\Lumen\\Http\\Request))
#2 /var/www/html/vendor/illuminate/container/Util.php(41): Illuminate\\Container\\BoundMethod::Illuminate\\Container\\{closure}()
#3 /var/www/html/vendor/illuminate/container/BoundMethod.php(93): Illuminate\\Container\\Util::unwrapIfClosure(Object(Closure))
#4 /var/www/html/vendor/illuminate/container/BoundMethod.php(37): Illuminate\\Container\\BoundMethod::callBoundMethod(Object(Laravel\\Lumen\\Application), Array, Object(Closure))
#5 /var/www/html/vendor/illuminate/container/Container.php(661): Illuminate\\Container\\BoundMethod::call(Object(Laravel\\Lumen\\Application), Array, Array, NULL)
#6 /var/www/html/vendor/laravel/lumen-framework/src/Concerns/RoutesRequests.php(391): Illuminate\\Container\\Container->call(Array, Array)
#7 /var/www/html/vendor/laravel/lumen-framework/src/Concerns/RoutesRequests.php(357): Laravel\\Lumen\\Application->callControllerCallable(Array, Array)
#8 /var/www/html/vendor/laravel/lumen-framework/src/Concerns/RoutesRequests.php(331): Laravel\\Lumen\\Application->callLumenController(Object(Modules\\Trade\\Http\\Controllers\\Manage\\OrderReturnController), 'add', Array)
#9 /var/www/html/vendor/laravel/lumen-framework/src/Concerns/RoutesRequests.php(284): Laravel\\Lumen\\Application->callControllerAction(Array)
#10 /var/www/html/vendor/laravel/lumen-framework/src/Concerns/RoutesRequests.php(264): Laravel\\Lumen\\Application->callActionOnArrayBasedRoute(Array)
#11 /var/www/html/vendor/laravel/lumen-framework/src/Routing/Pipeline.php(48): Laravel\\Lumen\\Application->Laravel\\Lumen\\Concerns\\{closure}(Object(Laravel\\Lumen\\Http\\Request))
#12 /var/www/html/app/Middleware/AdminAuthenticate.php(43): Laravel\\Lumen\\Routing\\Pipeline->Laravel\\Lumen\\Routing\\{closure}(Object(Laravel\\Lumen\\Http\\Request))
#13 /var/www/html/vendor/illuminate/pipeline/Pipeline.php(180): App\\Middleware\\AdminAuthenticate->handle(Object(Laravel\\Lumen\\Http\\Request), Object(Closure))
#14 /var/www/html/vendor/laravel/lumen-framework/src/Routing/Pipeline.php(30): Illuminate\\Pipeline\\Pipeline->Illuminate\\Pipeline\\{closure}(Object(Laravel\\Lumen\\Http\\Request))
#15 /var/www/html/app/Middleware/Authenticate.php(45): Laravel\\Lumen\\Routing\\Pipeline->Laravel\\Lumen\\Routing\\{closure}(Object(Laravel\\Lumen\\Http\\Request))
#16 /var/www/html/vendor/illuminate/pipeline/Pipeline.php(180): App\\Middleware\\Authenticate->handle(Object(Laravel\\Lumen\\Http\\Request), Object(Closure))
#17 /var/www/html/vendor/laravel/lumen-framework/src/Routing/Pipeline.php(30): Illuminate\\Pipeline\\Pipeline->Illuminate\\Pipeline\\{closure}(Object(Laravel\\Lumen\\Http\\Request))
#18 /var/www/html/vendor/illuminate/pipeline/Pipeline.php(116): Laravel\\Lumen\\Routing\\Pipeline->Laravel\\Lumen\\Routing\\{closure}(Object(Laravel\\Lumen\\Http\\Request))
#19 /var/www/html/vendor/laravel/lumen-framework/src/Concerns/RoutesRequests.php(428): Illuminate\\Pipeline\\Pipeline->then(Object(Closure))
#20 /var/www/html/vendor/laravel/lumen-framework/src/Concerns/RoutesRequests.php(265): Laravel\\Lumen\\Application->sendThroughPipeline(Array, Object(Closure))
#21 /var/www/html/vendor/laravel/lumen-framework/src/Concerns/RoutesRequests.php(171): Laravel\\Lumen\\Application->handleFoundRoute(Array)
#22 /var/www/html/vendor/laravel/lumen-framework/src/Routing/Pipeline.php(48): Laravel\\Lumen\\Application->Laravel\\Lumen\\Concerns\\{closure}(Object(Laravel\\Lumen\\Http\\Request))
#23 /var/www/html/app/Middleware/CrossMiddleware.php(48): Laravel\\Lumen\\Routing\\Pipeline->Laravel\\Lumen\\Routing\\{closure}(Object(Laravel\\Lumen\\Http\\Request))
#24 /var/www/html/vendor/illuminate/pipeline/Pipeline.php(180): App\\Middleware\\CrossMiddleware->handle(Object(Laravel\\Lumen\\Http\\Request), Object(Closure))
#25 /var/www/html/vendor/laravel/lumen-framework/src/Routing/Pipeline.php(30): Illuminate\\Pipeline\\Pipeline->Illuminate\\Pipeline\\{closure}(Object(Laravel\\Lumen\\Http\\Request))
#26 /var/www/html/vendor/illuminate/pipeline/Pipeline.php(116): Laravel\\Lumen\\Routing\\Pipeline->Laravel\\Lumen\\Routing\\{closure}(Object(Laravel\\Lumen\\Http\\Request))
#27 /var/www/html/vendor/laravel/lumen-framework/src/Concerns/RoutesRequests.php(428): Illuminate\\Pipeline\\Pipeline->then(Object(Closure))
#28 /var/www/html/vendor/laravel/lumen-framework/src/Concerns/RoutesRequests.php(177): Laravel\\Lumen\\Application->sendThroughPipeline(Array, Object(Closure))
#29 /var/www/html/vendor/laravel/lumen-framework/src/Concerns/RoutesRequests.php(112): Laravel\\Lumen\\Application->dispatch(NULL)
#30 /var/www/html/public/index.php(28): Laravel\\Lumen\\Application->run()
#31 {main}
"} 
[2026-09-23 10:48:39] production.ERROR: 订单不存在 {"exception":"[object] (App\\Exceptions\\ErrorException(code: 200): 订单不存在 at /var/www/html/modules/Trade/Services/OrderReturnService.php:283)
[stacktrace]
#0 /var/www/html/modules/Trade/Http/Controllers/Manage/OrderReturnController.php(56): Modules\\Trade\\Services\\OrderReturnService->addReturnByAdmin(Object(Laravel\\Lumen\\Http\\Request))
#1 /var/www/html/vendor/illuminate/container/BoundMethod.php(36): Modules\\Trade\\Http\\Controllers\\Manage\\OrderReturnController->add(Object(Laravel\\Lumen\\Http\\Request))
#2 /var/www/html/vendor/illuminate/container/Util.php(41): Illuminate\\Container\\BoundMethod::Illuminate\\Container\\{closure}()
#3 /var/www/html/vendor/illuminate/container/BoundMethod.php(93): Illuminate\\Container\\Util::unwrapIfClosure(Object(Closure))
#4 /var/www/html/vendor/illuminate/container/BoundMethod.php(37): Illuminate\\Container\\BoundMethod::callBoundMethod(Object(Laravel\\Lumen\\Application), Array, Object(Closure))
#5 /var/www/html/vendor/illuminate/container/Container.php(661): Illuminate\\Container\\BoundMethod::call(Object(Laravel\\Lumen\\Application), Array, Array, NULL)
#6 /var/www/html/vendor/laravel/lumen-framework/src/Concerns/RoutesRequests.php(391): Illuminate\\Container\\Container->call(Array, Array)
#7 /var/www/html/vendor/laravel/lumen-framework/src/Concerns/RoutesRequests.php(357): Laravel\\Lumen\\Application->callControllerCallable(Array, Array)
#8 /var/www/html/vendor/laravel/lumen-framework/src/Concerns/RoutesRequests.php(331): Laravel\\Lumen\\Application->callLumenController(Object(Modules\\Trade\\Http\\Controllers\\Manage\\OrderReturnController), 'add', Array)
#9 /var/www/html/vendor/laravel/lumen-framework/src/Concerns/RoutesRequests.php(284): Laravel\\Lumen\\Application->callControllerAction(Array)
#10 /var/www/html/vendor/laravel/lumen-framework/src/Concerns/RoutesRequests.php(264): Laravel\\Lumen\\Application->callActionOnArrayBasedRoute(Array)
#11 /var/www/html/vendor/laravel/lumen-framework/src/Routing/Pipeline.php(48): Laravel\\Lumen\\Application->Laravel\\Lumen\\Concerns\\{closure}(Object(Laravel\\Lumen\\Http\\Request))
#12 /var/www/html/app/Middleware/AdminAuthenticate.php(43): Laravel\\Lumen\\Routing\\Pipeline->Laravel\\Lumen\\Routing\\{closure}(Object(Laravel\\Lumen\\Http\\Request))
#13 /var/www/html/vendor/illuminate/pipeline/Pipeline.php(180): App\\Middleware\\AdminAuthenticate->handle(Object(Laravel\\Lumen\\Http\\Request), Object(Closure))
#14 /var/www/html/vendor/laravel/lumen-framework/src/Routing/Pipeline.php(30): Illuminate\\Pipeline\\Pipeline->Illuminate\\Pipeline\\{closure}(Object(Laravel\\Lumen\\Http\\Request))
#15 /var/www/html/app/Middleware/Authenticate.php(45): Laravel\\Lumen\\Routing\\Pipeline->Laravel\\Lumen\\Routing\\{closure}(Object(Laravel\\Lumen\\Http\\Request))
#16 /var/www/html/vendor/illuminate/pipeline/Pipeline.php(180): App\\Middleware\\Authenticate->handle(Object(Laravel\\Lumen\\Http\\Request), Object(Closure))
#17 /var/www/html/vendor/laravel/lumen-framework/src/Routing/Pipeline.php(30): Illuminate\\Pipeline\\Pipeline->Illuminate\\Pipeline\\{closure}(Object(Laravel\\Lumen\\Http\\Request))
#18 /var/www/html/vendor/illuminate/pipeline/Pipeline.php(116): Laravel\\Lumen\\Routing\\Pipeline->Laravel\\Lumen\\Routing\\{closure}(Object(Laravel\\Lumen\\Http\\Request))
#19 /var/www/html/vendor/laravel/lumen-framework/src/Concerns/RoutesRequests.php(428): Illuminate\\Pipeline\\Pipeline->then(Object(Closure))
#20 /var/www/html/vendor/laravel/lumen-framework/src/Concerns/RoutesRequests.php(265): Laravel\\Lumen\\Application->sendThroughPipeline(Array, Object(Closure))
#21 /var/www/html/vendor/laravel/lumen-framework/src/Concerns/RoutesRequests.php(171): Laravel\\Lumen\\Application->handleFoundRoute(Array)
#22 /var/www/html/vendor/laravel/lumen-framework/src/Routing/Pipeline.php(48): Laravel\\Lumen\\Application->Laravel\\Lumen\\Concerns\\{closure}(Object(Laravel\\Lumen\\Http\\Request))
#23 /var/www/html/app/Middleware/CrossMiddleware.php(48): Laravel\\Lumen\\Routing\\Pipeline->Laravel\\Lumen\\Routing\\{closure}(Object(Laravel\\Lumen\\Http\\Request))
#24 /var/www/html/vendor/illuminate/pipeline/Pipeline.php(180): App\\Middleware\\CrossMiddleware->handle(Object(Laravel\\Lumen\\Http\\Request), Object(Closure))
#25 /var/www/html/vendor/laravel/lumen-framework/src/Routing/Pipeline.php(30): Illuminate\\Pipeline\\Pipeline->Illuminate\\Pipeline\\{closure}(Object(Laravel\\Lumen\\Http\\Request))
#26 /var/www/html/vendor/illuminate/pipeline/Pipeline.php(116): Laravel\\Lumen\\Routing\\Pipeline->Laravel\\Lumen\\Routing\\{closure}(Object(Laravel\\Lumen\\Http\\Request))
#27 /var/www/html/vendor/laravel/lumen-framework/src/Concerns/RoutesRequests.php(428): Illuminate\\Pipeline\\Pipeline->then(Object(Closure))
#28 /var/www/html/vendor/laravel/lumen-framework/src/Concerns/RoutesRequests.php(177): Laravel\\Lumen\\Application->sendThroughPipeline(Array, Object(Closure))
#29 /var/www/html/vendor/laravel/lumen-framework/src/Concerns/RoutesRequests.php(112): Laravel\\Lumen\\Application->dispatch(NULL)
#30 /var/www/html/public/index.php(28): Laravel\\Lumen\\Application->run()
#31 {main}
"} 
[2026-09-23 10:48:39] production.ERROR: 数据有误 {"exception":"[object] (App\\Exceptions\\ErrorException(code: 200): 数据有误 at /var/www/html/modules/Trade/Services/OrderReturnService.php:316)
[stacktrace]
#0 /var/www/html/modules/Trade/Http/Controllers/Manage/OrderReturnController.php(68): Modules\\Trade\\Services\\OrderReturnService->editReturn(Object(Laravel\\Lumen\\Http\\Request))
#1 /var/www/html/vendor/illuminate/container/BoundMethod.php(36): Modules\\Trade\\Http\\Controllers\\Manage\\OrderReturnController->edit(Object(Laravel\\Lumen\\Http\\Request))
#2 /var/www/html/vendor/illuminate/container/Util.php(41): Illuminate\\Container\\BoundMethod::Illuminate\\Container\\{closure}()
#3 /var/www/html/vendor/illuminate/container/BoundMethod.php(93): Illuminate\\Container\\Util::unwrapIfClosure(Object(Closure))
#4 /var/www/html/vendor/illuminate/container/BoundMethod.php(37): Illuminate\\Container\\BoundMethod::callBoundMethod(Object(Laravel\\Lumen\\Application), Array, Object(Closure))
#5 /var/www/html/vendor/illuminate/container/Container.php(661): Illuminate\\Container\\BoundMethod::call(Object(Laravel\\Lumen\\Application), Array, Array, NULL)
#6 /var/www/html/vendor/laravel/lumen-framework/src/Concerns/RoutesRequests.php(391): Illuminate\\Container\\Container->call(Array, Array)
#7 /var/www/html/vendor/laravel/lumen-framework/src/Concerns/RoutesRequests.php(357): Laravel\\Lumen\\Application->callControllerCallable(Array, Array)
#8 /var/www/html/vendor/laravel/lumen-framework/src/Concerns/RoutesRequests.php(331): Laravel\\Lumen\\Application->callLumenController(Object(Modules\\Trade\\Http\\Controllers\\Manage\\OrderReturnController), 'edit', Array)
#9 /var/www/html/vendor/laravel/lumen-framework/src/Concerns/RoutesRequests.php(284): Laravel\\Lumen\\Application->callControllerAction(Array)
#10 /var/www/html/vendor/laravel/lumen-framework/src/Concerns/RoutesRequests.php(264): Laravel\\Lumen\\Application->callActionOnArrayBasedRoute(Array)
#11 /var/www/html/vendor/laravel/lumen-framework/src/Routing/Pipeline.php(48): Laravel\\Lumen\\Application->Laravel\\Lumen\\Concerns\\{closure}(Object(Laravel\\Lumen\\Http\\Request))
#12 /var/www/html/app/Middleware/AdminAuthenticate.php(43): Laravel\\Lumen\\Routing\\Pipeline->Laravel\\Lumen\\Routing\\{closure}(Object(Laravel\\Lumen\\Http\\Request))
#13 /var/www/html/vendor/illuminate/pipeline/Pipeline.php(180): App\\Middleware\\AdminAuthenticate->handle(Object(Laravel\\Lumen\\Http\\Request), Object(Closure))
#14 /var/www/html/vendor/laravel/lumen-framework/src/Routing/Pipeline.php(30): Illuminate\\Pipeline\\Pipeline->Illuminate\\Pipeline\\{closure}(Object(Laravel\\Lumen\\Http\\Request))
#15 /var/www/html/app/Middleware/Authenticate.php(45): Laravel\\Lumen\\Routing\\Pipeline->Laravel\\Lumen\\Routing\\{closure}(Object(Laravel\\Lumen\\Http\\Request))
#16 /var/www/html/vendor/illuminate/pipeline/Pipeline.php(180): App\\Middleware\\Authenticate->handle(Object(Laravel\\Lumen\\Http\\Request), Object(Closure))
#17 /var/www/html/vendor/laravel/lumen-framework/src/Routing/Pipeline.php(30): Illuminate\\Pipeline\\Pipeline->Illuminate\\Pipeline\\{closure}(Object(Laravel\\Lumen\\Http\\Request))
#18 /var/www/html/vendor/illuminate/pipeline/Pipeline.php(116): Laravel\\Lumen\\Routing\\Pipeline->Laravel\\Lumen\\Routing\\{closure}(Object(Laravel\\Lumen\\Http\\Request))
#19 /var/www/html/vendor/laravel/lumen-framework/src/Concerns/RoutesRequests.php(428): Illuminate\\Pipeline\\Pipeline->then(Object(Closure))
#20 /var/www/html/vendor/laravel/lumen-framework/src/Concerns/RoutesRequests.php(265): Laravel\\Lumen\\Application->sendThroughPipeline(Array, Object(Closure))
#21 /var/www/html/vendor/laravel/lumen-framework/src/Concerns/RoutesRequests.php(171): Laravel\\Lumen\\Application->handleFoundRoute(Array)
#22 /var/www/html/vendor/laravel/lumen-framework/src/Routing/Pipeline.php(48): Laravel\\Lumen\\Application->Laravel\\Lumen\\Concerns\\{closure}(Object(Laravel\\Lumen\\Http\\Request))
#23 /var/www/html/app/Middleware/CrossMiddleware.php(48): Laravel\\Lumen\\Routing\\Pipeline->Laravel\\Lumen\\Routing\\{closure}(Object(Laravel\\Lumen\\Http\\Request))
#24 /var/www/html/vendor/illuminate/pipeline/Pipeline.php(180): App\\Middleware\\CrossMiddleware->handle(Object(Laravel\\Lumen\\Http\\Request), Object(Closure))
#25 /var/www/html/vendor/laravel/lumen-framework/src/Routing/Pipeline.php(30): Illuminate\\Pipeline\\Pipeline->Illuminate\\Pipeline\\{closure}(Object(Laravel\\Lumen\\Http\\Request))
#26 /var/www/html/vendor/illuminate/pipeline/Pipeline.php(116): Laravel\\Lumen\\Routing\\Pipeline->Laravel\\Lumen\\Routing\\{closure}(Object(Laravel\\Lumen\\Http\\Request))
#27 /var/www/html/vendor/laravel/lumen-framework/src/Concerns/RoutesRequests.php(428): Illuminate\\Pipeline\\Pipeline->then(Object(Closure))
#28 /var/www/html/vendor/laravel/lumen-framework/src/Concerns/RoutesRequests.php(177): Laravel\\Lumen\\Application->sendThroughPipeline(Array, Object(Closure))
#29 /var/www/html/vendor/laravel/lumen-framework/src/Concerns/RoutesRequests.php(112): Laravel\\Lumen\\Application->dispatch(NULL)
#30 /var/www/html/public/index.php(28): Laravel\\Lumen\\Application->run()
#31 {main}
"} 
[2026-09-23 10:48:39] production.ERROR: 退单不存在 {"exception":"[object] (App\\Exceptions\\ErrorException(code: 200): 退单不存在 at /var/www/html/modules/Trade/Services/OrderReturnService.php:321)
[stacktrace]
#0 /var/www/html/modules/Trade/Http/Controllers/Manage/OrderReturnController.php(68): Modules\\Trade\\Services\\OrderReturnService->editReturn(Object(Laravel\\Lumen\\Http\\Request))
#1 /var/www/html/vendor/illuminate/container/BoundMethod.php(36): Modules\\Trade\\Http\\Controllers\\Manage\\OrderReturnController->edit(Object(Laravel\\Lumen\\Http\\Request))
#2 /var/www/html/vendor/illuminate/container/Util.php(41): Illuminate\\Container\\BoundMethod::Illuminate\\Container\\{closure}()
#3 /var/www/html/vendor/illuminate/container/BoundMethod.php(93): Illuminate\\Container\\Util::unwrapIfClosure(Object(Closure))
#4 /var/www/html/vendor/illuminate/container/BoundMethod.php(37): Illuminate\\Container\\BoundMethod::callBoundMethod(Object(Laravel\\Lumen\\Application), Array, Object(Closure))
#5 /var/www/html/vendor/illuminate/container/Container.php(661): Illuminate\\Container\\BoundMethod::call(Object(Laravel\\Lumen\\Application), Array, Array, NULL)
#6 /var/www/html/vendor/laravel/lumen-framework/src/Concerns/RoutesRequests.php(391): Illuminate\\Container\\Container->call(Array, Array)
#7 /var/www/html/vendor/laravel/lumen-framework/src/Concerns/RoutesRequests.php(357): Laravel\\Lumen\\Application->callControllerCallable(Array, Array)
#8 /var/www/html/vendor/laravel/lumen-framework/src/Concerns/RoutesRequests.php(331): Laravel\\Lumen\\Application->callLumenController(Object(Modules\\Trade\\Http\\Controllers\\Manage\\OrderReturnController), 'edit', Array)
#9 /var/www/html/vendor/laravel/lumen-framework/src/Concerns/RoutesRequests.php(284): Laravel\\Lumen\\Application->callControllerAction(Array)
#10 /var/www/html/vendor/laravel/lumen-framework/src/Concerns/RoutesRequests.php(264): Laravel\\Lumen\\Application->callActionOnArrayBasedRoute(Array)
#11 /var/www/html/vendor/laravel/lumen-framework/src/Routing/Pipeline.php(48): Laravel\\Lumen\\Application->Laravel\\Lumen\\Concerns\\{closure}(Object(Laravel\\Lumen\\Http\\Request))
#12 /var/www/html/app/Middleware/AdminAuthenticate.php(43): Laravel\\Lumen\\Routing\\Pipeline->Laravel\\Lumen\\Routing\\{closure}(Object(Laravel\\Lumen\\Http\\Request))
#13 /var/www/html/vendor/illuminate/pipeline/Pipeline.php(180): App\\Middleware\\AdminAuthenticate->handle(Object(Laravel\\Lumen\\Http\\Request), Object(Closure))
#14 /var/www/html/vendor/laravel/lumen-framework/src/Routing/Pipeline.php(30): Illuminate\\Pipeline\\Pipeline->Illuminate\\Pipeline\\{closure}(Object(Laravel\\Lumen\\Http\\Request))
#15 /var/www/html/app/Middleware/Authenticate.php(45): Laravel\\Lumen\\Routing\\Pipeline->Laravel\\Lumen\\Routing\\{closure}(Object(Laravel\\Lumen\\Http\\Request))
#16 /var/www/html/vendor/illuminate/pipeline/Pipeline.php(180): App\\Middleware\\Authenticate->handle(Object(Laravel\\Lumen\\Http\\Request), Object(Closure))
#17 /var/www/html/vendor/laravel/lumen-framework/src/Routing/Pipeline.php(30): Illuminate\\Pipeline\\Pipeline->Illuminate\\Pipeline\\{closure}(Object(Laravel\\Lumen\\Http\\Request))
#18 /var/www/html/vendor/illuminate/pipeline/Pipeline.php(116): Laravel\\Lumen\\Routing\\Pipeline->Laravel\\Lumen\\Routing\\{closure}(Object(Laravel\\Lumen\\Http\\Request))
#19 /var/www/html/vendor/laravel/lumen-framework/src/Concerns/RoutesRequests.php(428): Illuminate\\Pipeline\\Pipeline->then(Object(Closure))
#20 /var/www/html/vendor/laravel/lumen-framework/src/Concerns/RoutesRequests.php(265): Laravel\\Lumen\\Application->sendThroughPipeline(Array, Object(Closure))
#21 /var/www/html/vendor/laravel/lumen-framework/src/Concerns/RoutesRequests.php(171): Laravel\\Lumen\\Application->handleFoundRoute(Array)
#22 /var/www/html/vendor/laravel/lumen-framework/src/Routing/Pipeline.php(48): Laravel\\Lumen\\Application->Laravel\\Lumen\\Concerns\\{closure}(Object(Laravel\\Lumen\\Http\\Request))
#23 /var/www/html/app/Middleware/CrossMiddleware.php(48): Laravel\\Lumen\\Routing\\Pipeline->Laravel\\Lumen\\Routing\\{closure}(Object(Laravel\\Lumen\\Http\\Request))
#24 /var/www/html/vendor/illuminate/pipeline/Pipeline.php(180): App\\Middleware\\CrossMiddleware->handle(Object(Laravel\\Lumen\\Http\\Request), Object(Closure))
#25 /var/www/html/vendor/laravel/lumen-framework/src/Routing/Pipeline.php(30): Illuminate\\Pipeline\\Pipeline->Illuminate\\Pipeline\\{closure}(Object(Laravel\\Lumen\\Http\\Request))
#26 /var/www/html/vendor/illuminate/pipeline/Pipeline.php(116): Laravel\\Lumen\\Routing\\Pipeline->Laravel\\Lumen\\Routing\\{closure}(Object(Laravel\\Lumen\\Http\\Request))
#27 /var/www/html/vendor/laravel/lumen-framework/src/Concerns/RoutesRequests.php(428): Illuminate\\Pipeline\\Pipeline->then(Object(Closure))
#28 /var/www/html/vendor/laravel/lumen-framework/src/Concerns/RoutesRequests.php(177): Laravel\\Lumen\\Application->sendThroughPipeline(Array, Object(Closure))
#29 /var/www/html/vendor/laravel/lumen-framework/src/Concerns/RoutesRequests.php(112): Laravel\\Lumen\\Application->dispatch(NULL)
#30 /var/www/html/public/index.php(28): Laravel\\Lumen\\Application->run()
#31 {main}
"} 
[2026-09-23 10:48:39] production.ERROR: 请选择要删除的数据 {"exception":"[object] (App\\Exceptions\\ErrorException(code: 200): 请选择要删除的数据 at /var/www/html/modules/Trade/Services/OrderReturnReasonService.php:46)
[stacktrace]
#0 /var/www/html/modules/Trade/Http/Controllers/Manage/OrderReturnReasonController.php(75): Modules\\Trade\\Services\\OrderReturnReasonService->remove(NULL)
#1 /var/www/html/vendor/illuminate/container/BoundMethod.php(36): Modules\\Trade\\Http\\Controllers\\Manage\\OrderReturnReasonController->remove(Object(Laravel\\Lumen\\Http\\Request))
#2 /var/www/html/vendor/illuminate/container/Util.php(41): Illuminate\\Container\\BoundMethod::Illuminate\\Container\\{closure}()
#3 /var/www/html/vendor/illuminate/container/BoundMethod.php(93): Illuminate\\Container\\Util::unwrapIfClosure(Object(Closure))
#4 /var/www/html/vendor/illuminate/container/BoundMethod.php(37): Illuminate\\Container\\BoundMethod::callBoundMethod(Object(Laravel\\Lumen\\Application), Array, Object(Closure))
#5 /var/www/html/vendor/illuminate/container/Container.php(661): Illuminate\\Container\\BoundMethod::call(Object(Laravel\\Lumen\\Application), Array, Array, NULL)
#6 /var/www/html/vendor/laravel/lumen-framework/src/Concerns/RoutesRequests.php(391): Illuminate\\Container\\Container->call(Array, Array)
#7 /var/www/html/vendor/laravel/lumen-framework/src/Concerns/RoutesRequests.php(357): Laravel\\Lumen\\Application->callControllerCallable(Array, Array)
#8 /var/www/html/vendor/laravel/lumen-framework/src/Concerns/RoutesRequests.php(331): Laravel\\Lumen\\Application->callLumenController(Object(Modules\\Trade\\Http\\Controllers\\Manage\\OrderReturnReasonController), 'remove', Array)
#9 /var/www/html/vendor/laravel/lumen-framework/src/Concerns/RoutesRequests.php(284): Laravel\\Lumen\\Application->callControllerAction(Array)
#10 /var/www/html/vendor/laravel/lumen-framework/src/Concerns/RoutesRequests.php(264): Laravel\\Lumen\\Application->callActionOnArrayBasedRoute(Array)
#11 /var/www/html/vendor/laravel/lumen-framework/src/Routing/Pipeline.php(48): Laravel\\Lumen\\Application->Laravel\\Lumen\\Concerns\\{closure}(Object(Laravel\\Lumen\\Http\\Request))
#12 /var/www/html/app/Middleware/AdminAuthenticate.php(43): Laravel\\Lumen\\Routing\\Pipeline->Laravel\\Lumen\\Routing\\{closure}(Object(Laravel\\Lumen\\Http\\Request))
#13 /var/www/html/vendor/illuminate/pipeline/Pipeline.php(180): App\\Middleware\\AdminAuthenticate->handle(Object(Laravel\\Lumen\\Http\\Request), Object(Closure))
#14 /var/www/html/vendor/laravel/lumen-framework/src/Routing/Pipeline.php(30): Illuminate\\Pipeline\\Pipeline->Illuminate\\Pipeline\\{closure}(Object(Laravel\\Lumen\\Http\\Request))
#15 /var/www/html/app/Middleware/Authenticate.php(45): Laravel\\Lumen\\Routing\\Pipeline->Laravel\\Lumen\\Routing\\{closure}(Object(Laravel\\Lumen\\Http\\Request))
#16 /var/www/html/vendor/illuminate/pipeline/Pipeline.php(180): App\\Middleware\\Authenticate->handle(Object(Laravel\\Lumen\\Http\\Request), Object(Closure))
#17 /var/www/html/vendor/laravel/lumen-framework/src/Routing/Pipeline.php(30): Illuminate\\Pipeline\\Pipeline->Illuminate\\Pipeline\\{closure}(Object(Laravel\\Lumen\\Http\\Request))
#18 /var/www/html/vendor/illuminate/pipeline/Pipeline.php(116): Laravel\\Lumen\\Routing\\Pipeline->Laravel\\Lumen\\Routing\\{closure}(Object(Laravel\\Lumen\\Http\\Request))
#19 /var/www/html/vendor/laravel/lumen-framework/src/Concerns/RoutesRequests.php(428): Illuminate\\Pipeline\\Pipeline->then(Object(Closure))
#20 /var/www/html/vendor/laravel/lumen-framework/src/Concerns/RoutesRequests.php(265): Laravel\\Lumen\\Application->sendThroughPipeline(Array, Object(Closure))
#21 /var/www/html/vendor/laravel/lumen-framework/src/Concerns/RoutesRequests.php(171): Laravel\\Lumen\\Application->handleFoundRoute(Array)
#22 /var/www/html/vendor/laravel/lumen-framework/src/Routing/Pipeline.php(48): Laravel\\Lumen\\Application->Laravel\\Lumen\\Concerns\\{closure}(Object(Laravel\\Lumen\\Http\\Request))
#23 /var/www/html/app/Middleware/CrossMiddleware.php(48): Laravel\\Lumen\\Routing\\Pipeline->Laravel\\Lumen\\Routing\\{closure}(Object(Laravel\\Lumen\\Http\\Request))
#24 /var/www/html/vendor/illuminate/pipeline/Pipeline.php(180): App\\Middleware\\CrossMiddleware->handle(Object(Laravel\\Lumen\\Http\\Request), Object(Closure))
#25 /var/www/html/vendor/laravel/lumen-framework/src/Routing/Pipeline.php(30): Illuminate\\Pipeline\\Pipeline->Illuminate\\Pipeline\\{closure}(Object(Laravel\\Lumen\\Http\\Request))
#26 /var/www/html/vendor/illuminate/pipeline/Pipeline.php(116): Laravel\\Lumen\\Routing\\Pipeline->Laravel\\Lumen\\Routing\\{closure}(Object(Laravel\\Lumen\\Http\\Request))
#27 /var/www/html/vendor/laravel/lumen-framework/src/Concerns/RoutesRequests.php(428): Illuminate\\Pipeline\\Pipeline->then(Object(Closure))
#28 /var/www/html/vendor/laravel/lumen-framework/src/Concerns/RoutesRequests.php(177): Laravel\\Lumen\\Application->sendThroughPipeline(Array, Object(Closure))
#29 /var/www/html/vendor/laravel/lumen-framework/src/Concerns/RoutesRequests.php(112): Laravel\\Lumen\\Application->dispatch(NULL)
#30 /var/www/html/public/index.php(28): Laravel\\Lumen\\Application->run()
#31 {main}
"} 
[2026-09-23 10:48:44] production.ERROR: 请选择要删除的数据 {"exception":"[object] (App\\Exceptions\\ErrorException(code: 200): 请选择要删除的数据 at /var/www/html/modules/Sys/Services/DistrictBaseService.php:133)
[stacktrace]
#0 /var/www/html/modules/Sys/Http/Controllers/Manage/DistrictBaseController.php(97): Modules\\Sys\\Services\\DistrictBaseService->removeBatch(Object(Laravel\\Lumen\\Http\\Request))
#1 /var/www/html/vendor/illuminate/container/BoundMethod.php(36): Modules\\Sys\\Http\\Controllers\\Manage\\DistrictBaseController->removeBatch(Object(Laravel\\Lumen\\Http\\Request))
#2 /var/www/html/vendor/illuminate/container/Util.php(41): Illuminate\\Container\\BoundMethod::Illuminate\\Container\\{closure}()
#3 /var/www/html/vendor/illuminate/container/BoundMethod.php(93): Illuminate\\Container\\Util::unwrapIfClosure(Object(Closure))
#4 /var/www/html/vendor/illuminate/container/BoundMethod.php(37): Illuminate\\Container\\BoundMethod::callBoundMethod(Object(Laravel\\Lumen\\Application), Array, Object(Closure))
#5 /var/www/html/vendor/illuminate/container/Container.php(661): Illuminate\\Container\\BoundMethod::call(Object(Laravel\\Lumen\\Application), Array, Array, NULL)
#6 /var/www/html/vendor/laravel/lumen-framework/src/Concerns/RoutesRequests.php(391): Illuminate\\Container\\Container->call(Array, Array)
#7 /var/www/html/vendor/laravel/lumen-framework/src/Concerns/RoutesRequests.php(357): Laravel\\Lumen\\Application->callControllerCallable(Array, Array)
#8 /var/www/html/vendor/laravel/lumen-framework/src/Concerns/RoutesRequests.php(331): Laravel\\Lumen\\Application->callLumenController(Object(Modules\\Sys\\Http\\Controllers\\Manage\\DistrictBaseController), 'removeBatch', Array)
#9 /var/www/html/vendor/laravel/lumen-framework/src/Concerns/RoutesRequests.php(284): Laravel\\Lumen\\Application->callControllerAction(Array)
#10 /var/www/html/vendor/laravel/lumen-framework/src/Concerns/RoutesRequests.php(264): Laravel\\Lumen\\Application->callActionOnArrayBasedRoute(Array)
#11 /var/www/html/vendor/laravel/lumen-framework/src/Routing/Pipeline.php(48): Laravel\\Lumen\\Application->Laravel\\Lumen\\Concerns\\{closure}(Object(Laravel\\Lumen\\Http\\Request))
#12 /var/www/html/app/Middleware/AdminAuthenticate.php(43): Laravel\\Lumen\\Routing\\Pipeline->Laravel\\Lumen\\Routing\\{closure}(Object(Laravel\\Lumen\\Http\\Request))
#13 /var/www/html/vendor/illuminate/pipeline/Pipeline.php(180): App\\Middleware\\AdminAuthenticate->handle(Object(Laravel\\Lumen\\Http\\Request), Object(Closure))
#14 /var/www/html/vendor/laravel/lumen-framework/src/Routing/Pipeline.php(30): Illuminate\\Pipeline\\Pipeline->Illuminate\\Pipeline\\{closure}(Object(Laravel\\Lumen\\Http\\Request))
#15 /var/www/html/app/Middleware/Authenticate.php(45): Laravel\\Lumen\\Routing\\Pipeline->Laravel\\Lumen\\Routing\\{closure}(Object(Laravel\\Lumen\\Http\\Request))
#16 /var/www/html/vendor/illuminate/pipeline/Pipeline.php(180): App\\Middleware\\Authenticate->handle(Object(Laravel\\Lumen\\Http\\Request), Object(Closure))
#17 /var/www/html/vendor/laravel/lumen-framework/src/Routing/Pipeline.php(30): Illuminate\\Pipeline\\Pipeline->Illuminate\\Pipeline\\{closure}(Object(Laravel\\Lumen\\Http\\Request))
#18 /var/www/html/vendor/illuminate/pipeline/Pipeline.php(116): Laravel\\Lumen\\Routing\\Pipeline->Laravel\\Lumen\\Routing\\{closure}(Object(Laravel\\Lumen\\Http\\Request))
#19 /var/www/html/vendor/laravel/lumen-framework/src/Concerns/RoutesRequests.php(428): Illuminate\\Pipeline\\Pipeline->then(Object(Closure))
#20 /var/www/html/vendor/laravel/lumen-framework/src/Concerns/RoutesRequests.php(265): Laravel\\Lumen\\Application->sendThroughPipeline(Array, Object(Closure))
#21 /var/www/html/vendor/laravel/lumen-framework/src/Concerns/RoutesRequests.php(171): Laravel\\Lumen\\Application->handleFoundRoute(Array)
#22 /var/www/html/vendor/laravel/lumen-framework/src/Routing/Pipeline.php(48): Laravel\\Lumen\\Application->Laravel\\Lumen\\Concerns\\{closure}(Object(Laravel\\Lumen\\Http\\Request))
#23 /var/www/html/app/Middleware/CrossMiddleware.php(48): Laravel\\Lumen\\Routing\\Pipeline->Laravel\\Lumen\\Routing\\{closure}(Object(Laravel\\Lumen\\Http\\Request))
#24 /var/www/html/vendor/illuminate/pipeline/Pipeline.php(180): App\\Middleware\\CrossMiddleware->handle(Object(Laravel\\Lumen\\Http\\Request), Object(Closure))
#25 /var/www/html/vendor/laravel/lumen-framework/src/Routing/Pipeline.php(30): Illuminate\\Pipeline\\Pipeline->Illuminate\\Pipeline\\{closure}(Object(Laravel\\Lumen\\Http\\Request))
#26 /var/www/html/vendor/illuminate/pipeline/Pipeline.php(116): Laravel\\Lumen\\Routing\\Pipeline->Laravel\\Lumen\\Routing\\{closure}(Object(Laravel\\Lumen\\Http\\Request))
#27 /var/www/html/vendor/laravel/lumen-framework/src/Concerns/RoutesRequests.php(428): Illuminate\\Pipeline\\Pipeline->then(Object(Closure))
#28 /var/www/html/vendor/laravel/lumen-framework/src/Concerns/RoutesRequests.php(177): Laravel\\Lumen\\Application->sendThroughPipeline(Array, Object(Closure))
#29 /var/www/html/vendor/laravel/lumen-framework/src/Concerns/RoutesRequests.php(112): Laravel\\Lumen\\Application->dispatch(NULL)
#30 /var/www/html/public/index.php(28): Laravel\\Lumen\\Application->run()
#31 {main}
"} 
[2026-09-23 10:48:44] production.ERROR: 请输入任务名称 {"exception":"[object] (App\\Exceptions\\ErrorException(code: 200): 请输入任务名称 at /var/www/html/modules/Sys/Services/CrontabBaseService.php:46)
[stacktrace]
#0 /var/www/html/modules/Sys/Http/Controllers/Manage/CrontabBaseController.php(42): Modules\\Sys\\Services\\CrontabBaseService->addCrontab(Object(Laravel\\Lumen\\Http\\Request))
#1 /var/www/html/vendor/illuminate/container/BoundMethod.php(36): Modules\\Sys\\Http\\Controllers\\Manage\\CrontabBaseController->add(Object(Laravel\\Lumen\\Http\\Request))
#2 /var/www/html/vendor/illuminate/container/Util.php(41): Illuminate\\Container\\BoundMethod::Illuminate\\Container\\{closure}()
#3 /var/www/html/vendor/illuminate/container/BoundMethod.php(93): Illuminate\\Container\\Util::unwrapIfClosure(Object(Closure))
#4 /var/www/html/vendor/illuminate/container/BoundMethod.php(37): Illuminate\\Container\\BoundMethod::callBoundMethod(Object(Laravel\\Lumen\\Application), Array, Object(Closure))
#5 /var/www/html/vendor/illuminate/container/Container.php(661): Illuminate\\Container\\BoundMethod::call(Object(Laravel\\Lumen\\Application), Array, Array, NULL)
#6 /var/www/html/vendor/laravel/lumen-framework/src/Concerns/RoutesRequests.php(391): Illuminate\\Container\\Container->call(Array, Array)
#7 /var/www/html/vendor/laravel/lumen-framework/src/Concerns/RoutesRequests.php(357): Laravel\\Lumen\\Application->callControllerCallable(Array, Array)
#8 /var/www/html/vendor/laravel/lumen-framework/src/Concerns/RoutesRequests.php(331): Laravel\\Lumen\\Application->callLumenController(Object(Modules\\Sys\\Http\\Controllers\\Manage\\CrontabBaseController), 'add', Array)
#9 /var/www/html/vendor/laravel/lumen-framework/src/Concerns/RoutesRequests.php(284): Laravel\\Lumen\\Application->callControllerAction(Array)
#10 /var/www/html/vendor/laravel/lumen-framework/src/Concerns/RoutesRequests.php(264): Laravel\\Lumen\\Application->callActionOnArrayBasedRoute(Array)
#11 /var/www/html/vendor/laravel/lumen-framework/src/Routing/Pipeline.php(48): Laravel\\Lumen\\Application->Laravel\\Lumen\\Concerns\\{closure}(Object(Laravel\\Lumen\\Http\\Request))
#12 /var/www/html/app/Middleware/AdminAuthenticate.php(43): Laravel\\Lumen\\Routing\\Pipeline->Laravel\\Lumen\\Routing\\{closure}(Object(Laravel\\Lumen\\Http\\Request))
#13 /var/www/html/vendor/illuminate/pipeline/Pipeline.php(180): App\\Middleware\\AdminAuthenticate->handle(Object(Laravel\\Lumen\\Http\\Request), Object(Closure))
#14 /var/www/html/vendor/laravel/lumen-framework/src/Routing/Pipeline.php(30): Illuminate\\Pipeline\\Pipeline->Illuminate\\Pipeline\\{closure}(Object(Laravel\\Lumen\\Http\\Request))
#15 /var/www/html/app/Middleware/Authenticate.php(45): Laravel\\Lumen\\Routing\\Pipeline->Laravel\\Lumen\\Routing\\{closure}(Object(Laravel\\Lumen\\Http\\Request))
#16 /var/www/html/vendor/illuminate/pipeline/Pipeline.php(180): App\\Middleware\\Authenticate->handle(Object(Laravel\\Lumen\\Http\\Request), Object(Closure))
#17 /var/www/html/vendor/laravel/lumen-framework/src/Routing/Pipeline.php(30): Illuminate\\Pipeline\\Pipeline->Illuminate\\Pipeline\\{closure}(Object(Laravel\\Lumen\\Http\\Request))
#18 /var/www/html/vendor/illuminate/pipeline/Pipeline.php(116): Laravel\\Lumen\\Routing\\Pipeline->Laravel\\Lumen\\Routing\\{closure}(Object(Laravel\\Lumen\\Http\\Request))
#19 /var/www/html/vendor/laravel/lumen-framework/src/Concerns/RoutesRequests.php(428): Illuminate\\Pipeline\\Pipeline->then(Object(Closure))
#20 /var/www/html/vendor/laravel/lumen-framework/src/Concerns/RoutesRequests.php(265): Laravel\\Lumen\\Application->sendThroughPipeline(Array, Object(Closure))
#21 /var/www/html/vendor/laravel/lumen-framework/src/Concerns/RoutesRequests.php(171): Laravel\\Lumen\\Application->handleFoundRoute(Array)
#22 /var/www/html/vendor/laravel/lumen-framework/src/Routing/Pipeline.php(48): Laravel\\Lumen\\Application->Laravel\\Lumen\\Concerns\\{closure}(Object(Laravel\\Lumen\\Http\\Request))
#23 /var/www/html/app/Middleware/CrossMiddleware.php(48): Laravel\\Lumen\\Routing\\Pipeline->Laravel\\Lumen\\Routing\\{closure}(Object(Laravel\\Lumen\\Http\\Request))
#24 /var/www/html/vendor/illuminate/pipeline/Pipeline.php(180): App\\Middleware\\CrossMiddleware->handle(Object(Laravel\\Lumen\\Http\\Request), Object(Closure))
#25 /var/www/html/vendor/laravel/lumen-framework/src/Routing/Pipeline.php(30): Illuminate\\Pipeline\\Pipeline->Illuminate\\Pipeline\\{closure}(Object(Laravel\\Lumen\\Http\\Request))
#26 /var/www/html/vendor/illuminate/pipeline/Pipeline.php(116): Laravel\\Lumen\\Routing\\Pipeline->Laravel\\Lumen\\Routing\\{closure}(Object(Laravel\\Lumen\\Http\\Request))
#27 /var/www/html/vendor/laravel/lumen-framework/src/Concerns/RoutesRequests.php(428): Illuminate\\Pipeline\\Pipeline->then(Object(Closure))
#28 /var/www/html/vendor/laravel/lumen-framework/src/Concerns/RoutesRequests.php(177): Laravel\\Lumen\\Application->sendThroughPipeline(Array, Object(Closure))
#29 /var/www/html/vendor/laravel/lumen-framework/src/Concerns/RoutesRequests.php(112): Laravel\\Lumen\\Application->dispatch(NULL)
#30 /var/www/html/public/index.php(28): Laravel\\Lumen\\Application->run()
#31 {main}
"} 
[2026-09-23 10:48:44] production.ERROR: 请选择要删除的数据 {"exception":"[object] (App\\Exceptions\\ErrorException(code: 200): 请选择要删除的数据 at /var/www/html/modules/Sys/Services/CrontabBaseService.php:113)
[stacktrace]
#0 /var/www/html/modules/Sys/Http/Controllers/Manage/CrontabBaseController.php(54): Modules\\Sys\\Services\\CrontabBaseService->removeCrontab(Object(Laravel\\Lumen\\Http\\Request))
#1 /var/www/html/vendor/illuminate/container/BoundMethod.php(36): Modules\\Sys\\Http\\Controllers\\Manage\\CrontabBaseController->remove(Object(Laravel\\Lumen\\Http\\Request))
#2 /var/www/html/vendor/illuminate/container/Util.php(41): Illuminate\\Container\\BoundMethod::Illuminate\\Container\\{closure}()
#3 /var/www/html/vendor/illuminate/container/BoundMethod.php(93): Illuminate\\Container\\Util::unwrapIfClosure(Object(Closure))
#4 /var/www/html/vendor/illuminate/container/BoundMethod.php(37): Illuminate\\Container\\BoundMethod::callBoundMethod(Object(Laravel\\Lumen\\Application), Array, Object(Closure))
#5 /var/www/html/vendor/illuminate/container/Container.php(661): Illuminate\\Container\\BoundMethod::call(Object(Laravel\\Lumen\\Application), Array, Array, NULL)
#6 /var/www/html/vendor/laravel/lumen-framework/src/Concerns/RoutesRequests.php(391): Illuminate\\Container\\Container->call(Array, Array)
#7 /var/www/html/vendor/laravel/lumen-framework/src/Concerns/RoutesRequests.php(357): Laravel\\Lumen\\Application->callControllerCallable(Array, Array)
#8 /var/www/html/vendor/laravel/lumen-framework/src/Concerns/RoutesRequests.php(331): Laravel\\Lumen\\Application->callLumenController(Object(Modules\\Sys\\Http\\Controllers\\Manage\\CrontabBaseController), 'remove', Array)
#9 /var/www/html/vendor/laravel/lumen-framework/src/Concerns/RoutesRequests.php(284): Laravel\\Lumen\\Application->callControllerAction(Array)
#10 /var/www/html/vendor/laravel/lumen-framework/src/Concerns/RoutesRequests.php(264): Laravel\\Lumen\\Application->callActionOnArrayBasedRoute(Array)
#11 /var/www/html/vendor/laravel/lumen-framework/src/Routing/Pipeline.php(48): Laravel\\Lumen\\Application->Laravel\\Lumen\\Concerns\\{closure}(Object(Laravel\\Lumen\\Http\\Request))
#12 /var/www/html/app/Middleware/AdminAuthenticate.php(43): Laravel\\Lumen\\Routing\\Pipeline->Laravel\\Lumen\\Routing\\{closure}(Object(Laravel\\Lumen\\Http\\Request))
#13 /var/www/html/vendor/illuminate/pipeline/Pipeline.php(180): App\\Middleware\\AdminAuthenticate->handle(Object(Laravel\\Lumen\\Http\\Request), Object(Closure))
#14 /var/www/html/vendor/laravel/lumen-framework/src/Routing/Pipeline.php(30): Illuminate\\Pipeline\\Pipeline->Illuminate\\Pipeline\\{closure}(Object(Laravel\\Lumen\\Http\\Request))
#15 /var/www/html/app/Middleware/Authenticate.php(45): Laravel\\Lumen\\Routing\\Pipeline->Laravel\\Lumen\\Routing\\{closure}(Object(Laravel\\Lumen\\Http\\Request))
#16 /var/www/html/vendor/illuminate/pipeline/Pipeline.php(180): App\\Middleware\\Authenticate->handle(Object(Laravel\\Lumen\\Http\\Request), Object(Closure))
#17 /var/www/html/vendor/laravel/lumen-framework/src/Routing/Pipeline.php(30): Illuminate\\Pipeline\\Pipeline->Illuminate\\Pipeline\\{closure}(Object(Laravel\\Lumen\\Http\\Request))
#18 /var/www/html/vendor/illuminate/pipeline/Pipeline.php(116): Laravel\\Lumen\\Routing\\Pipeline->Laravel\\Lumen\\Routing\\{closure}(Object(Laravel\\Lumen\\Http\\Request))
#19 /var/www/html/vendor/laravel/lumen-framework/src/Concerns/RoutesRequests.php(428): Illuminate\\Pipeline\\Pipeline->then(Object(Closure))
#20 /var/www/html/vendor/laravel/lumen-framework/src/Concerns/RoutesRequests.php(265): Laravel\\Lumen\\Application->sendThroughPipeline(Array, Object(Closure))
#21 /var/www/html/vendor/laravel/lumen-framework/src/Concerns/RoutesRequests.php(171): Laravel\\Lumen\\Application->handleFoundRoute(Array)
#22 /var/www/html/vendor/laravel/lumen-framework/src/Routing/Pipeline.php(48): Laravel\\Lumen\\Application->Laravel\\Lumen\\Concerns\\{closure}(Object(Laravel\\Lumen\\Http\\Request))
#23 /var/www/html/app/Middleware/CrossMiddleware.php(48): Laravel\\Lumen\\Routing\\Pipeline->Laravel\\Lumen\\Routing\\{closure}(Object(Laravel\\Lumen\\Http\\Request))
#24 /var/www/html/vendor/illuminate/pipeline/Pipeline.php(180): App\\Middleware\\CrossMiddleware->handle(Object(Laravel\\Lumen\\Http\\Request), Object(Closure))
#25 /var/www/html/vendor/laravel/lumen-framework/src/Routing/Pipeline.php(30): Illuminate\\Pipeline\\Pipeline->Illuminate\\Pipeline\\{closure}(Object(Laravel\\Lumen\\Http\\Request))
#26 /var/www/html/vendor/illuminate/pipeline/Pipeline.php(116): Laravel\\Lumen\\Routing\\Pipeline->Laravel\\Lumen\\Routing\\{closure}(Object(Laravel\\Lumen\\Http\\Request))
#27 /var/www/html/vendor/laravel/lumen-framework/src/Concerns/RoutesRequests.php(428): Illuminate\\Pipeline\\Pipeline->then(Object(Closure))
#28 /var/www/html/vendor/laravel/lumen-framework/src/Concerns/RoutesRequests.php(177): Laravel\\Lumen\\Application->sendThroughPipeline(Array, Object(Closure))
#29 /var/www/html/vendor/laravel/lumen-framework/src/Concerns/RoutesRequests.php(112): Laravel\\Lumen\\Application->dispatch(NULL)
#30 /var/www/html/public/index.php(28): Laravel\\Lumen\\Application->run()
#31 {main}
"} 
[2026-09-23 10:48:44] production.ERROR: 请选择反馈会员 {"exception":"[object] (App\\Exceptions\\ErrorException(code: 200): 请选择反馈会员 at /var/www/html/modules/Sys/Services/FeedbackBaseService.php:62)
[stacktrace]
#0 /var/www/html/modules/Sys/Http/Controllers/Manage/FeedbackBaseController.php(42): Modules\\Sys\\Services\\FeedbackBaseService->addFeedback(Object(Laravel\\Lumen\\Http\\Request))
#1 /var/www/html/vendor/illuminate/container/BoundMethod.php(36): Modules\\Sys\\Http\\Controllers\\Manage\\FeedbackBaseController->add(Object(Laravel\\Lumen\\Http\\Request))
#2 /var/www/html/vendor/illuminate/container/Util.php(41): Illuminate\\Container\\BoundMethod::Illuminate\\Container\\{closure}()
#3 /var/www/html/vendor/illuminate/container/BoundMethod.php(93): Illuminate\\Container\\Util::unwrapIfClosure(Object(Closure))
#4 /var/www/html/vendor/illuminate/container/BoundMethod.php(37): Illuminate\\Container\\BoundMethod::callBoundMethod(Object(Laravel\\Lumen\\Application), Array, Object(Closure))
#5 /var/www/html/vendor/illuminate/container/Container.php(661): Illuminate\\Container\\BoundMethod::call(Object(Laravel\\Lumen\\Application), Array, Array, NULL)
#6 /var/www/html/vendor/laravel/lumen-framework/src/Concerns/RoutesRequests.php(391): Illuminate\\Container\\Container->call(Array, Array)
#7 /var/www/html/vendor/laravel/lumen-framework/src/Concerns/RoutesRequests.php(357): Laravel\\Lumen\\Application->callControllerCallable(Array, Array)
#8 /var/www/html/vendor/laravel/lumen-framework/src/Concerns/RoutesRequests.php(331): Laravel\\Lumen\\Application->callLumenController(Object(Modules\\Sys\\Http\\Controllers\\Manage\\FeedbackBaseController), 'add', Array)
#9 /var/www/html/vendor/laravel/lumen-framework/src/Concerns/RoutesRequests.php(284): Laravel\\Lumen\\Application->callControllerAction(Array)
#10 /var/www/html/vendor/laravel/lumen-framework/src/Concerns/RoutesRequests.php(264): Laravel\\Lumen\\Application->callActionOnArrayBasedRoute(Array)
#11 /var/www/html/vendor/laravel/lumen-framework/src/Routing/Pipeline.php(48): Laravel\\Lumen\\Application->Laravel\\Lumen\\Concerns\\{closure}(Object(Laravel\\Lumen\\Http\\Request))
#12 /var/www/html/app/Middleware/AdminAuthenticate.php(43): Laravel\\Lumen\\Routing\\Pipeline->Laravel\\Lumen\\Routing\\{closure}(Object(Laravel\\Lumen\\Http\\Request))
#13 /var/www/html/vendor/illuminate/pipeline/Pipeline.php(180): App\\Middleware\\AdminAuthenticate->handle(Object(Laravel\\Lumen\\Http\\Request), Object(Closure))
#14 /var/www/html/vendor/laravel/lumen-framework/src/Routing/Pipeline.php(30): Illuminate\\Pipeline\\Pipeline->Illuminate\\Pipeline\\{closure}(Object(Laravel\\Lumen\\Http\\Request))
#15 /var/www/html/app/Middleware/Authenticate.php(45): Laravel\\Lumen\\Routing\\Pipeline->Laravel\\Lumen\\Routing\\{closure}(Object(Laravel\\Lumen\\Http\\Request))
#16 /var/www/html/vendor/illuminate/pipeline/Pipeline.php(180): App\\Middleware\\Authenticate->handle(Object(Laravel\\Lumen\\Http\\Request), Object(Closure))
#17 /var/www/html/vendor/laravel/lumen-framework/src/Routing/Pipeline.php(30): Illuminate\\Pipeline\\Pipeline->Illuminate\\Pipeline\\{closure}(Object(Laravel\\Lumen\\Http\\Request))
#18 /var/www/html/vendor/illuminate/pipeline/Pipeline.php(116): Laravel\\Lumen\\Routing\\Pipeline->Laravel\\Lumen\\Routing\\{closure}(Object(Laravel\\Lumen\\Http\\Request))
#19 /var/www/html/vendor/laravel/lumen-framework/src/Concerns/RoutesRequests.php(428): Illuminate\\Pipeline\\Pipeline->then(Object(Closure))
#20 /var/www/html/vendor/laravel/lumen-framework/src/Concerns/RoutesRequests.php(265): Laravel\\Lumen\\Application->sendThroughPipeline(Array, Object(Closure))
#21 /var/www/html/vendor/laravel/lumen-framework/src/Concerns/RoutesRequests.php(171): Laravel\\Lumen\\Application->handleFoundRoute(Array)
#22 /var/www/html/vendor/laravel/lumen-framework/src/Routing/Pipeline.php(48): Laravel\\Lumen\\Application->Laravel\\Lumen\\Concerns\\{closure}(Object(Laravel\\Lumen\\Http\\Request))
#23 /var/www/html/app/Middleware/CrossMiddleware.php(48): Laravel\\Lumen\\Routing\\Pipeline->Laravel\\Lumen\\Routing\\{closure}(Object(Laravel\\Lumen\\Http\\Request))
#24 /var/www/html/vendor/illuminate/pipeline/Pipeline.php(180): App\\Middleware\\CrossMiddleware->handle(Object(Laravel\\Lumen\\Http\\Request), Object(Closure))
#25 /var/www/html/vendor/laravel/lumen-framework/src/Routing/Pipeline.php(30): Illuminate\\Pipeline\\Pipeline->Illuminate\\Pipeline\\{closure}(Object(Laravel\\Lumen\\Http\\Request))
#26 /var/www/html/vendor/illuminate/pipeline/Pipeline.php(116): Laravel\\Lumen\\Routing\\Pipeline->Laravel\\Lumen\\Routing\\{closure}(Object(Laravel\\Lumen\\Http\\Request))
#27 /var/www/html/vendor/laravel/lumen-framework/src/Concerns/RoutesRequests.php(428): Illuminate\\Pipeline\\Pipeline->then(Object(Closure))
#28 /var/www/html/vendor/laravel/lumen-framework/src/Concerns/RoutesRequests.php(177): Laravel\\Lumen\\Application->sendThroughPipeline(Array, Object(Closure))
#29 /var/www/html/vendor/laravel/lumen-framework/src/Concerns/RoutesRequests.php(112): Laravel\\Lumen\\Application->dispatch(NULL)
#30 /var/www/html/public/index.php(28): Laravel\\Lumen\\Application->run()
#31 {main}
"} 
[2026-09-23 10:48:45] production.ERROR: 数据有误 {"exception":"[object] (App\\Exceptions\\ErrorException(code: 200): 数据有误 at /var/www/html/modules/Sys/Services/FeedbackBaseService.php:116)
[stacktrace]
#0 /var/www/html/modules/Sys/Http/Controllers/Manage/FeedbackBaseController.php(54): Modules\\Sys\\Services\\FeedbackBaseService->editFeedback(Object(Laravel\\Lumen\\Http\\Request))
#1 /var/www/html/vendor/illuminate/container/BoundMethod.php(36): Modules\\Sys\\Http\\Controllers\\Manage\\FeedbackBaseController->edit(Object(Laravel\\Lumen\\Http\\Request))
#2 /var/www/html/vendor/illuminate/container/Util.php(41): Illuminate\\Container\\BoundMethod::Illuminate\\Container\\{closure}()
#3 /var/www/html/vendor/illuminate/container/BoundMethod.php(93): Illuminate\\Container\\Util::unwrapIfClosure(Object(Closure))
#4 /var/www/html/vendor/illuminate/container/BoundMethod.php(37): Illuminate\\Container\\BoundMethod::callBoundMethod(Object(Laravel\\Lumen\\Application), Array, Object(Closure))
#5 /var/www/html/vendor/illuminate/container/Container.php(661): Illuminate\\Container\\BoundMethod::call(Object(Laravel\\Lumen\\Application), Array, Array, NULL)
#6 /var/www/html/vendor/laravel/lumen-framework/src/Concerns/RoutesRequests.php(391): Illuminate\\Container\\Container->call(Array, Array)
#7 /var/www/html/vendor/laravel/lumen-framework/src/Concerns/RoutesRequests.php(357): Laravel\\Lumen\\Application->callControllerCallable(Array, Array)
#8 /var/www/html/vendor/laravel/lumen-framework/src/Concerns/RoutesRequests.php(331): Laravel\\Lumen\\Application->callLumenController(Object(Modules\\Sys\\Http\\Controllers\\Manage\\FeedbackBaseController), 'edit', Array)
#9 /var/www/html/vendor/laravel/lumen-framework/src/Concerns/RoutesRequests.php(284): Laravel\\Lumen\\Application->callControllerAction(Array)
#10 /var/www/html/vendor/laravel/lumen-framework/src/Concerns/RoutesRequests.php(264): Laravel\\Lumen\\Application->callActionOnArrayBasedRoute(Array)
#11 /var/www/html/vendor/laravel/lumen-framework/src/Routing/Pipeline.php(48): Laravel\\Lumen\\Application->Laravel\\Lumen\\Concerns\\{closure}(Object(Laravel\\Lumen\\Http\\Request))
#12 /var/www/html/app/Middleware/AdminAuthenticate.php(43): Laravel\\Lumen\\Routing\\Pipeline->Laravel\\Lumen\\Routing\\{closure}(Object(Laravel\\Lumen\\Http\\Request))
#13 /var/www/html/vendor/illuminate/pipeline/Pipeline.php(180): App\\Middleware\\AdminAuthenticate->handle(Object(Laravel\\Lumen\\Http\\Request), Object(Closure))
#14 /var/www/html/vendor/laravel/lumen-framework/src/Routing/Pipeline.php(30): Illuminate\\Pipeline\\Pipeline->Illuminate\\Pipeline\\{closure}(Object(Laravel\\Lumen\\Http\\Request))
#15 /var/www/html/app/Middleware/Authenticate.php(45): Laravel\\Lumen\\Routing\\Pipeline->Laravel\\Lumen\\Routing\\{closure}(Object(Laravel\\Lumen\\Http\\Request))
#16 /var/www/html/vendor/illuminate/pipeline/Pipeline.php(180): App\\Middleware\\Authenticate->handle(Object(Laravel\\Lumen\\Http\\Request), Object(Closure))
#17 /var/www/html/vendor/laravel/lumen-framework/src/Routing/Pipeline.php(30): Illuminate\\Pipeline\\Pipeline->Illuminate\\Pipeline\\{closure}(Object(Laravel\\Lumen\\Http\\Request))
#18 /var/www/html/vendor/illuminate/pipeline/Pipeline.php(116): Laravel\\Lumen\\Routing\\Pipeline->Laravel\\Lumen\\Routing\\{closure}(Object(Laravel\\Lumen\\Http\\Request))
#19 /var/www/html/vendor/laravel/lumen-framework/src/Concerns/RoutesRequests.php(428): Illuminate\\Pipeline\\Pipeline->then(Object(Closure))
#20 /var/www/html/vendor/laravel/lumen-framework/src/Concerns/RoutesRequests.php(265): Laravel\\Lumen\\Application->sendThroughPipeline(Array, Object(Closure))
#21 /var/www/html/vendor/laravel/lumen-framework/src/Concerns/RoutesRequests.php(171): Laravel\\Lumen\\Application->handleFoundRoute(Array)
#22 /var/www/html/vendor/laravel/lumen-framework/src/Routing/Pipeline.php(48): Laravel\\Lumen\\Application->Laravel\\Lumen\\Concerns\\{closure}(Object(Laravel\\Lumen\\Http\\Request))
#23 /var/www/html/app/Middleware/CrossMiddleware.php(48): Laravel\\Lumen\\Routing\\Pipeline->Laravel\\Lumen\\Routing\\{closure}(Object(Laravel\\Lumen\\Http\\Request))
#24 /var/www/html/vendor/illuminate/pipeline/Pipeline.php(180): App\\Middleware\\CrossMiddleware->handle(Object(Laravel\\Lumen\\Http\\Request), Object(Closure))
#25 /var/www/html/vendor/laravel/lumen-framework/src/Routing/Pipeline.php(30): Illuminate\\Pipeline\\Pipeline->Illuminate\\Pipeline\\{closure}(Object(Laravel\\Lumen\\Http\\Request))
#26 /var/www/html/vendor/illuminate/pipeline/Pipeline.php(116): Laravel\\Lumen\\Routing\\Pipeline->Laravel\\Lumen\\Routing\\{closure}(Object(Laravel\\Lumen\\Http\\Request))
#27 /var/www/html/vendor/laravel/lumen-framework/src/Concerns/RoutesRequests.php(428): Illuminate\\Pipeline\\Pipeline->then(Object(Closure))
#28 /var/www/html/vendor/laravel/lumen-framework/src/Concerns/RoutesRequests.php(177): Laravel\\Lumen\\Application->sendThroughPipeline(Array, Object(Closure))
#29 /var/www/html/vendor/laravel/lumen-framework/src/Concerns/RoutesRequests.php(112): Laravel\\Lumen\\Application->dispatch(NULL)
#30 /var/www/html/public/index.php(28): Laravel\\Lumen\\Application->run()
#31 {main}
"} 
[2026-09-23 10:48:45] production.ERROR: 请选择要删除的数据 {"exception":"[object] (App\\Exceptions\\ErrorException(code: 200): 请选择要删除的数据 at /var/www/html/modules/Sys/Services/FeedbackBaseService.php:180)
[stacktrace]
#0 /var/www/html/modules/Sys/Http/Controllers/Manage/FeedbackBaseController.php(70): Modules\\Sys\\Services\\FeedbackBaseService->remove(NULL)
#1 /var/www/html/vendor/illuminate/container/BoundMethod.php(36): Modules\\Sys\\Http\\Controllers\\Manage\\FeedbackBaseController->remove(Object(Laravel\\Lumen\\Http\\Request))
#2 /var/www/html/vendor/illuminate/container/Util.php(41): Illuminate\\Container\\BoundMethod::Illuminate\\Container\\{closure}()
#3 /var/www/html/vendor/illuminate/container/BoundMethod.php(93): Illuminate\\Container\\Util::unwrapIfClosure(Object(Closure))
#4 /var/www/html/vendor/illuminate/container/BoundMethod.php(37): Illuminate\\Container\\BoundMethod::callBoundMethod(Object(Laravel\\Lumen\\Application), Array, Object(Closure))
#5 /var/www/html/vendor/illuminate/container/Container.php(661): Illuminate\\Container\\BoundMethod::call(Object(Laravel\\Lumen\\Application), Array, Array, NULL)
#6 /var/www/html/vendor/laravel/lumen-framework/src/Concerns/RoutesRequests.php(391): Illuminate\\Container\\Container->call(Array, Array)
#7 /var/www/html/vendor/laravel/lumen-framework/src/Concerns/RoutesRequests.php(357): Laravel\\Lumen\\Application->callControllerCallable(Array, Array)
#8 /var/www/html/vendor/laravel/lumen-framework/src/Concerns/RoutesRequests.php(331): Laravel\\Lumen\\Application->callLumenController(Object(Modules\\Sys\\Http\\Controllers\\Manage\\FeedbackBaseController), 'remove', Array)
#9 /var/www/html/vendor/laravel/lumen-framework/src/Concerns/RoutesRequests.php(284): Laravel\\Lumen\\Application->callControllerAction(Array)
#10 /var/www/html/vendor/laravel/lumen-framework/src/Concerns/RoutesRequests.php(264): Laravel\\Lumen\\Application->callActionOnArrayBasedRoute(Array)
#11 /var/www/html/vendor/laravel/lumen-framework/src/Routing/Pipeline.php(48): Laravel\\Lumen\\Application->Laravel\\Lumen\\Concerns\\{closure}(Object(Laravel\\Lumen\\Http\\Request))
#12 /var/www/html/app/Middleware/AdminAuthenticate.php(43): Laravel\\Lumen\\Routing\\Pipeline->Laravel\\Lumen\\Routing\\{closure}(Object(Laravel\\Lumen\\Http\\Request))
#13 /var/www/html/vendor/illuminate/pipeline/Pipeline.php(180): App\\Middleware\\AdminAuthenticate->handle(Object(Laravel\\Lumen\\Http\\Request), Object(Closure))
#14 /var/www/html/vendor/laravel/lumen-framework/src/Routing/Pipeline.php(30): Illuminate\\Pipeline\\Pipeline->Illuminate\\Pipeline\\{closure}(Object(Laravel\\Lumen\\Http\\Request))
#15 /var/www/html/app/Middleware/Authenticate.php(45): Laravel\\Lumen\\Routing\\Pipeline->Laravel\\Lumen\\Routing\\{closure}(Object(Laravel\\Lumen\\Http\\Request))
#16 /var/www/html/vendor/illuminate/pipeline/Pipeline.php(180): App\\Middleware\\Authenticate->handle(Object(Laravel\\Lumen\\Http\\Request), Object(Closure))
#17 /var/www/html/vendor/laravel/lumen-framework/src/Routing/Pipeline.php(30): Illuminate\\Pipeline\\Pipeline->Illuminate\\Pipeline\\{closure}(Object(Laravel\\Lumen\\Http\\Request))
#18 /var/www/html/vendor/illuminate/pipeline/Pipeline.php(116): Laravel\\Lumen\\Routing\\Pipeline->Laravel\\Lumen\\Routing\\{closure}(Object(Laravel\\Lumen\\Http\\Request))
#19 /var/www/html/vendor/laravel/lumen-framework/src/Concerns/RoutesRequests.php(428): Illuminate\\Pipeline\\Pipeline->then(Object(Closure))
#20 /var/www/html/vendor/laravel/lumen-framework/src/Concerns/RoutesRequests.php(265): Laravel\\Lumen\\Application->sendThroughPipeline(Array, Object(Closure))
#21 /var/www/html/vendor/laravel/lumen-framework/src/Concerns/RoutesRequests.php(171): Laravel\\Lumen\\Application->handleFoundRoute(Array)
#22 /var/www/html/vendor/laravel/lumen-framework/src/Routing/Pipeline.php(48): Laravel\\Lumen\\Application->Laravel\\Lumen\\Concerns\\{closure}(Object(Laravel\\Lumen\\Http\\Request))
#23 /var/www/html/app/Middleware/CrossMiddleware.php(48): Laravel\\Lumen\\Routing\\Pipeline->Laravel\\Lumen\\Routing\\{closure}(Object(Laravel\\Lumen\\Http\\Request))
#24 /var/www/html/vendor/illuminate/pipeline/Pipeline.php(180): App\\Middleware\\CrossMiddleware->handle(Object(Laravel\\Lumen\\Http\\Request), Object(Closure))
#25 /var/www/html/vendor/laravel/lumen-framework/src/Routing/Pipeline.php(30): Illuminate\\Pipeline\\Pipeline->Illuminate\\Pipeline\\{closure}(Object(Laravel\\Lumen\\Http\\Request))
#26 /var/www/html/vendor/illuminate/pipeline/Pipeline.php(116): Laravel\\Lumen\\Routing\\Pipeline->Laravel\\Lumen\\Routing\\{closure}(Object(Laravel\\Lumen\\Http\\Request))
#27 /var/www/html/vendor/laravel/lumen-framework/src/Concerns/RoutesRequests.php(428): Illuminate\\Pipeline\\Pipeline->then(Object(Closure))
#28 /var/www/html/vendor/laravel/lumen-framework/src/Concerns/RoutesRequests.php(177): Laravel\\Lumen\\Application->sendThroughPipeline(Array, Object(Closure))
#29 /var/www/html/vendor/laravel/lumen-framework/src/Concerns/RoutesRequests.php(112): Laravel\\Lumen\\Application->dispatch(NULL)
#30 /var/www/html/public/index.php(28): Laravel\\Lumen\\Application->run()
#31 {main}
"} 
[2026-09-23 10:48:45] production.ERROR: 请先上传素材文件 {"exception":"[object] (App\\Exceptions\\ErrorException(code: 200): 请先上传素材文件 at /var/www/html/modules/Sys/Services/MaterialBaseService.php:56)
[stacktrace]
#0 /var/www/html/modules/Sys/Http/Controllers/Manage/MaterialBaseController.php(76): Modules\\Sys\\Services\\MaterialBaseService->addMaterial(Object(Laravel\\Lumen\\Http\\Request))
#1 /var/www/html/vendor/illuminate/container/BoundMethod.php(36): Modules\\Sys\\Http\\Controllers\\Manage\\MaterialBaseController->add(Object(Laravel\\Lumen\\Http\\Request))
#2 /var/www/html/vendor/illuminate/container/Util.php(41): Illuminate\\Container\\BoundMethod::Illuminate\\Container\\{closure}()
#3 /var/www/html/vendor/illuminate/container/BoundMethod.php(93): Illuminate\\Container\\Util::unwrapIfClosure(Object(Closure))
#4 /var/www/html/vendor/illuminate/container/BoundMethod.php(37): Illuminate\\Container\\BoundMethod::callBoundMethod(Object(Laravel\\Lumen\\Application), Array, Object(Closure))
#5 /var/www/html/vendor/illuminate/container/Container.php(661): Illuminate\\Container\\BoundMethod::call(Object(Laravel\\Lumen\\Application), Array, Array, NULL)
#6 /var/www/html/vendor/laravel/lumen-framework/src/Concerns/RoutesRequests.php(391): Illuminate\\Container\\Container->call(Array, Array)
#7 /var/www/html/vendor/laravel/lumen-framework/src/Concerns/RoutesRequests.php(357): Laravel\\Lumen\\Application->callControllerCallable(Array, Array)
#8 /var/www/html/vendor/laravel/lumen-framework/src/Concerns/RoutesRequests.php(331): Laravel\\Lumen\\Application->callLumenController(Object(Modules\\Sys\\Http\\Controllers\\Manage\\MaterialBaseController), 'add', Array)
#9 /var/www/html/vendor/laravel/lumen-framework/src/Concerns/RoutesRequests.php(284): Laravel\\Lumen\\Application->callControllerAction(Array)
#10 /var/www/html/vendor/laravel/lumen-framework/src/Concerns/RoutesRequests.php(264): Laravel\\Lumen\\Application->callActionOnArrayBasedRoute(Array)
#11 /var/www/html/vendor/laravel/lumen-framework/src/Routing/Pipeline.php(48): Laravel\\Lumen\\Application->Laravel\\Lumen\\Concerns\\{closure}(Object(Laravel\\Lumen\\Http\\Request))
#12 /var/www/html/app/Middleware/AdminAuthenticate.php(43): Laravel\\Lumen\\Routing\\Pipeline->Laravel\\Lumen\\Routing\\{closure}(Object(Laravel\\Lumen\\Http\\Request))
#13 /var/www/html/vendor/illuminate/pipeline/Pipeline.php(180): App\\Middleware\\AdminAuthenticate->handle(Object(Laravel\\Lumen\\Http\\Request), Object(Closure))
#14 /var/www/html/vendor/laravel/lumen-framework/src/Routing/Pipeline.php(30): Illuminate\\Pipeline\\Pipeline->Illuminate\\Pipeline\\{closure}(Object(Laravel\\Lumen\\Http\\Request))
#15 /var/www/html/app/Middleware/Authenticate.php(45): Laravel\\Lumen\\Routing\\Pipeline->Laravel\\Lumen\\Routing\\{closure}(Object(Laravel\\Lumen\\Http\\Request))
#16 /var/www/html/vendor/illuminate/pipeline/Pipeline.php(180): App\\Middleware\\Authenticate->handle(Object(Laravel\\Lumen\\Http\\Request), Object(Closure))
#17 /var/www/html/vendor/laravel/lumen-framework/src/Routing/Pipeline.php(30): Illuminate\\Pipeline\\Pipeline->Illuminate\\Pipeline\\{closure}(Object(Laravel\\Lumen\\Http\\Request))
#18 /var/www/html/vendor/illuminate/pipeline/Pipeline.php(116): Laravel\\Lumen\\Routing\\Pipeline->Laravel\\Lumen\\Routing\\{closure}(Object(Laravel\\Lumen\\Http\\Request))
#19 /var/www/html/vendor/laravel/lumen-framework/src/Concerns/RoutesRequests.php(428): Illuminate\\Pipeline\\Pipeline->then(Object(Closure))
#20 /var/www/html/vendor/laravel/lumen-framework/src/Concerns/RoutesRequests.php(265): Laravel\\Lumen\\Application->sendThroughPipeline(Array, Object(Closure))
#21 /var/www/html/vendor/laravel/lumen-framework/src/Concerns/RoutesRequests.php(171): Laravel\\Lumen\\Application->handleFoundRoute(Array)
#22 /var/www/html/vendor/laravel/lumen-framework/src/Routing/Pipeline.php(48): Laravel\\Lumen\\Application->Laravel\\Lumen\\Concerns\\{closure}(Object(Laravel\\Lumen\\Http\\Request))
#23 /var/www/html/app/Middleware/CrossMiddleware.php(48): Laravel\\Lumen\\Routing\\Pipeline->Laravel\\Lumen\\Routing\\{closure}(Object(Laravel\\Lumen\\Http\\Request))
#24 /var/www/html/vendor/illuminate/pipeline/Pipeline.php(180): App\\Middleware\\CrossMiddleware->handle(Object(Laravel\\Lumen\\Http\\Request), Object(Closure))
#25 /var/www/html/vendor/laravel/lumen-framework/src/Routing/Pipeline.php(30): Illuminate\\Pipeline\\Pipeline->Illuminate\\Pipeline\\{closure}(Object(Laravel\\Lumen\\Http\\Request))
#26 /var/www/html/vendor/illuminate/pipeline/Pipeline.php(116): Laravel\\Lumen\\Routing\\Pipeline->Laravel\\Lumen\\Routing\\{closure}(Object(Laravel\\Lumen\\Http\\Request))
#27 /var/www/html/vendor/laravel/lumen-framework/src/Concerns/RoutesRequests.php(428): Illuminate\\Pipeline\\Pipeline->then(Object(Closure))
#28 /var/www/html/vendor/laravel/lumen-framework/src/Concerns/RoutesRequests.php(177): Laravel\\Lumen\\Application->sendThroughPipeline(Array, Object(Closure))
#29 /var/www/html/vendor/laravel/lumen-framework/src/Concerns/RoutesRequests.php(112): Laravel\\Lumen\\Application->dispatch(NULL)
#30 /var/www/html/public/index.php(28): Laravel\\Lumen\\Application->run()
#31 {main}
"} 
[2026-09-23 10:48:45] production.ERROR: 请选择要删除的数据 {"exception":"[object] (App\\Exceptions\\ErrorException(code: 200): 请选择要删除的数据 at /var/www/html/modules/Sys/Services/MaterialBaseService.php:122)
[stacktrace]
#0 /var/www/html/modules/Sys/Http/Controllers/Manage/MaterialBaseController.php(88): Modules\\Sys\\Services\\MaterialBaseService->removeBatchMaterial(Object(Laravel\\Lumen\\Http\\Request))
#1 /var/www/html/vendor/illuminate/container/BoundMethod.php(36): Modules\\Sys\\Http\\Controllers\\Manage\\MaterialBaseController->removeBatch(Object(Laravel\\Lumen\\Http\\Request))
#2 /var/www/html/vendor/illuminate/container/Util.php(41): Illuminate\\Container\\BoundMethod::Illuminate\\Container\\{closure}()
#3 /var/www/html/vendor/illuminate/container/BoundMethod.php(93): Illuminate\\Container\\Util::unwrapIfClosure(Object(Closure))
#4 /var/www/html/vendor/illuminate/container/BoundMethod.php(37): Illuminate\\Container\\BoundMethod::callBoundMethod(Object(Laravel\\Lumen\\Application), Array, Object(Closure))
#5 /var/www/html/vendor/illuminate/container/Container.php(661): Illuminate\\Container\\BoundMethod::call(Object(Laravel\\Lumen\\Application), Array, Array, NULL)
#6 /var/www/html/vendor/laravel/lumen-framework/src/Concerns/RoutesRequests.php(391): Illuminate\\Container\\Container->call(Array, Array)
#7 /var/www/html/vendor/laravel/lumen-framework/src/Concerns/RoutesRequests.php(357): Laravel\\Lumen\\Application->callControllerCallable(Array, Array)
#8 /var/www/html/vendor/laravel/lumen-framework/src/Concerns/RoutesRequests.php(331): Laravel\\Lumen\\Application->callLumenController(Object(Modules\\Sys\\Http\\Controllers\\Manage\\MaterialBaseController), 'removeBatch', Array)
#9 /var/www/html/vendor/laravel/lumen-framework/src/Concerns/RoutesRequests.php(284): Laravel\\Lumen\\Application->callControllerAction(Array)
#10 /var/www/html/vendor/laravel/lumen-framework/src/Concerns/RoutesRequests.php(264): Laravel\\Lumen\\Application->callActionOnArrayBasedRoute(Array)
#11 /var/www/html/vendor/laravel/lumen-framework/src/Routing/Pipeline.php(48): Laravel\\Lumen\\Application->Laravel\\Lumen\\Concerns\\{closure}(Object(Laravel\\Lumen\\Http\\Request))
#12 /var/www/html/app/Middleware/AdminAuthenticate.php(43): Laravel\\Lumen\\Routing\\Pipeline->Laravel\\Lumen\\Routing\\{closure}(Object(Laravel\\Lumen\\Http\\Request))
#13 /var/www/html/vendor/illuminate/pipeline/Pipeline.php(180): App\\Middleware\\AdminAuthenticate->handle(Object(Laravel\\Lumen\\Http\\Request), Object(Closure))
#14 /var/www/html/vendor/laravel/lumen-framework/src/Routing/Pipeline.php(30): Illuminate\\Pipeline\\Pipeline->Illuminate\\Pipeline\\{closure}(Object(Laravel\\Lumen\\Http\\Request))
#15 /var/www/html/app/Middleware/Authenticate.php(45): Laravel\\Lumen\\Routing\\Pipeline->Laravel\\Lumen\\Routing\\{closure}(Object(Laravel\\Lumen\\Http\\Request))
#16 /var/www/html/vendor/illuminate/pipeline/Pipeline.php(180): App\\Middleware\\Authenticate->handle(Object(Laravel\\Lumen\\Http\\Request), Object(Closure))
#17 /var/www/html/vendor/laravel/lumen-framework/src/Routing/Pipeline.php(30): Illuminate\\Pipeline\\Pipeline->Illuminate\\Pipeline\\{closure}(Object(Laravel\\Lumen\\Http\\Request))
#18 /var/www/html/vendor/illuminate/pipeline/Pipeline.php(116): Laravel\\Lumen\\Routing\\Pipeline->Laravel\\Lumen\\Routing\\{closure}(Object(Laravel\\Lumen\\Http\\Request))
#19 /var/www/html/vendor/laravel/lumen-framework/src/Concerns/RoutesRequests.php(428): Illuminate\\Pipeline\\Pipeline->then(Object(Closure))
#20 /var/www/html/vendor/laravel/lumen-framework/src/Concerns/RoutesRequests.php(265): Laravel\\Lumen\\Application->sendThroughPipeline(Array, Object(Closure))
#21 /var/www/html/vendor/laravel/lumen-framework/src/Concerns/RoutesRequests.php(171): Laravel\\Lumen\\Application->handleFoundRoute(Array)
#22 /var/www/html/vendor/laravel/lumen-framework/src/Routing/Pipeline.php(48): Laravel\\Lumen\\Application->Laravel\\Lumen\\Concerns\\{closure}(Object(Laravel\\Lumen\\Http\\Request))
#23 /var/www/html/app/Middleware/CrossMiddleware.php(48): Laravel\\Lumen\\Routing\\Pipeline->Laravel\\Lumen\\Routing\\{closure}(Object(Laravel\\Lumen\\Http\\Request))
#24 /var/www/html/vendor/illuminate/pipeline/Pipeline.php(180): App\\Middleware\\CrossMiddleware->handle(Object(Laravel\\Lumen\\Http\\Request), Object(Closure))
#25 /var/www/html/vendor/laravel/lumen-framework/src/Routing/Pipeline.php(30): Illuminate\\Pipeline\\Pipeline->Illuminate\\Pipeline\\{closure}(Object(Laravel\\Lumen\\Http\\Request))
#26 /var/www/html/vendor/illuminate/pipeline/Pipeline.php(116): Laravel\\Lumen\\Routing\\Pipeline->Laravel\\Lumen\\Routing\\{closure}(Object(Laravel\\Lumen\\Http\\Request))
#27 /var/www/html/vendor/laravel/lumen-framework/src/Concerns/RoutesRequests.php(428): Illuminate\\Pipeline\\Pipeline->then(Object(Closure))
#28 /var/www/html/vendor/laravel/lumen-framework/src/Concerns/RoutesRequests.php(177): Laravel\\Lumen\\Application->sendThroughPipeline(Array, Object(Closure))
#29 /var/www/html/vendor/laravel/lumen-framework/src/Concerns/RoutesRequests.php(112): Laravel\\Lumen\\Application->dispatch(NULL)
#30 /var/www/html/public/index.php(28): Laravel\\Lumen\\Application->run()
#31 {main}
"} 
[2026-09-23 10:48:45] production.ERROR: 短信通道未配置，请先在 sys_config_base 中设置 sms_gateway_url {"exception":"[object] (App\\Exceptions\\ErrorException(code: 200): 短信通道未配置，请先在 sys_config_base 中设置 sms_gateway_url at /var/www/html/modules/Sys/Http/Controllers/Front/CaptchaController.php:137)
[stacktrace]
#0 /var/www/html/vendor/illuminate/container/BoundMethod.php(36): Modules\\Sys\\Http\\Controllers\\Front\\CaptchaController->sendMobileVerifyCode(Object(Laravel\\Lumen\\Http\\Request))
#1 /var/www/html/vendor/illuminate/container/Util.php(41): Illuminate\\Container\\BoundMethod::Illuminate\\Container\\{closure}()
#2 /var/www/html/vendor/illuminate/container/BoundMethod.php(93): Illuminate\\Container\\Util::unwrapIfClosure(Object(Closure))
#3 /var/www/html/vendor/illuminate/container/BoundMethod.php(37): Illuminate\\Container\\BoundMethod::callBoundMethod(Object(Laravel\\Lumen\\Application), Array, Object(Closure))
#4 /var/www/html/vendor/illuminate/container/Container.php(661): Illuminate\\Container\\BoundMethod::call(Object(Laravel\\Lumen\\Application), Array, Array, NULL)
#5 /var/www/html/vendor/laravel/lumen-framework/src/Concerns/RoutesRequests.php(391): Illuminate\\Container\\Container->call(Array, Array)
#6 /var/www/html/vendor/laravel/lumen-framework/src/Concerns/RoutesRequests.php(357): Laravel\\Lumen\\Application->callControllerCallable(Array, Array)
#7 /var/www/html/vendor/laravel/lumen-framework/src/Concerns/RoutesRequests.php(331): Laravel\\Lumen\\Application->callLumenController(Object(Modules\\Sys\\Http\\Controllers\\Front\\CaptchaController), 'sendMobileVerif...', Array)
#8 /var/www/html/vendor/laravel/lumen-framework/src/Concerns/RoutesRequests.php(284): Laravel\\Lumen\\Application->callControllerAction(Array)
#9 /var/www/html/vendor/laravel/lumen-framework/src/Concerns/RoutesRequests.php(269): Laravel\\Lumen\\Application->callActionOnArrayBasedRoute(Array)
#10 /var/www/html/vendor/laravel/lumen-framework/src/Concerns/RoutesRequests.php(171): Laravel\\Lumen\\Application->handleFoundRoute(Array)
#11 /var/www/html/vendor/laravel/lumen-framework/src/Routing/Pipeline.php(48): Laravel\\Lumen\\Application->Laravel\\Lumen\\Concerns\\{closure}(Object(Laravel\\Lumen\\Http\\Request))
#12 /var/www/html/app/Middleware/CrossMiddleware.php(48): Laravel\\Lumen\\Routing\\Pipeline->Laravel\\Lumen\\Routing\\{closure}(Object(Laravel\\Lumen\\Http\\Request))
#13 /var/www/html/vendor/illuminate/pipeline/Pipeline.php(180): App\\Middleware\\CrossMiddleware->handle(Object(Laravel\\Lumen\\Http\\Request), Object(Closure))
#14 /var/www/html/vendor/laravel/lumen-framework/src/Routing/Pipeline.php(30): Illuminate\\Pipeline\\Pipeline->Illuminate\\Pipeline\\{closure}(Object(Laravel\\Lumen\\Http\\Request))
#15 /var/www/html/vendor/illuminate/pipeline/Pipeline.php(116): Laravel\\Lumen\\Routing\\Pipeline->Laravel\\Lumen\\Routing\\{closure}(Object(Laravel\\Lumen\\Http\\Request))
#16 /var/www/html/vendor/laravel/lumen-framework/src/Concerns/RoutesRequests.php(428): Illuminate\\Pipeline\\Pipeline->then(Object(Closure))
#17 /var/www/html/vendor/laravel/lumen-framework/src/Concerns/RoutesRequests.php(177): Laravel\\Lumen\\Application->sendThroughPipeline(Array, Object(Closure))
#18 /var/www/html/vendor/laravel/lumen-framework/src/Concerns/RoutesRequests.php(112): Laravel\\Lumen\\Application->dispatch(NULL)
#19 /var/www/html/public/index.php(28): Laravel\\Lumen\\Application->run()
#20 {main}
"} 
[2026-09-23 10:55:19] production.ERROR: 请选择商品 {"exception":"[object] (App\\Exceptions\\ErrorException(code: 200): 请选择商品 at /var/www/html/modules/Pt/Services/ProductAskBaseService.php:106)
[stacktrace]
#0 /var/www/html/modules/Pt/Http/Controllers/Manage/ProductAskBaseController.php(51): Modules\\Pt\\Services\\ProductAskBaseService->addAsk(Object(Laravel\\Lumen\\Http\\Request))
#1 /var/www/html/vendor/illuminate/container/BoundMethod.php(36): Modules\\Pt\\Http\\Controllers\\Manage\\ProductAskBaseController->add(Object(Laravel\\Lumen\\Http\\Request))
#2 /var/www/html/vendor/illuminate/container/Util.php(41): Illuminate\\Container\\BoundMethod::Illuminate\\Container\\{closure}()
#3 /var/www/html/vendor/illuminate/container/BoundMethod.php(93): Illuminate\\Container\\Util::unwrapIfClosure(Object(Closure))
#4 /var/www/html/vendor/illuminate/container/BoundMethod.php(37): Illuminate\\Container\\BoundMethod::callBoundMethod(Object(Laravel\\Lumen\\Application), Array, Object(Closure))
#5 /var/www/html/vendor/illuminate/container/Container.php(661): Illuminate\\Container\\BoundMethod::call(Object(Laravel\\Lumen\\Application), Array, Array, NULL)
#6 /var/www/html/vendor/laravel/lumen-framework/src/Concerns/RoutesRequests.php(391): Illuminate\\Container\\Container->call(Array, Array)
#7 /var/www/html/vendor/laravel/lumen-framework/src/Concerns/RoutesRequests.php(357): Laravel\\Lumen\\Application->callControllerCallable(Array, Array)
#8 /var/www/html/vendor/laravel/lumen-framework/src/Concerns/RoutesRequests.php(331): Laravel\\Lumen\\Application->callLumenController(Object(Modules\\Pt\\Http\\Controllers\\Manage\\ProductAskBaseController), 'add', Array)
#9 /var/www/html/vendor/laravel/lumen-framework/src/Concerns/RoutesRequests.php(284): Laravel\\Lumen\\Application->callControllerAction(Array)
#10 /var/www/html/vendor/laravel/lumen-framework/src/Concerns/RoutesRequests.php(264): Laravel\\Lumen\\Application->callActionOnArrayBasedRoute(Array)
#11 /var/www/html/vendor/laravel/lumen-framework/src/Routing/Pipeline.php(48): Laravel\\Lumen\\Application->Laravel\\Lumen\\Concerns\\{closure}(Object(Laravel\\Lumen\\Http\\Request))
#12 /var/www/html/app/Middleware/AdminAuthenticate.php(43): Laravel\\Lumen\\Routing\\Pipeline->Laravel\\Lumen\\Routing\\{closure}(Object(Laravel\\Lumen\\Http\\Request))
#13 /var/www/html/vendor/illuminate/pipeline/Pipeline.php(180): App\\Middleware\\AdminAuthenticate->handle(Object(Laravel\\Lumen\\Http\\Request), Object(Closure))
#14 /var/www/html/vendor/laravel/lumen-framework/src/Routing/Pipeline.php(30): Illuminate\\Pipeline\\Pipeline->Illuminate\\Pipeline\\{closure}(Object(Laravel\\Lumen\\Http\\Request))
#15 /var/www/html/app/Middleware/Authenticate.php(45): Laravel\\Lumen\\Routing\\Pipeline->Laravel\\Lumen\\Routing\\{closure}(Object(Laravel\\Lumen\\Http\\Request))
#16 /var/www/html/vendor/illuminate/pipeline/Pipeline.php(180): App\\Middleware\\Authenticate->handle(Object(Laravel\\Lumen\\Http\\Request), Object(Closure))
#17 /var/www/html/vendor/laravel/lumen-framework/src/Routing/Pipeline.php(30): Illuminate\\Pipeline\\Pipeline->Illuminate\\Pipeline\\{closure}(Object(Laravel\\Lumen\\Http\\Request))
#18 /var/www/html/vendor/illuminate/pipeline/Pipeline.php(116): Laravel\\Lumen\\Routing\\Pipeline->Laravel\\Lumen\\Routing\\{closure}(Object(Laravel\\Lumen\\Http\\Request))
#19 /var/www/html/vendor/laravel/lumen-framework/src/Concerns/RoutesRequests.php(428): Illuminate\\Pipeline\\Pipeline->then(Object(Closure))
#20 /var/www/html/vendor/laravel/lumen-framework/src/Concerns/RoutesRequests.php(265): Laravel\\Lumen\\Application->sendThroughPipeline(Array, Object(Closure))
#21 /var/www/html/vendor/laravel/lumen-framework/src/Concerns/RoutesRequests.php(171): Laravel\\Lumen\\Application->handleFoundRoute(Array)
#22 /var/www/html/vendor/laravel/lumen-framework/src/Routing/Pipeline.php(48): Laravel\\Lumen\\Application->Laravel\\Lumen\\Concerns\\{closure}(Object(Laravel\\Lumen\\Http\\Request))
#23 /var/www/html/app/Middleware/CrossMiddleware.php(48): Laravel\\Lumen\\Routing\\Pipeline->Laravel\\Lumen\\Routing\\{closure}(Object(Laravel\\Lumen\\Http\\Request))
#24 /var/www/html/vendor/illuminate/pipeline/Pipeline.php(180): App\\Middleware\\CrossMiddleware->handle(Object(Laravel\\Lumen\\Http\\Request), Object(Closure))
#25 /var/www/html/vendor/laravel/lumen-framework/src/Routing/Pipeline.php(30): Illuminate\\Pipeline\\Pipeline->Illuminate\\Pipeline\\{closure}(Object(Laravel\\Lumen\\Http\\Request))
#26 /var/www/html/vendor/illuminate/pipeline/Pipeline.php(116): Laravel\\Lumen\\Routing\\Pipeline->Laravel\\Lumen\\Routing\\{closure}(Object(Laravel\\Lumen\\Http\\Request))
#27 /var/www/html/vendor/laravel/lumen-framework/src/Concerns/RoutesRequests.php(428): Illuminate\\Pipeline\\Pipeline->then(Object(Closure))
#28 /var/www/html/vendor/laravel/lumen-framework/src/Concerns/RoutesRequests.php(177): Laravel\\Lumen\\Application->sendThroughPipeline(Array, Object(Closure))
#29 /var/www/html/vendor/laravel/lumen-framework/src/Concerns/RoutesRequests.php(112): Laravel\\Lumen\\Application->dispatch(NULL)
#30 /var/www/html/public/index.php(28): Laravel\\Lumen\\Application->run()
#31 {main}
"} 
[2026-09-23 10:55:19] production.ERROR: 请选择商品 {"exception":"[object] (App\\Exceptions\\ErrorException(code: 200): 请选择商品 at /var/www/html/modules/Pt/Services/ProductAskBaseService.php:106)
[stacktrace]
#0 /var/www/html/modules/Pt/Http/Controllers/Manage/ProductAskBaseController.php(51): Modules\\Pt\\Services\\ProductAskBaseService->addAsk(Object(Laravel\\Lumen\\Http\\Request))
#1 /var/www/html/vendor/illuminate/container/BoundMethod.php(36): Modules\\Pt\\Http\\Controllers\\Manage\\ProductAskBaseController->add(Object(Laravel\\Lumen\\Http\\Request))
#2 /var/www/html/vendor/illuminate/container/Util.php(41): Illuminate\\Container\\BoundMethod::Illuminate\\Container\\{closure}()
#3 /var/www/html/vendor/illuminate/container/BoundMethod.php(93): Illuminate\\Container\\Util::unwrapIfClosure(Object(Closure))
#4 /var/www/html/vendor/illuminate/container/BoundMethod.php(37): Illuminate\\Container\\BoundMethod::callBoundMethod(Object(Laravel\\Lumen\\Application), Array, Object(Closure))
#5 /var/www/html/vendor/illuminate/container/Container.php(661): Illuminate\\Container\\BoundMethod::call(Object(Laravel\\Lumen\\Application), Array, Array, NULL)
#6 /var/www/html/vendor/laravel/lumen-framework/src/Concerns/RoutesRequests.php(391): Illuminate\\Container\\Container->call(Array, Array)
#7 /var/www/html/vendor/laravel/lumen-framework/src/Concerns/RoutesRequests.php(357): Laravel\\Lumen\\Application->callControllerCallable(Array, Array)
#8 /var/www/html/vendor/laravel/lumen-framework/src/Concerns/RoutesRequests.php(331): Laravel\\Lumen\\Application->callLumenController(Object(Modules\\Pt\\Http\\Controllers\\Manage\\ProductAskBaseController), 'add', Array)
#9 /var/www/html/vendor/laravel/lumen-framework/src/Concerns/RoutesRequests.php(284): Laravel\\Lumen\\Application->callControllerAction(Array)
#10 /var/www/html/vendor/laravel/lumen-framework/src/Concerns/RoutesRequests.php(264): Laravel\\Lumen\\Application->callActionOnArrayBasedRoute(Array)
#11 /var/www/html/vendor/laravel/lumen-framework/src/Routing/Pipeline.php(48): Laravel\\Lumen\\Application->Laravel\\Lumen\\Concerns\\{closure}(Object(Laravel\\Lumen\\Http\\Request))
#12 /var/www/html/app/Middleware/AdminAuthenticate.php(43): Laravel\\Lumen\\Routing\\Pipeline->Laravel\\Lumen\\Routing\\{closure}(Object(Laravel\\Lumen\\Http\\Request))
#13 /var/www/html/vendor/illuminate/pipeline/Pipeline.php(180): App\\Middleware\\AdminAuthenticate->handle(Object(Laravel\\Lumen\\Http\\Request), Object(Closure))
#14 /var/www/html/vendor/laravel/lumen-framework/src/Routing/Pipeline.php(30): Illuminate\\Pipeline\\Pipeline->Illuminate\\Pipeline\\{closure}(Object(Laravel\\Lumen\\Http\\Request))
#15 /var/www/html/app/Middleware/Authenticate.php(45): Laravel\\Lumen\\Routing\\Pipeline->Laravel\\Lumen\\Routing\\{closure}(Object(Laravel\\Lumen\\Http\\Request))
#16 /var/www/html/vendor/illuminate/pipeline/Pipeline.php(180): App\\Middleware\\Authenticate->handle(Object(Laravel\\Lumen\\Http\\Request), Object(Closure))
#17 /var/www/html/vendor/laravel/lumen-framework/src/Routing/Pipeline.php(30): Illuminate\\Pipeline\\Pipeline->Illuminate\\Pipeline\\{closure}(Object(Laravel\\Lumen\\Http\\Request))
#18 /var/www/html/vendor/illuminate/pipeline/Pipeline.php(116): Laravel\\Lumen\\Routing\\Pipeline->Laravel\\Lumen\\Routing\\{closure}(Object(Laravel\\Lumen\\Http\\Request))
#19 /var/www/html/vendor/laravel/lumen-framework/src/Concerns/RoutesRequests.php(428): Illuminate\\Pipeline\\Pipeline->then(Object(Closure))
#20 /var/www/html/vendor/laravel/lumen-framework/src/Concerns/RoutesRequests.php(265): Laravel\\Lumen\\Application->sendThroughPipeline(Array, Object(Closure))
#21 /var/www/html/vendor/laravel/lumen-framework/src/Concerns/RoutesRequests.php(171): Laravel\\Lumen\\Application->handleFoundRoute(Array)
#22 /var/www/html/vendor/laravel/lumen-framework/src/Routing/Pipeline.php(48): Laravel\\Lumen\\Application->Laravel\\Lumen\\Concerns\\{closure}(Object(Laravel\\Lumen\\Http\\Request))
#23 /var/www/html/app/Middleware/CrossMiddleware.php(48): Laravel\\Lumen\\Routing\\Pipeline->Laravel\\Lumen\\Routing\\{closure}(Object(Laravel\\Lumen\\Http\\Request))
#24 /var/www/html/vendor/illuminate/pipeline/Pipeline.php(180): App\\Middleware\\CrossMiddleware->handle(Object(Laravel\\Lumen\\Http\\Request), Object(Closure))
#25 /var/www/html/vendor/laravel/lumen-framework/src/Routing/Pipeline.php(30): Illuminate\\Pipeline\\Pipeline->Illuminate\\Pipeline\\{closure}(Object(Laravel\\Lumen\\Http\\Request))
#26 /var/www/html/vendor/illuminate/pipeline/Pipeline.php(116): Laravel\\Lumen\\Routing\\Pipeline->Laravel\\Lumen\\Routing\\{closure}(Object(Laravel\\Lumen\\Http\\Request))
#27 /var/www/html/vendor/laravel/lumen-framework/src/Concerns/RoutesRequests.php(428): Illuminate\\Pipeline\\Pipeline->then(Object(Closure))
#28 /var/www/html/vendor/laravel/lumen-framework/src/Concerns/RoutesRequests.php(177): Laravel\\Lumen\\Application->sendThroughPipeline(Array, Object(Closure))
#29 /var/www/html/vendor/laravel/lumen-framework/src/Concerns/RoutesRequests.php(112): Laravel\\Lumen\\Application->dispatch(NULL)
#30 /var/www/html/public/index.php(28): Laravel\\Lumen\\Application->run()
#31 {main}
"} 
[2026-09-23 10:55:19] production.ERROR: 请输入咨询内容 {"exception":"[object] (App\\Exceptions\\ErrorException(code: 200): 请输入咨询内容 at /var/www/html/modules/Pt/Services/ProductAskBaseService.php:111)
[stacktrace]
#0 /var/www/html/modules/Pt/Http/Controllers/Manage/ProductAskBaseController.php(51): Modules\\Pt\\Services\\ProductAskBaseService->addAsk(Object(Laravel\\Lumen\\Http\\Request))
#1 /var/www/html/vendor/illuminate/container/BoundMethod.php(36): Modules\\Pt\\Http\\Controllers\\Manage\\ProductAskBaseController->add(Object(Laravel\\Lumen\\Http\\Request))
#2 /var/www/html/vendor/illuminate/container/Util.php(41): Illuminate\\Container\\BoundMethod::Illuminate\\Container\\{closure}()
#3 /var/www/html/vendor/illuminate/container/BoundMethod.php(93): Illuminate\\Container\\Util::unwrapIfClosure(Object(Closure))
#4 /var/www/html/vendor/illuminate/container/BoundMethod.php(37): Illuminate\\Container\\BoundMethod::callBoundMethod(Object(Laravel\\Lumen\\Application), Array, Object(Closure))
#5 /var/www/html/vendor/illuminate/container/Container.php(661): Illuminate\\Container\\BoundMethod::call(Object(Laravel\\Lumen\\Application), Array, Array, NULL)
#6 /var/www/html/vendor/laravel/lumen-framework/src/Concerns/RoutesRequests.php(391): Illuminate\\Container\\Container->call(Array, Array)
#7 /var/www/html/vendor/laravel/lumen-framework/src/Concerns/RoutesRequests.php(357): Laravel\\Lumen\\Application->callControllerCallable(Array, Array)
#8 /var/www/html/vendor/laravel/lumen-framework/src/Concerns/RoutesRequests.php(331): Laravel\\Lumen\\Application->callLumenController(Object(Modules\\Pt\\Http\\Controllers\\Manage\\ProductAskBaseController), 'add', Array)
#9 /var/www/html/vendor/laravel/lumen-framework/src/Concerns/RoutesRequests.php(284): Laravel\\Lumen\\Application->callControllerAction(Array)
#10 /var/www/html/vendor/laravel/lumen-framework/src/Concerns/RoutesRequests.php(264): Laravel\\Lumen\\Application->callActionOnArrayBasedRoute(Array)
#11 /var/www/html/vendor/laravel/lumen-framework/src/Routing/Pipeline.php(48): Laravel\\Lumen\\Application->Laravel\\Lumen\\Concerns\\{closure}(Object(Laravel\\Lumen\\Http\\Request))
#12 /var/www/html/app/Middleware/AdminAuthenticate.php(43): Laravel\\Lumen\\Routing\\Pipeline->Laravel\\Lumen\\Routing\\{closure}(Object(Laravel\\Lumen\\Http\\Request))
#13 /var/www/html/vendor/illuminate/pipeline/Pipeline.php(180): App\\Middleware\\AdminAuthenticate->handle(Object(Laravel\\Lumen\\Http\\Request), Object(Closure))
#14 /var/www/html/vendor/laravel/lumen-framework/src/Routing/Pipeline.php(30): Illuminate\\Pipeline\\Pipeline->Illuminate\\Pipeline\\{closure}(Object(Laravel\\Lumen\\Http\\Request))
#15 /var/www/html/app/Middleware/Authenticate.php(45): Laravel\\Lumen\\Routing\\Pipeline->Laravel\\Lumen\\Routing\\{closure}(Object(Laravel\\Lumen\\Http\\Request))
#16 /var/www/html/vendor/illuminate/pipeline/Pipeline.php(180): App\\Middleware\\Authenticate->handle(Object(Laravel\\Lumen\\Http\\Request), Object(Closure))
#17 /var/www/html/vendor/laravel/lumen-framework/src/Routing/Pipeline.php(30): Illuminate\\Pipeline\\Pipeline->Illuminate\\Pipeline\\{closure}(Object(Laravel\\Lumen\\Http\\Request))
#18 /var/www/html/vendor/illuminate/pipeline/Pipeline.php(116): Laravel\\Lumen\\Routing\\Pipeline->Laravel\\Lumen\\Routing\\{closure}(Object(Laravel\\Lumen\\Http\\Request))
#19 /var/www/html/vendor/laravel/lumen-framework/src/Concerns/RoutesRequests.php(428): Illuminate\\Pipeline\\Pipeline->then(Object(Closure))
#20 /var/www/html/vendor/laravel/lumen-framework/src/Concerns/RoutesRequests.php(265): Laravel\\Lumen\\Application->sendThroughPipeline(Array, Object(Closure))
#21 /var/www/html/vendor/laravel/lumen-framework/src/Concerns/RoutesRequests.php(171): Laravel\\Lumen\\Application->handleFoundRoute(Array)
#22 /var/www/html/vendor/laravel/lumen-framework/src/Routing/Pipeline.php(48): Laravel\\Lumen\\Application->Laravel\\Lumen\\Concerns\\{closure}(Object(Laravel\\Lumen\\Http\\Request))
#23 /var/www/html/app/Middleware/CrossMiddleware.php(48): Laravel\\Lumen\\Routing\\Pipeline->Laravel\\Lumen\\Routing\\{closure}(Object(Laravel\\Lumen\\Http\\Request))
#24 /var/www/html/vendor/illuminate/pipeline/Pipeline.php(180): App\\Middleware\\CrossMiddleware->handle(Object(Laravel\\Lumen\\Http\\Request), Object(Closure))
#25 /var/www/html/vendor/laravel/lumen-framework/src/Routing/Pipeline.php(30): Illuminate\\Pipeline\\Pipeline->Illuminate\\Pipeline\\{closure}(Object(Laravel\\Lumen\\Http\\Request))
#26 /var/www/html/vendor/illuminate/pipeline/Pipeline.php(116): Laravel\\Lumen\\Routing\\Pipeline->Laravel\\Lumen\\Routing\\{closure}(Object(Laravel\\Lumen\\Http\\Request))
#27 /var/www/html/vendor/laravel/lumen-framework/src/Concerns/RoutesRequests.php(428): Illuminate\\Pipeline\\Pipeline->then(Object(Closure))
#28 /var/www/html/vendor/laravel/lumen-framework/src/Concerns/RoutesRequests.php(177): Laravel\\Lumen\\Application->sendThroughPipeline(Array, Object(Closure))
#29 /var/www/html/vendor/laravel/lumen-framework/src/Concerns/RoutesRequests.php(112): Laravel\\Lumen\\Application->dispatch(NULL)
#30 /var/www/html/public/index.php(28): Laravel\\Lumen\\Application->run()
#31 {main}
"} 
[2026-09-23 10:55:19] production.ERROR: 咨询内容最多 255 个字符（该字段为短文本，不支持富文本长内容） {"exception":"[object] (App\\Exceptions\\ErrorException(code: 200): 咨询内容最多 255 个字符（该字段为短文本，不支持富文本长内容） at /var/www/html/modules/Pt/Services/ProductAskBaseService.php:334)
[stacktrace]
#0 /var/www/html/modules/Pt/Services/ProductAskBaseService.php(109): Modules\\Pt\\Services\\ProductAskBaseService->textValue('\\xE6\\xB5\\x8B\\xE6\\xB5\\x8B\\xE6\\xB5\\x8B\\xE6\\xB5\\x8B\\xE6\\xB5\\x8B...', '\\xE5\\x92\\xA8\\xE8\\xAF\\xA2\\xE5\\x86\\x85\\xE5\\xAE\\xB9')
#1 /var/www/html/modules/Pt/Http/Controllers/Manage/ProductAskBaseController.php(51): Modules\\Pt\\Services\\ProductAskBaseService->addAsk(Object(Laravel\\Lumen\\Http\\Request))
#2 /var/www/html/vendor/illuminate/container/BoundMethod.php(36): Modules\\Pt\\Http\\Controllers\\Manage\\ProductAskBaseController->add(Object(Laravel\\Lumen\\Http\\Request))
#3 /var/www/html/vendor/illuminate/container/Util.php(41): Illuminate\\Container\\BoundMethod::Illuminate\\Container\\{closure}()
#4 /var/www/html/vendor/illuminate/container/BoundMethod.php(93): Illuminate\\Container\\Util::unwrapIfClosure(Object(Closure))
#5 /var/www/html/vendor/illuminate/container/BoundMethod.php(37): Illuminate\\Container\\BoundMethod::callBoundMethod(Object(Laravel\\Lumen\\Application), Array, Object(Closure))
#6 /var/www/html/vendor/illuminate/container/Container.php(661): Illuminate\\Container\\BoundMethod::call(Object(Laravel\\Lumen\\Application), Array, Array, NULL)
#7 /var/www/html/vendor/laravel/lumen-framework/src/Concerns/RoutesRequests.php(391): Illuminate\\Container\\Container->call(Array, Array)
#8 /var/www/html/vendor/laravel/lumen-framework/src/Concerns/RoutesRequests.php(357): Laravel\\Lumen\\Application->callControllerCallable(Array, Array)
#9 /var/www/html/vendor/laravel/lumen-framework/src/Concerns/RoutesRequests.php(331): Laravel\\Lumen\\Application->callLumenController(Object(Modules\\Pt\\Http\\Controllers\\Manage\\ProductAskBaseController), 'add', Array)
#10 /var/www/html/vendor/laravel/lumen-framework/src/Concerns/RoutesRequests.php(284): Laravel\\Lumen\\Application->callControllerAction(Array)
#11 /var/www/html/vendor/laravel/lumen-framework/src/Concerns/RoutesRequests.php(264): Laravel\\Lumen\\Application->callActionOnArrayBasedRoute(Array)
#12 /var/www/html/vendor/laravel/lumen-framework/src/Routing/Pipeline.php(48): Laravel\\Lumen\\Application->Laravel\\Lumen\\Concerns\\{closure}(Object(Laravel\\Lumen\\Http\\Request))
#13 /var/www/html/app/Middleware/AdminAuthenticate.php(43): Laravel\\Lumen\\Routing\\Pipeline->Laravel\\Lumen\\Routing\\{closure}(Object(Laravel\\Lumen\\Http\\Request))
#14 /var/www/html/vendor/illuminate/pipeline/Pipeline.php(180): App\\Middleware\\AdminAuthenticate->handle(Object(Laravel\\Lumen\\Http\\Request), Object(Closure))
#15 /var/www/html/vendor/laravel/lumen-framework/src/Routing/Pipeline.php(30): Illuminate\\Pipeline\\Pipeline->Illuminate\\Pipeline\\{closure}(Object(Laravel\\Lumen\\Http\\Request))
#16 /var/www/html/app/Middleware/Authenticate.php(45): Laravel\\Lumen\\Routing\\Pipeline->Laravel\\Lumen\\Routing\\{closure}(Object(Laravel\\Lumen\\Http\\Request))
#17 /var/www/html/vendor/illuminate/pipeline/Pipeline.php(180): App\\Middleware\\Authenticate->handle(Object(Laravel\\Lumen\\Http\\Request), Object(Closure))
#18 /var/www/html/vendor/laravel/lumen-framework/src/Routing/Pipeline.php(30): Illuminate\\Pipeline\\Pipeline->Illuminate\\Pipeline\\{closure}(Object(Laravel\\Lumen\\Http\\Request))
#19 /var/www/html/vendor/illuminate/pipeline/Pipeline.php(116): Laravel\\Lumen\\Routing\\Pipeline->Laravel\\Lumen\\Routing\\{closure}(Object(Laravel\\Lumen\\Http\\Request))
#20 /var/www/html/vendor/laravel/lumen-framework/src/Concerns/RoutesRequests.php(428): Illuminate\\Pipeline\\Pipeline->then(Object(Closure))
#21 /var/www/html/vendor/laravel/lumen-framework/src/Concerns/RoutesRequests.php(265): Laravel\\Lumen\\Application->sendThroughPipeline(Array, Object(Closure))
#22 /var/www/html/vendor/laravel/lumen-framework/src/Concerns/RoutesRequests.php(171): Laravel\\Lumen\\Application->handleFoundRoute(Array)
#23 /var/www/html/vendor/laravel/lumen-framework/src/Routing/Pipeline.php(48): Laravel\\Lumen\\Application->Laravel\\Lumen\\Concerns\\{closure}(Object(Laravel\\Lumen\\Http\\Request))
#24 /var/www/html/app/Middleware/CrossMiddleware.php(48): Laravel\\Lumen\\Routing\\Pipeline->Laravel\\Lumen\\Routing\\{closure}(Object(Laravel\\Lumen\\Http\\Request))
#25 /var/www/html/vendor/illuminate/pipeline/Pipeline.php(180): App\\Middleware\\CrossMiddleware->handle(Object(Laravel\\Lumen\\Http\\Request), Object(Closure))
#26 /var/www/html/vendor/laravel/lumen-framework/src/Routing/Pipeline.php(30): Illuminate\\Pipeline\\Pipeline->Illuminate\\Pipeline\\{closure}(Object(Laravel\\Lumen\\Http\\Request))
#27 /var/www/html/vendor/illuminate/pipeline/Pipeline.php(116): Laravel\\Lumen\\Routing\\Pipeline->Laravel\\Lumen\\Routing\\{closure}(Object(Laravel\\Lumen\\Http\\Request))
#28 /var/www/html/vendor/laravel/lumen-framework/src/Concerns/RoutesRequests.php(428): Illuminate\\Pipeline\\Pipeline->then(Object(Closure))
#29 /var/www/html/vendor/laravel/lumen-framework/src/Concerns/RoutesRequests.php(177): Laravel\\Lumen\\Application->sendThroughPipeline(Array, Object(Closure))
#30 /var/www/html/vendor/laravel/lumen-framework/src/Concerns/RoutesRequests.php(112): Laravel\\Lumen\\Application->dispatch(NULL)
#31 /var/www/html/public/index.php(28): Laravel\\Lumen\\Application->run()
#32 {main}
"} 
[2026-09-23 10:55:19] production.ERROR: 数据有误 {"exception":"[object] (App\\Exceptions\\ErrorException(code: 200): 数据有误 at /var/www/html/modules/Pt/Services/ProductAskBaseService.php:176)
[stacktrace]
#0 /var/www/html/modules/Pt/Http/Controllers/Manage/ProductAskBaseController.php(62): Modules\\Pt\\Services\\ProductAskBaseService->editAsk(Object(Laravel\\Lumen\\Http\\Request))
#1 /var/www/html/vendor/illuminate/container/BoundMethod.php(36): Modules\\Pt\\Http\\Controllers\\Manage\\ProductAskBaseController->edit(Object(Laravel\\Lumen\\Http\\Request))
#2 /var/www/html/vendor/illuminate/container/Util.php(41): Illuminate\\Container\\BoundMethod::Illuminate\\Container\\{closure}()
#3 /var/www/html/vendor/illuminate/container/BoundMethod.php(93): Illuminate\\Container\\Util::unwrapIfClosure(Object(Closure))
#4 /var/www/html/vendor/illuminate/container/BoundMethod.php(37): Illuminate\\Container\\BoundMethod::callBoundMethod(Object(Laravel\\Lumen\\Application), Array, Object(Closure))
#5 /var/www/html/vendor/illuminate/container/Container.php(661): Illuminate\\Container\\BoundMethod::call(Object(Laravel\\Lumen\\Application), Array, Array, NULL)
#6 /var/www/html/vendor/laravel/lumen-framework/src/Concerns/RoutesRequests.php(391): Illuminate\\Container\\Container->call(Array, Array)
#7 /var/www/html/vendor/laravel/lumen-framework/src/Concerns/RoutesRequests.php(357): Laravel\\Lumen\\Application->callControllerCallable(Array, Array)
#8 /var/www/html/vendor/laravel/lumen-framework/src/Concerns/RoutesRequests.php(331): Laravel\\Lumen\\Application->callLumenController(Object(Modules\\Pt\\Http\\Controllers\\Manage\\ProductAskBaseController), 'edit', Array)
#9 /var/www/html/vendor/laravel/lumen-framework/src/Concerns/RoutesRequests.php(284): Laravel\\Lumen\\Application->callControllerAction(Array)
#10 /var/www/html/vendor/laravel/lumen-framework/src/Concerns/RoutesRequests.php(264): Laravel\\Lumen\\Application->callActionOnArrayBasedRoute(Array)
#11 /var/www/html/vendor/laravel/lumen-framework/src/Routing/Pipeline.php(48): Laravel\\Lumen\\Application->Laravel\\Lumen\\Concerns\\{closure}(Object(Laravel\\Lumen\\Http\\Request))
#12 /var/www/html/app/Middleware/AdminAuthenticate.php(43): Laravel\\Lumen\\Routing\\Pipeline->Laravel\\Lumen\\Routing\\{closure}(Object(Laravel\\Lumen\\Http\\Request))
#13 /var/www/html/vendor/illuminate/pipeline/Pipeline.php(180): App\\Middleware\\AdminAuthenticate->handle(Object(Laravel\\Lumen\\Http\\Request), Object(Closure))
#14 /var/www/html/vendor/laravel/lumen-framework/src/Routing/Pipeline.php(30): Illuminate\\Pipeline\\Pipeline->Illuminate\\Pipeline\\{closure}(Object(Laravel\\Lumen\\Http\\Request))
#15 /var/www/html/app/Middleware/Authenticate.php(45): Laravel\\Lumen\\Routing\\Pipeline->Laravel\\Lumen\\Routing\\{closure}(Object(Laravel\\Lumen\\Http\\Request))
#16 /var/www/html/vendor/illuminate/pipeline/Pipeline.php(180): App\\Middleware\\Authenticate->handle(Object(Laravel\\Lumen\\Http\\Request), Object(Closure))
#17 /var/www/html/vendor/laravel/lumen-framework/src/Routing/Pipeline.php(30): Illuminate\\Pipeline\\Pipeline->Illuminate\\Pipeline\\{closure}(Object(Laravel\\Lumen\\Http\\Request))
#18 /var/www/html/vendor/illuminate/pipeline/Pipeline.php(116): Laravel\\Lumen\\Routing\\Pipeline->Laravel\\Lumen\\Routing\\{closure}(Object(Laravel\\Lumen\\Http\\Request))
#19 /var/www/html/vendor/laravel/lumen-framework/src/Concerns/RoutesRequests.php(428): Illuminate\\Pipeline\\Pipeline->then(Object(Closure))
#20 /var/www/html/vendor/laravel/lumen-framework/src/Concerns/RoutesRequests.php(265): Laravel\\Lumen\\Application->sendThroughPipeline(Array, Object(Closure))
#21 /var/www/html/vendor/laravel/lumen-framework/src/Concerns/RoutesRequests.php(171): Laravel\\Lumen\\Application->handleFoundRoute(Array)
#22 /var/www/html/vendor/laravel/lumen-framework/src/Routing/Pipeline.php(48): Laravel\\Lumen\\Application->Laravel\\Lumen\\Concerns\\{closure}(Object(Laravel\\Lumen\\Http\\Request))
#23 /var/www/html/app/Middleware/CrossMiddleware.php(48): Laravel\\Lumen\\Routing\\Pipeline->Laravel\\Lumen\\Routing\\{closure}(Object(Laravel\\Lumen\\Http\\Request))
#24 /var/www/html/vendor/illuminate/pipeline/Pipeline.php(180): App\\Middleware\\CrossMiddleware->handle(Object(Laravel\\Lumen\\Http\\Request), Object(Closure))
#25 /var/www/html/vendor/laravel/lumen-framework/src/Routing/Pipeline.php(30): Illuminate\\Pipeline\\Pipeline->Illuminate\\Pipeline\\{closure}(Object(Laravel\\Lumen\\Http\\Request))
#26 /var/www/html/vendor/illuminate/pipeline/Pipeline.php(116): Laravel\\Lumen\\Routing\\Pipeline->Laravel\\Lumen\\Routing\\{closure}(Object(Laravel\\Lumen\\Http\\Request))
#27 /var/www/html/vendor/laravel/lumen-framework/src/Concerns/RoutesRequests.php(428): Illuminate\\Pipeline\\Pipeline->then(Object(Closure))
#28 /var/www/html/vendor/laravel/lumen-framework/src/Concerns/RoutesRequests.php(177): Laravel\\Lumen\\Application->sendThroughPipeline(Array, Object(Closure))
#29 /var/www/html/vendor/laravel/lumen-framework/src/Concerns/RoutesRequests.php(112): Laravel\\Lumen\\Application->dispatch(NULL)
#30 /var/www/html/public/index.php(28): Laravel\\Lumen\\Application->run()
#31 {main}
"} 
[2026-09-23 10:55:19] production.ERROR: 咨询不存在 {"exception":"[object] (App\\Exceptions\\ErrorException(code: 200): 咨询不存在 at /var/www/html/modules/Pt/Services/ProductAskBaseService.php:181)
[stacktrace]
#0 /var/www/html/modules/Pt/Http/Controllers/Manage/ProductAskBaseController.php(62): Modules\\Pt\\Services\\ProductAskBaseService->editAsk(Object(Laravel\\Lumen\\Http\\Request))
#1 /var/www/html/vendor/illuminate/container/BoundMethod.php(36): Modules\\Pt\\Http\\Controllers\\Manage\\ProductAskBaseController->edit(Object(Laravel\\Lumen\\Http\\Request))
#2 /var/www/html/vendor/illuminate/container/Util.php(41): Illuminate\\Container\\BoundMethod::Illuminate\\Container\\{closure}()
#3 /var/www/html/vendor/illuminate/container/BoundMethod.php(93): Illuminate\\Container\\Util::unwrapIfClosure(Object(Closure))
#4 /var/www/html/vendor/illuminate/container/BoundMethod.php(37): Illuminate\\Container\\BoundMethod::callBoundMethod(Object(Laravel\\Lumen\\Application), Array, Object(Closure))
#5 /var/www/html/vendor/illuminate/container/Container.php(661): Illuminate\\Container\\BoundMethod::call(Object(Laravel\\Lumen\\Application), Array, Array, NULL)
#6 /var/www/html/vendor/laravel/lumen-framework/src/Concerns/RoutesRequests.php(391): Illuminate\\Container\\Container->call(Array, Array)
#7 /var/www/html/vendor/laravel/lumen-framework/src/Concerns/RoutesRequests.php(357): Laravel\\Lumen\\Application->callControllerCallable(Array, Array)
#8 /var/www/html/vendor/laravel/lumen-framework/src/Concerns/RoutesRequests.php(331): Laravel\\Lumen\\Application->callLumenController(Object(Modules\\Pt\\Http\\Controllers\\Manage\\ProductAskBaseController), 'edit', Array)
#9 /var/www/html/vendor/laravel/lumen-framework/src/Concerns/RoutesRequests.php(284): Laravel\\Lumen\\Application->callControllerAction(Array)
#10 /var/www/html/vendor/laravel/lumen-framework/src/Concerns/RoutesRequests.php(264): Laravel\\Lumen\\Application->callActionOnArrayBasedRoute(Array)
#11 /var/www/html/vendor/laravel/lumen-framework/src/Routing/Pipeline.php(48): Laravel\\Lumen\\Application->Laravel\\Lumen\\Concerns\\{closure}(Object(Laravel\\Lumen\\Http\\Request))
#12 /var/www/html/app/Middleware/AdminAuthenticate.php(43): Laravel\\Lumen\\Routing\\Pipeline->Laravel\\Lumen\\Routing\\{closure}(Object(Laravel\\Lumen\\Http\\Request))
#13 /var/www/html/vendor/illuminate/pipeline/Pipeline.php(180): App\\Middleware\\AdminAuthenticate->handle(Object(Laravel\\Lumen\\Http\\Request), Object(Closure))
#14 /var/www/html/vendor/laravel/lumen-framework/src/Routing/Pipeline.php(30): Illuminate\\Pipeline\\Pipeline->Illuminate\\Pipeline\\{closure}(Object(Laravel\\Lumen\\Http\\Request))
#15 /var/www/html/app/Middleware/Authenticate.php(45): Laravel\\Lumen\\Routing\\Pipeline->Laravel\\Lumen\\Routing\\{closure}(Object(Laravel\\Lumen\\Http\\Request))
#16 /var/www/html/vendor/illuminate/pipeline/Pipeline.php(180): App\\Middleware\\Authenticate->handle(Object(Laravel\\Lumen\\Http\\Request), Object(Closure))
#17 /var/www/html/vendor/laravel/lumen-framework/src/Routing/Pipeline.php(30): Illuminate\\Pipeline\\Pipeline->Illuminate\\Pipeline\\{closure}(Object(Laravel\\Lumen\\Http\\Request))
#18 /var/www/html/vendor/illuminate/pipeline/Pipeline.php(116): Laravel\\Lumen\\Routing\\Pipeline->Laravel\\Lumen\\Routing\\{closure}(Object(Laravel\\Lumen\\Http\\Request))
#19 /var/www/html/vendor/laravel/lumen-framework/src/Concerns/RoutesRequests.php(428): Illuminate\\Pipeline\\Pipeline->then(Object(Closure))
#20 /var/www/html/vendor/laravel/lumen-framework/src/Concerns/RoutesRequests.php(265): Laravel\\Lumen\\Application->sendThroughPipeline(Array, Object(Closure))
#21 /var/www/html/vendor/laravel/lumen-framework/src/Concerns/RoutesRequests.php(171): Laravel\\Lumen\\Application->handleFoundRoute(Array)
#22 /var/www/html/vendor/laravel/lumen-framework/src/Routing/Pipeline.php(48): Laravel\\Lumen\\Application->Laravel\\Lumen\\Concerns\\{closure}(Object(Laravel\\Lumen\\Http\\Request))
#23 /var/www/html/app/Middleware/CrossMiddleware.php(48): Laravel\\Lumen\\Routing\\Pipeline->Laravel\\Lumen\\Routing\\{closure}(Object(Laravel\\Lumen\\Http\\Request))
#24 /var/www/html/vendor/illuminate/pipeline/Pipeline.php(180): App\\Middleware\\CrossMiddleware->handle(Object(Laravel\\Lumen\\Http\\Request), Object(Closure))
#25 /var/www/html/vendor/laravel/lumen-framework/src/Routing/Pipeline.php(30): Illuminate\\Pipeline\\Pipeline->Illuminate\\Pipeline\\{closure}(Object(Laravel\\Lumen\\Http\\Request))
#26 /var/www/html/vendor/illuminate/pipeline/Pipeline.php(116): Laravel\\Lumen\\Routing\\Pipeline->Laravel\\Lumen\\Routing\\{closure}(Object(Laravel\\Lumen\\Http\\Request))
#27 /var/www/html/vendor/laravel/lumen-framework/src/Concerns/RoutesRequests.php(428): Illuminate\\Pipeline\\Pipeline->then(Object(Closure))
#28 /var/www/html/vendor/laravel/lumen-framework/src/Concerns/RoutesRequests.php(177): Laravel\\Lumen\\Application->sendThroughPipeline(Array, Object(Closure))
#29 /var/www/html/vendor/laravel/lumen-framework/src/Concerns/RoutesRequests.php(112): Laravel\\Lumen\\Application->dispatch(NULL)
#30 /var/www/html/public/index.php(28): Laravel\\Lumen\\Application->run()
#31 {main}
"} 
[2026-09-23 10:55:19] production.ERROR: 请选择要删除的数据 {"exception":"[object] (App\\Exceptions\\ErrorException(code: 200): 请选择要删除的数据 at /var/www/html/modules/Pt/Services/ProductAskBaseService.php:275)
[stacktrace]
#0 /var/www/html/modules/Pt/Http/Controllers/Manage/ProductAskBaseController.php(73): Modules\\Pt\\Services\\ProductAskBaseService->removeAsk(Object(Laravel\\Lumen\\Http\\Request))
#1 /var/www/html/vendor/illuminate/container/BoundMethod.php(36): Modules\\Pt\\Http\\Controllers\\Manage\\ProductAskBaseController->remove(Object(Laravel\\Lumen\\Http\\Request))
#2 /var/www/html/vendor/illuminate/container/Util.php(41): Illuminate\\Container\\BoundMethod::Illuminate\\Container\\{closure}()
#3 /var/www/html/vendor/illuminate/container/BoundMethod.php(93): Illuminate\\Container\\Util::unwrapIfClosure(Object(Closure))
#4 /var/www/html/vendor/illuminate/container/BoundMethod.php(37): Illuminate\\Container\\BoundMethod::callBoundMethod(Object(Laravel\\Lumen\\Application), Array, Object(Closure))
#5 /var/www/html/vendor/illuminate/container/Container.php(661): Illuminate\\Container\\BoundMethod::call(Object(Laravel\\Lumen\\Application), Array, Array, NULL)
#6 /var/www/html/vendor/laravel/lumen-framework/src/Concerns/RoutesRequests.php(391): Illuminate\\Container\\Container->call(Array, Array)
#7 /var/www/html/vendor/laravel/lumen-framework/src/Concerns/RoutesRequests.php(357): Laravel\\Lumen\\Application->callControllerCallable(Array, Array)
#8 /var/www/html/vendor/laravel/lumen-framework/src/Concerns/RoutesRequests.php(331): Laravel\\Lumen\\Application->callLumenController(Object(Modules\\Pt\\Http\\Controllers\\Manage\\ProductAskBaseController), 'remove', Array)
#9 /var/www/html/vendor/laravel/lumen-framework/src/Concerns/RoutesRequests.php(284): Laravel\\Lumen\\Application->callControllerAction(Array)
#10 /var/www/html/vendor/laravel/lumen-framework/src/Concerns/RoutesRequests.php(264): Laravel\\Lumen\\Application->callActionOnArrayBasedRoute(Array)
#11 /var/www/html/vendor/laravel/lumen-framework/src/Routing/Pipeline.php(48): Laravel\\Lumen\\Application->Laravel\\Lumen\\Concerns\\{closure}(Object(Laravel\\Lumen\\Http\\Request))
#12 /var/www/html/app/Middleware/AdminAuthenticate.php(43): Laravel\\Lumen\\Routing\\Pipeline->Laravel\\Lumen\\Routing\\{closure}(Object(Laravel\\Lumen\\Http\\Request))
#13 /var/www/html/vendor/illuminate/pipeline/Pipeline.php(180): App\\Middleware\\AdminAuthenticate->handle(Object(Laravel\\Lumen\\Http\\Request), Object(Closure))
#14 /var/www/html/vendor/laravel/lumen-framework/src/Routing/Pipeline.php(30): Illuminate\\Pipeline\\Pipeline->Illuminate\\Pipeline\\{closure}(Object(Laravel\\Lumen\\Http\\Request))
#15 /var/www/html/app/Middleware/Authenticate.php(45): Laravel\\Lumen\\Routing\\Pipeline->Laravel\\Lumen\\Routing\\{closure}(Object(Laravel\\Lumen\\Http\\Request))
#16 /var/www/html/vendor/illuminate/pipeline/Pipeline.php(180): App\\Middleware\\Authenticate->handle(Object(Laravel\\Lumen\\Http\\Request), Object(Closure))
#17 /var/www/html/vendor/laravel/lumen-framework/src/Routing/Pipeline.php(30): Illuminate\\Pipeline\\Pipeline->Illuminate\\Pipeline\\{closure}(Object(Laravel\\Lumen\\Http\\Request))
#18 /var/www/html/vendor/illuminate/pipeline/Pipeline.php(116): Laravel\\Lumen\\Routing\\Pipeline->Laravel\\Lumen\\Routing\\{closure}(Object(Laravel\\Lumen\\Http\\Request))
#19 /var/www/html/vendor/laravel/lumen-framework/src/Concerns/RoutesRequests.php(428): Illuminate\\Pipeline\\Pipeline->then(Object(Closure))
#20 /var/www/html/vendor/laravel/lumen-framework/src/Concerns/RoutesRequests.php(265): Laravel\\Lumen\\Application->sendThroughPipeline(Array, Object(Closure))
#21 /var/www/html/vendor/laravel/lumen-framework/src/Concerns/RoutesRequests.php(171): Laravel\\Lumen\\Application->handleFoundRoute(Array)
#22 /var/www/html/vendor/laravel/lumen-framework/src/Routing/Pipeline.php(48): Laravel\\Lumen\\Application->Laravel\\Lumen\\Concerns\\{closure}(Object(Laravel\\Lumen\\Http\\Request))
#23 /var/www/html/app/Middleware/CrossMiddleware.php(48): Laravel\\Lumen\\Routing\\Pipeline->Laravel\\Lumen\\Routing\\{closure}(Object(Laravel\\Lumen\\Http\\Request))
#24 /var/www/html/vendor/illuminate/pipeline/Pipeline.php(180): App\\Middleware\\CrossMiddleware->handle(Object(Laravel\\Lumen\\Http\\Request), Object(Closure))
#25 /var/www/html/vendor/laravel/lumen-framework/src/Routing/Pipeline.php(30): Illuminate\\Pipeline\\Pipeline->Illuminate\\Pipeline\\{closure}(Object(Laravel\\Lumen\\Http\\Request))
#26 /var/www/html/vendor/illuminate/pipeline/Pipeline.php(116): Laravel\\Lumen\\Routing\\Pipeline->Laravel\\Lumen\\Routing\\{closure}(Object(Laravel\\Lumen\\Http\\Request))
#27 /var/www/html/vendor/laravel/lumen-framework/src/Concerns/RoutesRequests.php(428): Illuminate\\Pipeline\\Pipeline->then(Object(Closure))
#28 /var/www/html/vendor/laravel/lumen-framework/src/Concerns/RoutesRequests.php(177): Laravel\\Lumen\\Application->sendThroughPipeline(Array, Object(Closure))
#29 /var/www/html/vendor/laravel/lumen-framework/src/Concerns/RoutesRequests.php(112): Laravel\\Lumen\\Application->dispatch(NULL)
#30 /var/www/html/public/index.php(28): Laravel\\Lumen\\Application->run()
#31 {main}
"} 
[2026-09-23 10:55:19] production.ERROR: 请选择要删除的数据 {"exception":"[object] (App\\Exceptions\\ErrorException(code: 200): 请选择要删除的数据 at /var/www/html/modules/Pt/Services/ProductAskBaseService.php:275)
[stacktrace]
#0 /var/www/html/modules/Pt/Http/Controllers/Manage/ProductAskBaseController.php(87): Modules\\Pt\\Services\\ProductAskBaseService->removeAsk(Object(Laravel\\Lumen\\Http\\Request))
#1 /var/www/html/vendor/illuminate/container/BoundMethod.php(36): Modules\\Pt\\Http\\Controllers\\Manage\\ProductAskBaseController->removeBatch(Object(Laravel\\Lumen\\Http\\Request))
#2 /var/www/html/vendor/illuminate/container/Util.php(41): Illuminate\\Container\\BoundMethod::Illuminate\\Container\\{closure}()
#3 /var/www/html/vendor/illuminate/container/BoundMethod.php(93): Illuminate\\Container\\Util::unwrapIfClosure(Object(Closure))
#4 /var/www/html/vendor/illuminate/container/BoundMethod.php(37): Illuminate\\Container\\BoundMethod::callBoundMethod(Object(Laravel\\Lumen\\Application), Array, Object(Closure))
#5 /var/www/html/vendor/illuminate/container/Container.php(661): Illuminate\\Container\\BoundMethod::call(Object(Laravel\\Lumen\\Application), Array, Array, NULL)
#6 /var/www/html/vendor/laravel/lumen-framework/src/Concerns/RoutesRequests.php(391): Illuminate\\Container\\Container->call(Array, Array)
#7 /var/www/html/vendor/laravel/lumen-framework/src/Concerns/RoutesRequests.php(357): Laravel\\Lumen\\Application->callControllerCallable(Array, Array)
#8 /var/www/html/vendor/laravel/lumen-framework/src/Concerns/RoutesRequests.php(331): Laravel\\Lumen\\Application->callLumenController(Object(Modules\\Pt\\Http\\Controllers\\Manage\\ProductAskBaseController), 'removeBatch', Array)
#9 /var/www/html/vendor/laravel/lumen-framework/src/Concerns/RoutesRequests.php(284): Laravel\\Lumen\\Application->callControllerAction(Array)
#10 /var/www/html/vendor/laravel/lumen-framework/src/Concerns/RoutesRequests.php(264): Laravel\\Lumen\\Application->callActionOnArrayBasedRoute(Array)
#11 /var/www/html/vendor/laravel/lumen-framework/src/Routing/Pipeline.php(48): Laravel\\Lumen\\Application->Laravel\\Lumen\\Concerns\\{closure}(Object(Laravel\\Lumen\\Http\\Request))
#12 /var/www/html/app/Middleware/AdminAuthenticate.php(43): Laravel\\Lumen\\Routing\\Pipeline->Laravel\\Lumen\\Routing\\{closure}(Object(Laravel\\Lumen\\Http\\Request))
#13 /var/www/html/vendor/illuminate/pipeline/Pipeline.php(180): App\\Middleware\\AdminAuthenticate->handle(Object(Laravel\\Lumen\\Http\\Request), Object(Closure))
#14 /var/www/html/vendor/laravel/lumen-framework/src/Routing/Pipeline.php(30): Illuminate\\Pipeline\\Pipeline->Illuminate\\Pipeline\\{closure}(Object(Laravel\\Lumen\\Http\\Request))
#15 /var/www/html/app/Middleware/Authenticate.php(45): Laravel\\Lumen\\Routing\\Pipeline->Laravel\\Lumen\\Routing\\{closure}(Object(Laravel\\Lumen\\Http\\Request))
#16 /var/www/html/vendor/illuminate/pipeline/Pipeline.php(180): App\\Middleware\\Authenticate->handle(Object(Laravel\\Lumen\\Http\\Request), Object(Closure))
#17 /var/www/html/vendor/laravel/lumen-framework/src/Routing/Pipeline.php(30): Illuminate\\Pipeline\\Pipeline->Illuminate\\Pipeline\\{closure}(Object(Laravel\\Lumen\\Http\\Request))
#18 /var/www/html/vendor/illuminate/pipeline/Pipeline.php(116): Laravel\\Lumen\\Routing\\Pipeline->Laravel\\Lumen\\Routing\\{closure}(Object(Laravel\\Lumen\\Http\\Request))
#19 /var/www/html/vendor/laravel/lumen-framework/src/Concerns/RoutesRequests.php(428): Illuminate\\Pipeline\\Pipeline->then(Object(Closure))
#20 /var/www/html/vendor/laravel/lumen-framework/src/Concerns/RoutesRequests.php(265): Laravel\\Lumen\\Application->sendThroughPipeline(Array, Object(Closure))
#21 /var/www/html/vendor/laravel/lumen-framework/src/Concerns/RoutesRequests.php(171): Laravel\\Lumen\\Application->handleFoundRoute(Array)
#22 /var/www/html/vendor/laravel/lumen-framework/src/Routing/Pipeline.php(48): Laravel\\Lumen\\Application->Laravel\\Lumen\\Concerns\\{closure}(Object(Laravel\\Lumen\\Http\\Request))
#23 /var/www/html/app/Middleware/CrossMiddleware.php(48): Laravel\\Lumen\\Routing\\Pipeline->Laravel\\Lumen\\Routing\\{closure}(Object(Laravel\\Lumen\\Http\\Request))
#24 /var/www/html/vendor/illuminate/pipeline/Pipeline.php(180): App\\Middleware\\CrossMiddleware->handle(Object(Laravel\\Lumen\\Http\\Request), Object(Closure))
#25 /var/www/html/vendor/laravel/lumen-framework/src/Routing/Pipeline.php(30): Illuminate\\Pipeline\\Pipeline->Illuminate\\Pipeline\\{closure}(Object(Laravel\\Lumen\\Http\\Request))
#26 /var/www/html/vendor/illuminate/pipeline/Pipeline.php(116): Laravel\\Lumen\\Routing\\Pipeline->Laravel\\Lumen\\Routing\\{closure}(Object(Laravel\\Lumen\\Http\\Request))
#27 /var/www/html/vendor/laravel/lumen-framework/src/Concerns/RoutesRequests.php(428): Illuminate\\Pipeline\\Pipeline->then(Object(Closure))
#28 /var/www/html/vendor/laravel/lumen-framework/src/Concerns/RoutesRequests.php(177): Laravel\\Lumen\\Application->sendThroughPipeline(Array, Object(Closure))
#29 /var/www/html/vendor/laravel/lumen-framework/src/Concerns/RoutesRequests.php(112): Laravel\\Lumen\\Application->dispatch(NULL)
#30 /var/www/html/public/index.php(28): Laravel\\Lumen\\Application->run()
#31 {main}
"} 
[2026-09-23 11:02:42] production.ERROR: 请选择充值记录 {"exception":"[object] (App\\Exceptions\\ErrorException(code: 200): 请选择充值记录 at /var/www/html/modules/Pay/Services/ConsumeDepositService.php:172)
[stacktrace]
#0 /var/www/html/modules/Pay/Http/Controllers/Manage/ConsumeDepositController.php(51): Modules\\Pay\\Services\\ConsumeDepositService->editReview(Object(Laravel\\Lumen\\Http\\Request))
#1 /var/www/html/vendor/illuminate/container/BoundMethod.php(36): Modules\\Pay\\Http\\Controllers\\Manage\\ConsumeDepositController->editReview(Object(Laravel\\Lumen\\Http\\Request))
#2 /var/www/html/vendor/illuminate/container/Util.php(41): Illuminate\\Container\\BoundMethod::Illuminate\\Container\\{closure}()
#3 /var/www/html/vendor/illuminate/container/BoundMethod.php(93): Illuminate\\Container\\Util::unwrapIfClosure(Object(Closure))
#4 /var/www/html/vendor/illuminate/container/BoundMethod.php(37): Illuminate\\Container\\BoundMethod::callBoundMethod(Object(Laravel\\Lumen\\Application), Array, Object(Closure))
#5 /var/www/html/vendor/illuminate/container/Container.php(661): Illuminate\\Container\\BoundMethod::call(Object(Laravel\\Lumen\\Application), Array, Array, NULL)
#6 /var/www/html/vendor/laravel/lumen-framework/src/Concerns/RoutesRequests.php(391): Illuminate\\Container\\Container->call(Array, Array)
#7 /var/www/html/vendor/laravel/lumen-framework/src/Concerns/RoutesRequests.php(357): Laravel\\Lumen\\Application->callControllerCallable(Array, Array)
#8 /var/www/html/vendor/laravel/lumen-framework/src/Concerns/RoutesRequests.php(331): Laravel\\Lumen\\Application->callLumenController(Object(Modules\\Pay\\Http\\Controllers\\Manage\\ConsumeDepositController), 'editReview', Array)
#9 /var/www/html/vendor/laravel/lumen-framework/src/Concerns/RoutesRequests.php(284): Laravel\\Lumen\\Application->callControllerAction(Array)
#10 /var/www/html/vendor/laravel/lumen-framework/src/Concerns/RoutesRequests.php(264): Laravel\\Lumen\\Application->callActionOnArrayBasedRoute(Array)
#11 /var/www/html/vendor/laravel/lumen-framework/src/Routing/Pipeline.php(48): Laravel\\Lumen\\Application->Laravel\\Lumen\\Concerns\\{closure}(Object(Laravel\\Lumen\\Http\\Request))
#12 /var/www/html/app/Middleware/AdminAuthenticate.php(43): Laravel\\Lumen\\Routing\\Pipeline->Laravel\\Lumen\\Routing\\{closure}(Object(Laravel\\Lumen\\Http\\Request))
#13 /var/www/html/vendor/illuminate/pipeline/Pipeline.php(180): App\\Middleware\\AdminAuthenticate->handle(Object(Laravel\\Lumen\\Http\\Request), Object(Closure))
#14 /var/www/html/vendor/laravel/lumen-framework/src/Routing/Pipeline.php(30): Illuminate\\Pipeline\\Pipeline->Illuminate\\Pipeline\\{closure}(Object(Laravel\\Lumen\\Http\\Request))
#15 /var/www/html/app/Middleware/Authenticate.php(45): Laravel\\Lumen\\Routing\\Pipeline->Laravel\\Lumen\\Routing\\{closure}(Object(Laravel\\Lumen\\Http\\Request))
#16 /var/www/html/vendor/illuminate/pipeline/Pipeline.php(180): App\\Middleware\\Authenticate->handle(Object(Laravel\\Lumen\\Http\\Request), Object(Closure))
#17 /var/www/html/vendor/laravel/lumen-framework/src/Routing/Pipeline.php(30): Illuminate\\Pipeline\\Pipeline->Illuminate\\Pipeline\\{closure}(Object(Laravel\\Lumen\\Http\\Request))
#18 /var/www/html/vendor/illuminate/pipeline/Pipeline.php(116): Laravel\\Lumen\\Routing\\Pipeline->Laravel\\Lumen\\Routing\\{closure}(Object(Laravel\\Lumen\\Http\\Request))
#19 /var/www/html/vendor/laravel/lumen-framework/src/Concerns/RoutesRequests.php(428): Illuminate\\Pipeline\\Pipeline->then(Object(Closure))
#20 /var/www/html/vendor/laravel/lumen-framework/src/Concerns/RoutesRequests.php(265): Laravel\\Lumen\\Application->sendThroughPipeline(Array, Object(Closure))
#21 /var/www/html/vendor/laravel/lumen-framework/src/Concerns/RoutesRequests.php(171): Laravel\\Lumen\\Application->handleFoundRoute(Array)
#22 /var/www/html/vendor/laravel/lumen-framework/src/Routing/Pipeline.php(48): Laravel\\Lumen\\Application->Laravel\\Lumen\\Concerns\\{closure}(Object(Laravel\\Lumen\\Http\\Request))
#23 /var/www/html/app/Middleware/CrossMiddleware.php(48): Laravel\\Lumen\\Routing\\Pipeline->Laravel\\Lumen\\Routing\\{closure}(Object(Laravel\\Lumen\\Http\\Request))
#24 /var/www/html/vendor/illuminate/pipeline/Pipeline.php(180): App\\Middleware\\CrossMiddleware->handle(Object(Laravel\\Lumen\\Http\\Request), Object(Closure))
#25 /var/www/html/vendor/laravel/lumen-framework/src/Routing/Pipeline.php(30): Illuminate\\Pipeline\\Pipeline->Illuminate\\Pipeline\\{closure}(Object(Laravel\\Lumen\\Http\\Request))
#26 /var/www/html/vendor/illuminate/pipeline/Pipeline.php(116): Laravel\\Lumen\\Routing\\Pipeline->Laravel\\Lumen\\Routing\\{closure}(Object(Laravel\\Lumen\\Http\\Request))
#27 /var/www/html/vendor/laravel/lumen-framework/src/Concerns/RoutesRequests.php(428): Illuminate\\Pipeline\\Pipeline->then(Object(Closure))
#28 /var/www/html/vendor/laravel/lumen-framework/src/Concerns/RoutesRequests.php(177): Laravel\\Lumen\\Application->sendThroughPipeline(Array, Object(Closure))
#29 /var/www/html/vendor/laravel/lumen-framework/src/Concerns/RoutesRequests.php(112): Laravel\\Lumen\\Application->dispatch(NULL)
#30 /var/www/html/public/index.php(28): Laravel\\Lumen\\Application->run()
#31 {main}
"} 
[2026-09-23 11:02:42] production.ERROR: 充值记录不存在 {"exception":"[object] (App\\Exceptions\\ErrorException(code: 200): 充值记录不存在 at /var/www/html/modules/Pay/Services/ConsumeDepositService.php:177)
[stacktrace]
#0 /var/www/html/modules/Pay/Http/Controllers/Manage/ConsumeDepositController.php(51): Modules\\Pay\\Services\\ConsumeDepositService->editReview(Object(Laravel\\Lumen\\Http\\Request))
#1 /var/www/html/vendor/illuminate/container/BoundMethod.php(36): Modules\\Pay\\Http\\Controllers\\Manage\\ConsumeDepositController->editReview(Object(Laravel\\Lumen\\Http\\Request))
#2 /var/www/html/vendor/illuminate/container/Util.php(41): Illuminate\\Container\\BoundMethod::Illuminate\\Container\\{closure}()
#3 /var/www/html/vendor/illuminate/container/BoundMethod.php(93): Illuminate\\Container\\Util::unwrapIfClosure(Object(Closure))
#4 /var/www/html/vendor/illuminate/container/BoundMethod.php(37): Illuminate\\Container\\BoundMethod::callBoundMethod(Object(Laravel\\Lumen\\Application), Array, Object(Closure))
#5 /var/www/html/vendor/illuminate/container/Container.php(661): Illuminate\\Container\\BoundMethod::call(Object(Laravel\\Lumen\\Application), Array, Array, NULL)
#6 /var/www/html/vendor/laravel/lumen-framework/src/Concerns/RoutesRequests.php(391): Illuminate\\Container\\Container->call(Array, Array)
#7 /var/www/html/vendor/laravel/lumen-framework/src/Concerns/RoutesRequests.php(357): Laravel\\Lumen\\Application->callControllerCallable(Array, Array)
#8 /var/www/html/vendor/laravel/lumen-framework/src/Concerns/RoutesRequests.php(331): Laravel\\Lumen\\Application->callLumenController(Object(Modules\\Pay\\Http\\Controllers\\Manage\\ConsumeDepositController), 'editReview', Array)
#9 /var/www/html/vendor/laravel/lumen-framework/src/Concerns/RoutesRequests.php(284): Laravel\\Lumen\\Application->callControllerAction(Array)
#10 /var/www/html/vendor/laravel/lumen-framework/src/Concerns/RoutesRequests.php(264): Laravel\\Lumen\\Application->callActionOnArrayBasedRoute(Array)
#11 /var/www/html/vendor/laravel/lumen-framework/src/Routing/Pipeline.php(48): Laravel\\Lumen\\Application->Laravel\\Lumen\\Concerns\\{closure}(Object(Laravel\\Lumen\\Http\\Request))
#12 /var/www/html/app/Middleware/AdminAuthenticate.php(43): Laravel\\Lumen\\Routing\\Pipeline->Laravel\\Lumen\\Routing\\{closure}(Object(Laravel\\Lumen\\Http\\Request))
#13 /var/www/html/vendor/illuminate/pipeline/Pipeline.php(180): App\\Middleware\\AdminAuthenticate->handle(Object(Laravel\\Lumen\\Http\\Request), Object(Closure))
#14 /var/www/html/vendor/laravel/lumen-framework/src/Routing/Pipeline.php(30): Illuminate\\Pipeline\\Pipeline->Illuminate\\Pipeline\\{closure}(Object(Laravel\\Lumen\\Http\\Request))
#15 /var/www/html/app/Middleware/Authenticate.php(45): Laravel\\Lumen\\Routing\\Pipeline->Laravel\\Lumen\\Routing\\{closure}(Object(Laravel\\Lumen\\Http\\Request))
#16 /var/www/html/vendor/illuminate/pipeline/Pipeline.php(180): App\\Middleware\\Authenticate->handle(Object(Laravel\\Lumen\\Http\\Request), Object(Closure))
#17 /var/www/html/vendor/laravel/lumen-framework/src/Routing/Pipeline.php(30): Illuminate\\Pipeline\\Pipeline->Illuminate\\Pipeline\\{closure}(Object(Laravel\\Lumen\\Http\\Request))
#18 /var/www/html/vendor/illuminate/pipeline/Pipeline.php(116): Laravel\\Lumen\\Routing\\Pipeline->Laravel\\Lumen\\Routing\\{closure}(Object(Laravel\\Lumen\\Http\\Request))
#19 /var/www/html/vendor/laravel/lumen-framework/src/Concerns/RoutesRequests.php(428): Illuminate\\Pipeline\\Pipeline->then(Object(Closure))
#20 /var/www/html/vendor/laravel/lumen-framework/src/Concerns/RoutesRequests.php(265): Laravel\\Lumen\\Application->sendThroughPipeline(Array, Object(Closure))
#21 /var/www/html/vendor/laravel/lumen-framework/src/Concerns/RoutesRequests.php(171): Laravel\\Lumen\\Application->handleFoundRoute(Array)
#22 /var/www/html/vendor/laravel/lumen-framework/src/Routing/Pipeline.php(48): Laravel\\Lumen\\Application->Laravel\\Lumen\\Concerns\\{closure}(Object(Laravel\\Lumen\\Http\\Request))
#23 /var/www/html/app/Middleware/CrossMiddleware.php(48): Laravel\\Lumen\\Routing\\Pipeline->Laravel\\Lumen\\Routing\\{closure}(Object(Laravel\\Lumen\\Http\\Request))
#24 /var/www/html/vendor/illuminate/pipeline/Pipeline.php(180): App\\Middleware\\CrossMiddleware->handle(Object(Laravel\\Lumen\\Http\\Request), Object(Closure))
#25 /var/www/html/vendor/laravel/lumen-framework/src/Routing/Pipeline.php(30): Illuminate\\Pipeline\\Pipeline->Illuminate\\Pipeline\\{closure}(Object(Laravel\\Lumen\\Http\\Request))
#26 /var/www/html/vendor/illuminate/pipeline/Pipeline.php(116): Laravel\\Lumen\\Routing\\Pipeline->Laravel\\Lumen\\Routing\\{closure}(Object(Laravel\\Lumen\\Http\\Request))
#27 /var/www/html/vendor/laravel/lumen-framework/src/Concerns/RoutesRequests.php(428): Illuminate\\Pipeline\\Pipeline->then(Object(Closure))
#28 /var/www/html/vendor/laravel/lumen-framework/src/Concerns/RoutesRequests.php(177): Laravel\\Lumen\\Application->sendThroughPipeline(Array, Object(Closure))
#29 /var/www/html/vendor/laravel/lumen-framework/src/Concerns/RoutesRequests.php(112): Laravel\\Lumen\\Application->dispatch(NULL)
#30 /var/www/html/public/index.php(28): Laravel\\Lumen\\Application->run()
#31 {main}
"} 
[2026-09-23 11:03:08] production.ERROR: 该充值记录已作废，不能确认收款 {"exception":"[object] (App\\Exceptions\\ErrorException(code: 200): 该充值记录已作废，不能确认收款 at /var/www/html/modules/Pay/Services/ConsumeDepositService.php:181)
[stacktrace]
#0 /var/www/html/modules/Pay/Http/Controllers/Manage/ConsumeDepositController.php(51): Modules\\Pay\\Services\\ConsumeDepositService->editReview(Object(Laravel\\Lumen\\Http\\Request))
#1 /var/www/html/vendor/illuminate/container/BoundMethod.php(36): Modules\\Pay\\Http\\Controllers\\Manage\\ConsumeDepositController->editReview(Object(Laravel\\Lumen\\Http\\Request))
#2 /var/www/html/vendor/illuminate/container/Util.php(41): Illuminate\\Container\\BoundMethod::Illuminate\\Container\\{closure}()
#3 /var/www/html/vendor/illuminate/container/BoundMethod.php(93): Illuminate\\Container\\Util::unwrapIfClosure(Object(Closure))
#4 /var/www/html/vendor/illuminate/container/BoundMethod.php(37): Illuminate\\Container\\BoundMethod::callBoundMethod(Object(Laravel\\Lumen\\Application), Array, Object(Closure))
#5 /var/www/html/vendor/illuminate/container/Container.php(661): Illuminate\\Container\\BoundMethod::call(Object(Laravel\\Lumen\\Application), Array, Array, NULL)
#6 /var/www/html/vendor/laravel/lumen-framework/src/Concerns/RoutesRequests.php(391): Illuminate\\Container\\Container->call(Array, Array)
#7 /var/www/html/vendor/laravel/lumen-framework/src/Concerns/RoutesRequests.php(357): Laravel\\Lumen\\Application->callControllerCallable(Array, Array)
#8 /var/www/html/vendor/laravel/lumen-framework/src/Concerns/RoutesRequests.php(331): Laravel\\Lumen\\Application->callLumenController(Object(Modules\\Pay\\Http\\Controllers\\Manage\\ConsumeDepositController), 'editReview', Array)
#9 /var/www/html/vendor/laravel/lumen-framework/src/Concerns/RoutesRequests.php(284): Laravel\\Lumen\\Application->callControllerAction(Array)
#10 /var/www/html/vendor/laravel/lumen-framework/src/Concerns/RoutesRequests.php(264): Laravel\\Lumen\\Application->callActionOnArrayBasedRoute(Array)
#11 /var/www/html/vendor/laravel/lumen-framework/src/Routing/Pipeline.php(48): Laravel\\Lumen\\Application->Laravel\\Lumen\\Concerns\\{closure}(Object(Laravel\\Lumen\\Http\\Request))
#12 /var/www/html/app/Middleware/AdminAuthenticate.php(43): Laravel\\Lumen\\Routing\\Pipeline->Laravel\\Lumen\\Routing\\{closure}(Object(Laravel\\Lumen\\Http\\Request))
#13 /var/www/html/vendor/illuminate/pipeline/Pipeline.php(180): App\\Middleware\\AdminAuthenticate->handle(Object(Laravel\\Lumen\\Http\\Request), Object(Closure))
#14 /var/www/html/vendor/laravel/lumen-framework/src/Routing/Pipeline.php(30): Illuminate\\Pipeline\\Pipeline->Illuminate\\Pipeline\\{closure}(Object(Laravel\\Lumen\\Http\\Request))
#15 /var/www/html/app/Middleware/Authenticate.php(45): Laravel\\Lumen\\Routing\\Pipeline->Laravel\\Lumen\\Routing\\{closure}(Object(Laravel\\Lumen\\Http\\Request))
#16 /var/www/html/vendor/illuminate/pipeline/Pipeline.php(180): App\\Middleware\\Authenticate->handle(Object(Laravel\\Lumen\\Http\\Request), Object(Closure))
#17 /var/www/html/vendor/laravel/lumen-framework/src/Routing/Pipeline.php(30): Illuminate\\Pipeline\\Pipeline->Illuminate\\Pipeline\\{closure}(Object(Laravel\\Lumen\\Http\\Request))
#18 /var/www/html/vendor/illuminate/pipeline/Pipeline.php(116): Laravel\\Lumen\\Routing\\Pipeline->Laravel\\Lumen\\Routing\\{closure}(Object(Laravel\\Lumen\\Http\\Request))
#19 /var/www/html/vendor/laravel/lumen-framework/src/Concerns/RoutesRequests.php(428): Illuminate\\Pipeline\\Pipeline->then(Object(Closure))
#20 /var/www/html/vendor/laravel/lumen-framework/src/Concerns/RoutesRequests.php(265): Laravel\\Lumen\\Application->sendThroughPipeline(Array, Object(Closure))
#21 /var/www/html/vendor/laravel/lumen-framework/src/Concerns/RoutesRequests.php(171): Laravel\\Lumen\\Application->handleFoundRoute(Array)
#22 /var/www/html/vendor/laravel/lumen-framework/src/Routing/Pipeline.php(48): Laravel\\Lumen\\Application->Laravel\\Lumen\\Concerns\\{closure}(Object(Laravel\\Lumen\\Http\\Request))
#23 /var/www/html/app/Middleware/CrossMiddleware.php(48): Laravel\\Lumen\\Routing\\Pipeline->Laravel\\Lumen\\Routing\\{closure}(Object(Laravel\\Lumen\\Http\\Request))
#24 /var/www/html/vendor/illuminate/pipeline/Pipeline.php(180): App\\Middleware\\CrossMiddleware->handle(Object(Laravel\\Lumen\\Http\\Request), Object(Closure))
#25 /var/www/html/vendor/laravel/lumen-framework/src/Routing/Pipeline.php(30): Illuminate\\Pipeline\\Pipeline->Illuminate\\Pipeline\\{closure}(Object(Laravel\\Lumen\\Http\\Request))
#26 /var/www/html/vendor/illuminate/pipeline/Pipeline.php(116): Laravel\\Lumen\\Routing\\Pipeline->Laravel\\Lumen\\Routing\\{closure}(Object(Laravel\\Lumen\\Http\\Request))
#27 /var/www/html/vendor/laravel/lumen-framework/src/Concerns/RoutesRequests.php(428): Illuminate\\Pipeline\\Pipeline->then(Object(Closure))
#28 /var/www/html/vendor/laravel/lumen-framework/src/Concerns/RoutesRequests.php(177): Laravel\\Lumen\\Application->sendThroughPipeline(Array, Object(Closure))
#29 /var/www/html/vendor/laravel/lumen-framework/src/Concerns/RoutesRequests.php(112): Laravel\\Lumen\\Application->dispatch(NULL)
#30 /var/www/html/public/index.php(28): Laravel\\Lumen\\Application->run()
#31 {main}
"} 
[2026-09-23 11:03:45] production.ERROR: 该充值记录已作废，不能确认收款 {"exception":"[object] (App\\Exceptions\\ErrorException(code: 200): 该充值记录已作废，不能确认收款 at /var/www/html/modules/Pay/Services/ConsumeDepositService.php:181)
[stacktrace]
#0 /var/www/html/modules/Pay/Http/Controllers/Manage/ConsumeDepositController.php(51): Modules\\Pay\\Services\\ConsumeDepositService->editReview(Object(Laravel\\Lumen\\Http\\Request))
#1 /var/www/html/vendor/illuminate/container/BoundMethod.php(36): Modules\\Pay\\Http\\Controllers\\Manage\\ConsumeDepositController->editReview(Object(Laravel\\Lumen\\Http\\Request))
#2 /var/www/html/vendor/illuminate/container/Util.php(41): Illuminate\\Container\\BoundMethod::Illuminate\\Container\\{closure}()
#3 /var/www/html/vendor/illuminate/container/BoundMethod.php(93): Illuminate\\Container\\Util::unwrapIfClosure(Object(Closure))
#4 /var/www/html/vendor/illuminate/container/BoundMethod.php(37): Illuminate\\Container\\BoundMethod::callBoundMethod(Object(Laravel\\Lumen\\Application), Array, Object(Closure))
#5 /var/www/html/vendor/illuminate/container/Container.php(661): Illuminate\\Container\\BoundMethod::call(Object(Laravel\\Lumen\\Application), Array, Array, NULL)
#6 /var/www/html/vendor/laravel/lumen-framework/src/Concerns/RoutesRequests.php(391): Illuminate\\Container\\Container->call(Array, Array)
#7 /var/www/html/vendor/laravel/lumen-framework/src/Concerns/RoutesRequests.php(357): Laravel\\Lumen\\Application->callControllerCallable(Array, Array)
#8 /var/www/html/vendor/laravel/lumen-framework/src/Concerns/RoutesRequests.php(331): Laravel\\Lumen\\Application->callLumenController(Object(Modules\\Pay\\Http\\Controllers\\Manage\\ConsumeDepositController), 'editReview', Array)
#9 /var/www/html/vendor/laravel/lumen-framework/src/Concerns/RoutesRequests.php(284): Laravel\\Lumen\\Application->callControllerAction(Array)
#10 /var/www/html/vendor/laravel/lumen-framework/src/Concerns/RoutesRequests.php(264): Laravel\\Lumen\\Application->callActionOnArrayBasedRoute(Array)
#11 /var/www/html/vendor/laravel/lumen-framework/src/Routing/Pipeline.php(48): Laravel\\Lumen\\Application->Laravel\\Lumen\\Concerns\\{closure}(Object(Laravel\\Lumen\\Http\\Request))
#12 /var/www/html/app/Middleware/AdminAuthenticate.php(43): Laravel\\Lumen\\Routing\\Pipeline->Laravel\\Lumen\\Routing\\{closure}(Object(Laravel\\Lumen\\Http\\Request))
#13 /var/www/html/vendor/illuminate/pipeline/Pipeline.php(180): App\\Middleware\\AdminAuthenticate->handle(Object(Laravel\\Lumen\\Http\\Request), Object(Closure))
#14 /var/www/html/vendor/laravel/lumen-framework/src/Routing/Pipeline.php(30): Illuminate\\Pipeline\\Pipeline->Illuminate\\Pipeline\\{closure}(Object(Laravel\\Lumen\\Http\\Request))
#15 /var/www/html/app/Middleware/Authenticate.php(45): Laravel\\Lumen\\Routing\\Pipeline->Laravel\\Lumen\\Routing\\{closure}(Object(Laravel\\Lumen\\Http\\Request))
#16 /var/www/html/vendor/illuminate/pipeline/Pipeline.php(180): App\\Middleware\\Authenticate->handle(Object(Laravel\\Lumen\\Http\\Request), Object(Closure))
#17 /var/www/html/vendor/laravel/lumen-framework/src/Routing/Pipeline.php(30): Illuminate\\Pipeline\\Pipeline->Illuminate\\Pipeline\\{closure}(Object(Laravel\\Lumen\\Http\\Request))
#18 /var/www/html/vendor/illuminate/pipeline/Pipeline.php(116): Laravel\\Lumen\\Routing\\Pipeline->Laravel\\Lumen\\Routing\\{closure}(Object(Laravel\\Lumen\\Http\\Request))
#19 /var/www/html/vendor/laravel/lumen-framework/src/Concerns/RoutesRequests.php(428): Illuminate\\Pipeline\\Pipeline->then(Object(Closure))
#20 /var/www/html/vendor/laravel/lumen-framework/src/Concerns/RoutesRequests.php(265): Laravel\\Lumen\\Application->sendThroughPipeline(Array, Object(Closure))
#21 /var/www/html/vendor/laravel/lumen-framework/src/Concerns/RoutesRequests.php(171): Laravel\\Lumen\\Application->handleFoundRoute(Array)
#22 /var/www/html/vendor/laravel/lumen-framework/src/Routing/Pipeline.php(48): Laravel\\Lumen\\Application->Laravel\\Lumen\\Concerns\\{closure}(Object(Laravel\\Lumen\\Http\\Request))
#23 /var/www/html/app/Middleware/CrossMiddleware.php(48): Laravel\\Lumen\\Routing\\Pipeline->Laravel\\Lumen\\Routing\\{closure}(Object(Laravel\\Lumen\\Http\\Request))
#24 /var/www/html/vendor/illuminate/pipeline/Pipeline.php(180): App\\Middleware\\CrossMiddleware->handle(Object(Laravel\\Lumen\\Http\\Request), Object(Closure))
#25 /var/www/html/vendor/laravel/lumen-framework/src/Routing/Pipeline.php(30): Illuminate\\Pipeline\\Pipeline->Illuminate\\Pipeline\\{closure}(Object(Laravel\\Lumen\\Http\\Request))
#26 /var/www/html/vendor/illuminate/pipeline/Pipeline.php(116): Laravel\\Lumen\\Routing\\Pipeline->Laravel\\Lumen\\Routing\\{closure}(Object(Laravel\\Lumen\\Http\\Request))
#27 /var/www/html/vendor/laravel/lumen-framework/src/Concerns/RoutesRequests.php(428): Illuminate\\Pipeline\\Pipeline->then(Object(Closure))
#28 /var/www/html/vendor/laravel/lumen-framework/src/Concerns/RoutesRequests.php(177): Laravel\\Lumen\\Application->sendThroughPipeline(Array, Object(Closure))
#29 /var/www/html/vendor/laravel/lumen-framework/src/Concerns/RoutesRequests.php(112): Laravel\\Lumen\\Application->dispatch(NULL)
#30 /var/www/html/public/index.php(28): Laravel\\Lumen\\Application->run()
#31 {main}
"} 
[2026-09-23 11:03:53] production.ERROR: 请选择要删除的数据 {"exception":"[object] (App\\Exceptions\\ErrorException(code: 200): 请选择要删除的数据 at /var/www/html/modules/Sys/Services/DistrictBaseService.php:133)
[stacktrace]
#0 /var/www/html/modules/Sys/Http/Controllers/Manage/DistrictBaseController.php(97): Modules\\Sys\\Services\\DistrictBaseService->removeBatch(Object(Laravel\\Lumen\\Http\\Request))
#1 /var/www/html/vendor/illuminate/container/BoundMethod.php(36): Modules\\Sys\\Http\\Controllers\\Manage\\DistrictBaseController->removeBatch(Object(Laravel\\Lumen\\Http\\Request))
#2 /var/www/html/vendor/illuminate/container/Util.php(41): Illuminate\\Container\\BoundMethod::Illuminate\\Container\\{closure}()
#3 /var/www/html/vendor/illuminate/container/BoundMethod.php(93): Illuminate\\Container\\Util::unwrapIfClosure(Object(Closure))
#4 /var/www/html/vendor/illuminate/container/BoundMethod.php(37): Illuminate\\Container\\BoundMethod::callBoundMethod(Object(Laravel\\Lumen\\Application), Array, Object(Closure))
#5 /var/www/html/vendor/illuminate/container/Container.php(661): Illuminate\\Container\\BoundMethod::call(Object(Laravel\\Lumen\\Application), Array, Array, NULL)
#6 /var/www/html/vendor/laravel/lumen-framework/src/Concerns/RoutesRequests.php(391): Illuminate\\Container\\Container->call(Array, Array)
#7 /var/www/html/vendor/laravel/lumen-framework/src/Concerns/RoutesRequests.php(357): Laravel\\Lumen\\Application->callControllerCallable(Array, Array)
#8 /var/www/html/vendor/laravel/lumen-framework/src/Concerns/RoutesRequests.php(331): Laravel\\Lumen\\Application->callLumenController(Object(Modules\\Sys\\Http\\Controllers\\Manage\\DistrictBaseController), 'removeBatch', Array)
#9 /var/www/html/vendor/laravel/lumen-framework/src/Concerns/RoutesRequests.php(284): Laravel\\Lumen\\Application->callControllerAction(Array)
#10 /var/www/html/vendor/laravel/lumen-framework/src/Concerns/RoutesRequests.php(264): Laravel\\Lumen\\Application->callActionOnArrayBasedRoute(Array)
#11 /var/www/html/vendor/laravel/lumen-framework/src/Routing/Pipeline.php(48): Laravel\\Lumen\\Application->Laravel\\Lumen\\Concerns\\{closure}(Object(Laravel\\Lumen\\Http\\Request))
#12 /var/www/html/app/Middleware/AdminAuthenticate.php(43): Laravel\\Lumen\\Routing\\Pipeline->Laravel\\Lumen\\Routing\\{closure}(Object(Laravel\\Lumen\\Http\\Request))
#13 /var/www/html/vendor/illuminate/pipeline/Pipeline.php(180): App\\Middleware\\AdminAuthenticate->handle(Object(Laravel\\Lumen\\Http\\Request), Object(Closure))
#14 /var/www/html/vendor/laravel/lumen-framework/src/Routing/Pipeline.php(30): Illuminate\\Pipeline\\Pipeline->Illuminate\\Pipeline\\{closure}(Object(Laravel\\Lumen\\Http\\Request))
#15 /var/www/html/app/Middleware/Authenticate.php(45): Laravel\\Lumen\\Routing\\Pipeline->Laravel\\Lumen\\Routing\\{closure}(Object(Laravel\\Lumen\\Http\\Request))
#16 /var/www/html/vendor/illuminate/pipeline/Pipeline.php(180): App\\Middleware\\Authenticate->handle(Object(Laravel\\Lumen\\Http\\Request), Object(Closure))
#17 /var/www/html/vendor/laravel/lumen-framework/src/Routing/Pipeline.php(30): Illuminate\\Pipeline\\Pipeline->Illuminate\\Pipeline\\{closure}(Object(Laravel\\Lumen\\Http\\Request))
#18 /var/www/html/vendor/illuminate/pipeline/Pipeline.php(116): Laravel\\Lumen\\Routing\\Pipeline->Laravel\\Lumen\\Routing\\{closure}(Object(Laravel\\Lumen\\Http\\Request))
#19 /var/www/html/vendor/laravel/lumen-framework/src/Concerns/RoutesRequests.php(428): Illuminate\\Pipeline\\Pipeline->then(Object(Closure))
#20 /var/www/html/vendor/laravel/lumen-framework/src/Concerns/RoutesRequests.php(265): Laravel\\Lumen\\Application->sendThroughPipeline(Array, Object(Closure))
#21 /var/www/html/vendor/laravel/lumen-framework/src/Concerns/RoutesRequests.php(171): Laravel\\Lumen\\Application->handleFoundRoute(Array)
#22 /var/www/html/vendor/laravel/lumen-framework/src/Routing/Pipeline.php(48): Laravel\\Lumen\\Application->Laravel\\Lumen\\Concerns\\{closure}(Object(Laravel\\Lumen\\Http\\Request))
#23 /var/www/html/app/Middleware/CrossMiddleware.php(48): Laravel\\Lumen\\Routing\\Pipeline->Laravel\\Lumen\\Routing\\{closure}(Object(Laravel\\Lumen\\Http\\Request))
#24 /var/www/html/vendor/illuminate/pipeline/Pipeline.php(180): App\\Middleware\\CrossMiddleware->handle(Object(Laravel\\Lumen\\Http\\Request), Object(Closure))
#25 /var/www/html/vendor/laravel/lumen-framework/src/Routing/Pipeline.php(30): Illuminate\\Pipeline\\Pipeline->Illuminate\\Pipeline\\{closure}(Object(Laravel\\Lumen\\Http\\Request))
#26 /var/www/html/vendor/illuminate/pipeline/Pipeline.php(116): Laravel\\Lumen\\Routing\\Pipeline->Laravel\\Lumen\\Routing\\{closure}(Object(Laravel\\Lumen\\Http\\Request))
#27 /var/www/html/vendor/laravel/lumen-framework/src/Concerns/RoutesRequests.php(428): Illuminate\\Pipeline\\Pipeline->then(Object(Closure))
#28 /var/www/html/vendor/laravel/lumen-framework/src/Concerns/RoutesRequests.php(177): Laravel\\Lumen\\Application->sendThroughPipeline(Array, Object(Closure))
#29 /var/www/html/vendor/laravel/lumen-framework/src/Concerns/RoutesRequests.php(112): Laravel\\Lumen\\Application->dispatch(NULL)
#30 /var/www/html/public/index.php(28): Laravel\\Lumen\\Application->run()
#31 {main}
"} 
[2026-09-23 11:03:53] production.ERROR: 请输入任务名称 {"exception":"[object] (App\\Exceptions\\ErrorException(code: 200): 请输入任务名称 at /var/www/html/modules/Sys/Services/CrontabBaseService.php:46)
[stacktrace]
#0 /var/www/html/modules/Sys/Http/Controllers/Manage/CrontabBaseController.php(42): Modules\\Sys\\Services\\CrontabBaseService->addCrontab(Object(Laravel\\Lumen\\Http\\Request))
#1 /var/www/html/vendor/illuminate/container/BoundMethod.php(36): Modules\\Sys\\Http\\Controllers\\Manage\\CrontabBaseController->add(Object(Laravel\\Lumen\\Http\\Request))
#2 /var/www/html/vendor/illuminate/container/Util.php(41): Illuminate\\Container\\BoundMethod::Illuminate\\Container\\{closure}()
#3 /var/www/html/vendor/illuminate/container/BoundMethod.php(93): Illuminate\\Container\\Util::unwrapIfClosure(Object(Closure))
#4 /var/www/html/vendor/illuminate/container/BoundMethod.php(37): Illuminate\\Container\\BoundMethod::callBoundMethod(Object(Laravel\\Lumen\\Application), Array, Object(Closure))
#5 /var/www/html/vendor/illuminate/container/Container.php(661): Illuminate\\Container\\BoundMethod::call(Object(Laravel\\Lumen\\Application), Array, Array, NULL)
#6 /var/www/html/vendor/laravel/lumen-framework/src/Concerns/RoutesRequests.php(391): Illuminate\\Container\\Container->call(Array, Array)
#7 /var/www/html/vendor/laravel/lumen-framework/src/Concerns/RoutesRequests.php(357): Laravel\\Lumen\\Application->callControllerCallable(Array, Array)
#8 /var/www/html/vendor/laravel/lumen-framework/src/Concerns/RoutesRequests.php(331): Laravel\\Lumen\\Application->callLumenController(Object(Modules\\Sys\\Http\\Controllers\\Manage\\CrontabBaseController), 'add', Array)
#9 /var/www/html/vendor/laravel/lumen-framework/src/Concerns/RoutesRequests.php(284): Laravel\\Lumen\\Application->callControllerAction(Array)
#10 /var/www/html/vendor/laravel/lumen-framework/src/Concerns/RoutesRequests.php(264): Laravel\\Lumen\\Application->callActionOnArrayBasedRoute(Array)
#11 /var/www/html/vendor/laravel/lumen-framework/src/Routing/Pipeline.php(48): Laravel\\Lumen\\Application->Laravel\\Lumen\\Concerns\\{closure}(Object(Laravel\\Lumen\\Http\\Request))
#12 /var/www/html/app/Middleware/AdminAuthenticate.php(43): Laravel\\Lumen\\Routing\\Pipeline->Laravel\\Lumen\\Routing\\{closure}(Object(Laravel\\Lumen\\Http\\Request))
#13 /var/www/html/vendor/illuminate/pipeline/Pipeline.php(180): App\\Middleware\\AdminAuthenticate->handle(Object(Laravel\\Lumen\\Http\\Request), Object(Closure))
#14 /var/www/html/vendor/laravel/lumen-framework/src/Routing/Pipeline.php(30): Illuminate\\Pipeline\\Pipeline->Illuminate\\Pipeline\\{closure}(Object(Laravel\\Lumen\\Http\\Request))
#15 /var/www/html/app/Middleware/Authenticate.php(45): Laravel\\Lumen\\Routing\\Pipeline->Laravel\\Lumen\\Routing\\{closure}(Object(Laravel\\Lumen\\Http\\Request))
#16 /var/www/html/vendor/illuminate/pipeline/Pipeline.php(180): App\\Middleware\\Authenticate->handle(Object(Laravel\\Lumen\\Http\\Request), Object(Closure))
#17 /var/www/html/vendor/laravel/lumen-framework/src/Routing/Pipeline.php(30): Illuminate\\Pipeline\\Pipeline->Illuminate\\Pipeline\\{closure}(Object(Laravel\\Lumen\\Http\\Request))
#18 /var/www/html/vendor/illuminate/pipeline/Pipeline.php(116): Laravel\\Lumen\\Routing\\Pipeline->Laravel\\Lumen\\Routing\\{closure}(Object(Laravel\\Lumen\\Http\\Request))
#19 /var/www/html/vendor/laravel/lumen-framework/src/Concerns/RoutesRequests.php(428): Illuminate\\Pipeline\\Pipeline->then(Object(Closure))
#20 /var/www/html/vendor/laravel/lumen-framework/src/Concerns/RoutesRequests.php(265): Laravel\\Lumen\\Application->sendThroughPipeline(Array, Object(Closure))
#21 /var/www/html/vendor/laravel/lumen-framework/src/Concerns/RoutesRequests.php(171): Laravel\\Lumen\\Application->handleFoundRoute(Array)
#22 /var/www/html/vendor/laravel/lumen-framework/src/Routing/Pipeline.php(48): Laravel\\Lumen\\Application->Laravel\\Lumen\\Concerns\\{closure}(Object(Laravel\\Lumen\\Http\\Request))
#23 /var/www/html/app/Middleware/CrossMiddleware.php(48): Laravel\\Lumen\\Routing\\Pipeline->Laravel\\Lumen\\Routing\\{closure}(Object(Laravel\\Lumen\\Http\\Request))
#24 /var/www/html/vendor/illuminate/pipeline/Pipeline.php(180): App\\Middleware\\CrossMiddleware->handle(Object(Laravel\\Lumen\\Http\\Request), Object(Closure))
#25 /var/www/html/vendor/laravel/lumen-framework/src/Routing/Pipeline.php(30): Illuminate\\Pipeline\\Pipeline->Illuminate\\Pipeline\\{closure}(Object(Laravel\\Lumen\\Http\\Request))
#26 /var/www/html/vendor/illuminate/pipeline/Pipeline.php(116): Laravel\\Lumen\\Routing\\Pipeline->Laravel\\Lumen\\Routing\\{closure}(Object(Laravel\\Lumen\\Http\\Request))
#27 /var/www/html/vendor/laravel/lumen-framework/src/Concerns/RoutesRequests.php(428): Illuminate\\Pipeline\\Pipeline->then(Object(Closure))
#28 /var/www/html/vendor/laravel/lumen-framework/src/Concerns/RoutesRequests.php(177): Laravel\\Lumen\\Application->sendThroughPipeline(Array, Object(Closure))
#29 /var/www/html/vendor/laravel/lumen-framework/src/Concerns/RoutesRequests.php(112): Laravel\\Lumen\\Application->dispatch(NULL)
#30 /var/www/html/public/index.php(28): Laravel\\Lumen\\Application->run()
#31 {main}
"} 
[2026-09-23 11:03:53] production.ERROR: 请选择要删除的数据 {"exception":"[object] (App\\Exceptions\\ErrorException(code: 200): 请选择要删除的数据 at /var/www/html/modules/Sys/Services/CrontabBaseService.php:113)
[stacktrace]
#0 /var/www/html/modules/Sys/Http/Controllers/Manage/CrontabBaseController.php(54): Modules\\Sys\\Services\\CrontabBaseService->removeCrontab(Object(Laravel\\Lumen\\Http\\Request))
#1 /var/www/html/vendor/illuminate/container/BoundMethod.php(36): Modules\\Sys\\Http\\Controllers\\Manage\\CrontabBaseController->remove(Object(Laravel\\Lumen\\Http\\Request))
#2 /var/www/html/vendor/illuminate/container/Util.php(41): Illuminate\\Container\\BoundMethod::Illuminate\\Container\\{closure}()
#3 /var/www/html/vendor/illuminate/container/BoundMethod.php(93): Illuminate\\Container\\Util::unwrapIfClosure(Object(Closure))
#4 /var/www/html/vendor/illuminate/container/BoundMethod.php(37): Illuminate\\Container\\BoundMethod::callBoundMethod(Object(Laravel\\Lumen\\Application), Array, Object(Closure))
#5 /var/www/html/vendor/illuminate/container/Container.php(661): Illuminate\\Container\\BoundMethod::call(Object(Laravel\\Lumen\\Application), Array, Array, NULL)
#6 /var/www/html/vendor/laravel/lumen-framework/src/Concerns/RoutesRequests.php(391): Illuminate\\Container\\Container->call(Array, Array)
#7 /var/www/html/vendor/laravel/lumen-framework/src/Concerns/RoutesRequests.php(357): Laravel\\Lumen\\Application->callControllerCallable(Array, Array)
#8 /var/www/html/vendor/laravel/lumen-framework/src/Concerns/RoutesRequests.php(331): Laravel\\Lumen\\Application->callLumenController(Object(Modules\\Sys\\Http\\Controllers\\Manage\\CrontabBaseController), 'remove', Array)
#9 /var/www/html/vendor/laravel/lumen-framework/src/Concerns/RoutesRequests.php(284): Laravel\\Lumen\\Application->callControllerAction(Array)
#10 /var/www/html/vendor/laravel/lumen-framework/src/Concerns/RoutesRequests.php(264): Laravel\\Lumen\\Application->callActionOnArrayBasedRoute(Array)
#11 /var/www/html/vendor/laravel/lumen-framework/src/Routing/Pipeline.php(48): Laravel\\Lumen\\Application->Laravel\\Lumen\\Concerns\\{closure}(Object(Laravel\\Lumen\\Http\\Request))
#12 /var/www/html/app/Middleware/AdminAuthenticate.php(43): Laravel\\Lumen\\Routing\\Pipeline->Laravel\\Lumen\\Routing\\{closure}(Object(Laravel\\Lumen\\Http\\Request))
#13 /var/www/html/vendor/illuminate/pipeline/Pipeline.php(180): App\\Middleware\\AdminAuthenticate->handle(Object(Laravel\\Lumen\\Http\\Request), Object(Closure))
#14 /var/www/html/vendor/laravel/lumen-framework/src/Routing/Pipeline.php(30): Illuminate\\Pipeline\\Pipeline->Illuminate\\Pipeline\\{closure}(Object(Laravel\\Lumen\\Http\\Request))
#15 /var/www/html/app/Middleware/Authenticate.php(45): Laravel\\Lumen\\Routing\\Pipeline->Laravel\\Lumen\\Routing\\{closure}(Object(Laravel\\Lumen\\Http\\Request))
#16 /var/www/html/vendor/illuminate/pipeline/Pipeline.php(180): App\\Middleware\\Authenticate->handle(Object(Laravel\\Lumen\\Http\\Request), Object(Closure))
#17 /var/www/html/vendor/laravel/lumen-framework/src/Routing/Pipeline.php(30): Illuminate\\Pipeline\\Pipeline->Illuminate\\Pipeline\\{closure}(Object(Laravel\\Lumen\\Http\\Request))
#18 /var/www/html/vendor/illuminate/pipeline/Pipeline.php(116): Laravel\\Lumen\\Routing\\Pipeline->Laravel\\Lumen\\Routing\\{closure}(Object(Laravel\\Lumen\\Http\\Request))
#19 /var/www/html/vendor/laravel/lumen-framework/src/Concerns/RoutesRequests.php(428): Illuminate\\Pipeline\\Pipeline->then(Object(Closure))
#20 /var/www/html/vendor/laravel/lumen-framework/src/Concerns/RoutesRequests.php(265): Laravel\\Lumen\\Application->sendThroughPipeline(Array, Object(Closure))
#21 /var/www/html/vendor/laravel/lumen-framework/src/Concerns/RoutesRequests.php(171): Laravel\\Lumen\\Application->handleFoundRoute(Array)
#22 /var/www/html/vendor/laravel/lumen-framework/src/Routing/Pipeline.php(48): Laravel\\Lumen\\Application->Laravel\\Lumen\\Concerns\\{closure}(Object(Laravel\\Lumen\\Http\\Request))
#23 /var/www/html/app/Middleware/CrossMiddleware.php(48): Laravel\\Lumen\\Routing\\Pipeline->Laravel\\Lumen\\Routing\\{closure}(Object(Laravel\\Lumen\\Http\\Request))
#24 /var/www/html/vendor/illuminate/pipeline/Pipeline.php(180): App\\Middleware\\CrossMiddleware->handle(Object(Laravel\\Lumen\\Http\\Request), Object(Closure))
#25 /var/www/html/vendor/laravel/lumen-framework/src/Routing/Pipeline.php(30): Illuminate\\Pipeline\\Pipeline->Illuminate\\Pipeline\\{closure}(Object(Laravel\\Lumen\\Http\\Request))
#26 /var/www/html/vendor/illuminate/pipeline/Pipeline.php(116): Laravel\\Lumen\\Routing\\Pipeline->Laravel\\Lumen\\Routing\\{closure}(Object(Laravel\\Lumen\\Http\\Request))
#27 /var/www/html/vendor/laravel/lumen-framework/src/Concerns/RoutesRequests.php(428): Illuminate\\Pipeline\\Pipeline->then(Object(Closure))
#28 /var/www/html/vendor/laravel/lumen-framework/src/Concerns/RoutesRequests.php(177): Laravel\\Lumen\\Application->sendThroughPipeline(Array, Object(Closure))
#29 /var/www/html/vendor/laravel/lumen-framework/src/Concerns/RoutesRequests.php(112): Laravel\\Lumen\\Application->dispatch(NULL)
#30 /var/www/html/public/index.php(28): Laravel\\Lumen\\Application->run()
#31 {main}
"} 
[2026-09-23 11:03:53] production.ERROR: 请选择反馈会员 {"exception":"[object] (App\\Exceptions\\ErrorException(code: 200): 请选择反馈会员 at /var/www/html/modules/Sys/Services/FeedbackBaseService.php:62)
[stacktrace]
#0 /var/www/html/modules/Sys/Http/Controllers/Manage/FeedbackBaseController.php(42): Modules\\Sys\\Services\\FeedbackBaseService->addFeedback(Object(Laravel\\Lumen\\Http\\Request))
#1 /var/www/html/vendor/illuminate/container/BoundMethod.php(36): Modules\\Sys\\Http\\Controllers\\Manage\\FeedbackBaseController->add(Object(Laravel\\Lumen\\Http\\Request))
#2 /var/www/html/vendor/illuminate/container/Util.php(41): Illuminate\\Container\\BoundMethod::Illuminate\\Container\\{closure}()
#3 /var/www/html/vendor/illuminate/container/BoundMethod.php(93): Illuminate\\Container\\Util::unwrapIfClosure(Object(Closure))
#4 /var/www/html/vendor/illuminate/container/BoundMethod.php(37): Illuminate\\Container\\BoundMethod::callBoundMethod(Object(Laravel\\Lumen\\Application), Array, Object(Closure))
#5 /var/www/html/vendor/illuminate/container/Container.php(661): Illuminate\\Container\\BoundMethod::call(Object(Laravel\\Lumen\\Application), Array, Array, NULL)
#6 /var/www/html/vendor/laravel/lumen-framework/src/Concerns/RoutesRequests.php(391): Illuminate\\Container\\Container->call(Array, Array)
#7 /var/www/html/vendor/laravel/lumen-framework/src/Concerns/RoutesRequests.php(357): Laravel\\Lumen\\Application->callControllerCallable(Array, Array)
#8 /var/www/html/vendor/laravel/lumen-framework/src/Concerns/RoutesRequests.php(331): Laravel\\Lumen\\Application->callLumenController(Object(Modules\\Sys\\Http\\Controllers\\Manage\\FeedbackBaseController), 'add', Array)
#9 /var/www/html/vendor/laravel/lumen-framework/src/Concerns/RoutesRequests.php(284): Laravel\\Lumen\\Application->callControllerAction(Array)
#10 /var/www/html/vendor/laravel/lumen-framework/src/Concerns/RoutesRequests.php(264): Laravel\\Lumen\\Application->callActionOnArrayBasedRoute(Array)
#11 /var/www/html/vendor/laravel/lumen-framework/src/Routing/Pipeline.php(48): Laravel\\Lumen\\Application->Laravel\\Lumen\\Concerns\\{closure}(Object(Laravel\\Lumen\\Http\\Request))
#12 /var/www/html/app/Middleware/AdminAuthenticate.php(43): Laravel\\Lumen\\Routing\\Pipeline->Laravel\\Lumen\\Routing\\{closure}(Object(Laravel\\Lumen\\Http\\Request))
#13 /var/www/html/vendor/illuminate/pipeline/Pipeline.php(180): App\\Middleware\\AdminAuthenticate->handle(Object(Laravel\\Lumen\\Http\\Request), Object(Closure))
#14 /var/www/html/vendor/laravel/lumen-framework/src/Routing/Pipeline.php(30): Illuminate\\Pipeline\\Pipeline->Illuminate\\Pipeline\\{closure}(Object(Laravel\\Lumen\\Http\\Request))
#15 /var/www/html/app/Middleware/Authenticate.php(45): Laravel\\Lumen\\Routing\\Pipeline->Laravel\\Lumen\\Routing\\{closure}(Object(Laravel\\Lumen\\Http\\Request))
#16 /var/www/html/vendor/illuminate/pipeline/Pipeline.php(180): App\\Middleware\\Authenticate->handle(Object(Laravel\\Lumen\\Http\\Request), Object(Closure))
#17 /var/www/html/vendor/laravel/lumen-framework/src/Routing/Pipeline.php(30): Illuminate\\Pipeline\\Pipeline->Illuminate\\Pipeline\\{closure}(Object(Laravel\\Lumen\\Http\\Request))
#18 /var/www/html/vendor/illuminate/pipeline/Pipeline.php(116): Laravel\\Lumen\\Routing\\Pipeline->Laravel\\Lumen\\Routing\\{closure}(Object(Laravel\\Lumen\\Http\\Request))
#19 /var/www/html/vendor/laravel/lumen-framework/src/Concerns/RoutesRequests.php(428): Illuminate\\Pipeline\\Pipeline->then(Object(Closure))
#20 /var/www/html/vendor/laravel/lumen-framework/src/Concerns/RoutesRequests.php(265): Laravel\\Lumen\\Application->sendThroughPipeline(Array, Object(Closure))
#21 /var/www/html/vendor/laravel/lumen-framework/src/Concerns/RoutesRequests.php(171): Laravel\\Lumen\\Application->handleFoundRoute(Array)
#22 /var/www/html/vendor/laravel/lumen-framework/src/Routing/Pipeline.php(48): Laravel\\Lumen\\Application->Laravel\\Lumen\\Concerns\\{closure}(Object(Laravel\\Lumen\\Http\\Request))
#23 /var/www/html/app/Middleware/CrossMiddleware.php(48): Laravel\\Lumen\\Routing\\Pipeline->Laravel\\Lumen\\Routing\\{closure}(Object(Laravel\\Lumen\\Http\\Request))
#24 /var/www/html/vendor/illuminate/pipeline/Pipeline.php(180): App\\Middleware\\CrossMiddleware->handle(Object(Laravel\\Lumen\\Http\\Request), Object(Closure))
#25 /var/www/html/vendor/laravel/lumen-framework/src/Routing/Pipeline.php(30): Illuminate\\Pipeline\\Pipeline->Illuminate\\Pipeline\\{closure}(Object(Laravel\\Lumen\\Http\\Request))
#26 /var/www/html/vendor/illuminate/pipeline/Pipeline.php(116): Laravel\\Lumen\\Routing\\Pipeline->Laravel\\Lumen\\Routing\\{closure}(Object(Laravel\\Lumen\\Http\\Request))
#27 /var/www/html/vendor/laravel/lumen-framework/src/Concerns/RoutesRequests.php(428): Illuminate\\Pipeline\\Pipeline->then(Object(Closure))
#28 /var/www/html/vendor/laravel/lumen-framework/src/Concerns/RoutesRequests.php(177): Laravel\\Lumen\\Application->sendThroughPipeline(Array, Object(Closure))
#29 /var/www/html/vendor/laravel/lumen-framework/src/Concerns/RoutesRequests.php(112): Laravel\\Lumen\\Application->dispatch(NULL)
#30 /var/www/html/public/index.php(28): Laravel\\Lumen\\Application->run()
#31 {main}
"} 
[2026-09-23 11:03:53] production.ERROR: 数据有误 {"exception":"[object] (App\\Exceptions\\ErrorException(code: 200): 数据有误 at /var/www/html/modules/Sys/Services/FeedbackBaseService.php:116)
[stacktrace]
#0 /var/www/html/modules/Sys/Http/Controllers/Manage/FeedbackBaseController.php(54): Modules\\Sys\\Services\\FeedbackBaseService->editFeedback(Object(Laravel\\Lumen\\Http\\Request))
#1 /var/www/html/vendor/illuminate/container/BoundMethod.php(36): Modules\\Sys\\Http\\Controllers\\Manage\\FeedbackBaseController->edit(Object(Laravel\\Lumen\\Http\\Request))
#2 /var/www/html/vendor/illuminate/container/Util.php(41): Illuminate\\Container\\BoundMethod::Illuminate\\Container\\{closure}()
#3 /var/www/html/vendor/illuminate/container/BoundMethod.php(93): Illuminate\\Container\\Util::unwrapIfClosure(Object(Closure))
#4 /var/www/html/vendor/illuminate/container/BoundMethod.php(37): Illuminate\\Container\\BoundMethod::callBoundMethod(Object(Laravel\\Lumen\\Application), Array, Object(Closure))
#5 /var/www/html/vendor/illuminate/container/Container.php(661): Illuminate\\Container\\BoundMethod::call(Object(Laravel\\Lumen\\Application), Array, Array, NULL)
#6 /var/www/html/vendor/laravel/lumen-framework/src/Concerns/RoutesRequests.php(391): Illuminate\\Container\\Container->call(Array, Array)
#7 /var/www/html/vendor/laravel/lumen-framework/src/Concerns/RoutesRequests.php(357): Laravel\\Lumen\\Application->callControllerCallable(Array, Array)
#8 /var/www/html/vendor/laravel/lumen-framework/src/Concerns/RoutesRequests.php(331): Laravel\\Lumen\\Application->callLumenController(Object(Modules\\Sys\\Http\\Controllers\\Manage\\FeedbackBaseController), 'edit', Array)
#9 /var/www/html/vendor/laravel/lumen-framework/src/Concerns/RoutesRequests.php(284): Laravel\\Lumen\\Application->callControllerAction(Array)
#10 /var/www/html/vendor/laravel/lumen-framework/src/Concerns/RoutesRequests.php(264): Laravel\\Lumen\\Application->callActionOnArrayBasedRoute(Array)
#11 /var/www/html/vendor/laravel/lumen-framework/src/Routing/Pipeline.php(48): Laravel\\Lumen\\Application->Laravel\\Lumen\\Concerns\\{closure}(Object(Laravel\\Lumen\\Http\\Request))
#12 /var/www/html/app/Middleware/AdminAuthenticate.php(43): Laravel\\Lumen\\Routing\\Pipeline->Laravel\\Lumen\\Routing\\{closure}(Object(Laravel\\Lumen\\Http\\Request))
#13 /var/www/html/vendor/illuminate/pipeline/Pipeline.php(180): App\\Middleware\\AdminAuthenticate->handle(Object(Laravel\\Lumen\\Http\\Request), Object(Closure))
#14 /var/www/html/vendor/laravel/lumen-framework/src/Routing/Pipeline.php(30): Illuminate\\Pipeline\\Pipeline->Illuminate\\Pipeline\\{closure}(Object(Laravel\\Lumen\\Http\\Request))
#15 /var/www/html/app/Middleware/Authenticate.php(45): Laravel\\Lumen\\Routing\\Pipeline->Laravel\\Lumen\\Routing\\{closure}(Object(Laravel\\Lumen\\Http\\Request))
#16 /var/www/html/vendor/illuminate/pipeline/Pipeline.php(180): App\\Middleware\\Authenticate->handle(Object(Laravel\\Lumen\\Http\\Request), Object(Closure))
#17 /var/www/html/vendor/laravel/lumen-framework/src/Routing/Pipeline.php(30): Illuminate\\Pipeline\\Pipeline->Illuminate\\Pipeline\\{closure}(Object(Laravel\\Lumen\\Http\\Request))
#18 /var/www/html/vendor/illuminate/pipeline/Pipeline.php(116): Laravel\\Lumen\\Routing\\Pipeline->Laravel\\Lumen\\Routing\\{closure}(Object(Laravel\\Lumen\\Http\\Request))
#19 /var/www/html/vendor/laravel/lumen-framework/src/Concerns/RoutesRequests.php(428): Illuminate\\Pipeline\\Pipeline->then(Object(Closure))
#20 /var/www/html/vendor/laravel/lumen-framework/src/Concerns/RoutesRequests.php(265): Laravel\\Lumen\\Application->sendThroughPipeline(Array, Object(Closure))
#21 /var/www/html/vendor/laravel/lumen-framework/src/Concerns/RoutesRequests.php(171): Laravel\\Lumen\\Application->handleFoundRoute(Array)
#22 /var/www/html/vendor/laravel/lumen-framework/src/Routing/Pipeline.php(48): Laravel\\Lumen\\Application->Laravel\\Lumen\\Concerns\\{closure}(Object(Laravel\\Lumen\\Http\\Request))
#23 /var/www/html/app/Middleware/CrossMiddleware.php(48): Laravel\\Lumen\\Routing\\Pipeline->Laravel\\Lumen\\Routing\\{closure}(Object(Laravel\\Lumen\\Http\\Request))
#24 /var/www/html/vendor/illuminate/pipeline/Pipeline.php(180): App\\Middleware\\CrossMiddleware->handle(Object(Laravel\\Lumen\\Http\\Request), Object(Closure))
#25 /var/www/html/vendor/laravel/lumen-framework/src/Routing/Pipeline.php(30): Illuminate\\Pipeline\\Pipeline->Illuminate\\Pipeline\\{closure}(Object(Laravel\\Lumen\\Http\\Request))
#26 /var/www/html/vendor/illuminate/pipeline/Pipeline.php(116): Laravel\\Lumen\\Routing\\Pipeline->Laravel\\Lumen\\Routing\\{closure}(Object(Laravel\\Lumen\\Http\\Request))
#27 /var/www/html/vendor/laravel/lumen-framework/src/Concerns/RoutesRequests.php(428): Illuminate\\Pipeline\\Pipeline->then(Object(Closure))
#28 /var/www/html/vendor/laravel/lumen-framework/src/Concerns/RoutesRequests.php(177): Laravel\\Lumen\\Application->sendThroughPipeline(Array, Object(Closure))
#29 /var/www/html/vendor/laravel/lumen-framework/src/Concerns/RoutesRequests.php(112): Laravel\\Lumen\\Application->dispatch(NULL)
#30 /var/www/html/public/index.php(28): Laravel\\Lumen\\Application->run()
#31 {main}
"} 
[2026-09-23 11:03:53] production.ERROR: 请选择要删除的数据 {"exception":"[object] (App\\Exceptions\\ErrorException(code: 200): 请选择要删除的数据 at /var/www/html/modules/Sys/Services/FeedbackBaseService.php:180)
[stacktrace]
#0 /var/www/html/modules/Sys/Http/Controllers/Manage/FeedbackBaseController.php(70): Modules\\Sys\\Services\\FeedbackBaseService->remove(NULL)
#1 /var/www/html/vendor/illuminate/container/BoundMethod.php(36): Modules\\Sys\\Http\\Controllers\\Manage\\FeedbackBaseController->remove(Object(Laravel\\Lumen\\Http\\Request))
#2 /var/www/html/vendor/illuminate/container/Util.php(41): Illuminate\\Container\\BoundMethod::Illuminate\\Container\\{closure}()
#3 /var/www/html/vendor/illuminate/container/BoundMethod.php(93): Illuminate\\Container\\Util::unwrapIfClosure(Object(Closure))
#4 /var/www/html/vendor/illuminate/container/BoundMethod.php(37): Illuminate\\Container\\BoundMethod::callBoundMethod(Object(Laravel\\Lumen\\Application), Array, Object(Closure))
#5 /var/www/html/vendor/illuminate/container/Container.php(661): Illuminate\\Container\\BoundMethod::call(Object(Laravel\\Lumen\\Application), Array, Array, NULL)
#6 /var/www/html/vendor/laravel/lumen-framework/src/Concerns/RoutesRequests.php(391): Illuminate\\Container\\Container->call(Array, Array)
#7 /var/www/html/vendor/laravel/lumen-framework/src/Concerns/RoutesRequests.php(357): Laravel\\Lumen\\Application->callControllerCallable(Array, Array)
#8 /var/www/html/vendor/laravel/lumen-framework/src/Concerns/RoutesRequests.php(331): Laravel\\Lumen\\Application->callLumenController(Object(Modules\\Sys\\Http\\Controllers\\Manage\\FeedbackBaseController), 'remove', Array)
#9 /var/www/html/vendor/laravel/lumen-framework/src/Concerns/RoutesRequests.php(284): Laravel\\Lumen\\Application->callControllerAction(Array)
#10 /var/www/html/vendor/laravel/lumen-framework/src/Concerns/RoutesRequests.php(264): Laravel\\Lumen\\Application->callActionOnArrayBasedRoute(Array)
#11 /var/www/html/vendor/laravel/lumen-framework/src/Routing/Pipeline.php(48): Laravel\\Lumen\\Application->Laravel\\Lumen\\Concerns\\{closure}(Object(Laravel\\Lumen\\Http\\Request))
#12 /var/www/html/app/Middleware/AdminAuthenticate.php(43): Laravel\\Lumen\\Routing\\Pipeline->Laravel\\Lumen\\Routing\\{closure}(Object(Laravel\\Lumen\\Http\\Request))
#13 /var/www/html/vendor/illuminate/pipeline/Pipeline.php(180): App\\Middleware\\AdminAuthenticate->handle(Object(Laravel\\Lumen\\Http\\Request), Object(Closure))
#14 /var/www/html/vendor/laravel/lumen-framework/src/Routing/Pipeline.php(30): Illuminate\\Pipeline\\Pipeline->Illuminate\\Pipeline\\{closure}(Object(Laravel\\Lumen\\Http\\Request))
#15 /var/www/html/app/Middleware/Authenticate.php(45): Laravel\\Lumen\\Routing\\Pipeline->Laravel\\Lumen\\Routing\\{closure}(Object(Laravel\\Lumen\\Http\\Request))
#16 /var/www/html/vendor/illuminate/pipeline/Pipeline.php(180): App\\Middleware\\Authenticate->handle(Object(Laravel\\Lumen\\Http\\Request), Object(Closure))
#17 /var/www/html/vendor/laravel/lumen-framework/src/Routing/Pipeline.php(30): Illuminate\\Pipeline\\Pipeline->Illuminate\\Pipeline\\{closure}(Object(Laravel\\Lumen\\Http\\Request))
#18 /var/www/html/vendor/illuminate/pipeline/Pipeline.php(116): Laravel\\Lumen\\Routing\\Pipeline->Laravel\\Lumen\\Routing\\{closure}(Object(Laravel\\Lumen\\Http\\Request))
#19 /var/www/html/vendor/laravel/lumen-framework/src/Concerns/RoutesRequests.php(428): Illuminate\\Pipeline\\Pipeline->then(Object(Closure))
#20 /var/www/html/vendor/laravel/lumen-framework/src/Concerns/RoutesRequests.php(265): Laravel\\Lumen\\Application->sendThroughPipeline(Array, Object(Closure))
#21 /var/www/html/vendor/laravel/lumen-framework/src/Concerns/RoutesRequests.php(171): Laravel\\Lumen\\Application->handleFoundRoute(Array)
#22 /var/www/html/vendor/laravel/lumen-framework/src/Routing/Pipeline.php(48): Laravel\\Lumen\\Application->Laravel\\Lumen\\Concerns\\{closure}(Object(Laravel\\Lumen\\Http\\Request))
#23 /var/www/html/app/Middleware/CrossMiddleware.php(48): Laravel\\Lumen\\Routing\\Pipeline->Laravel\\Lumen\\Routing\\{closure}(Object(Laravel\\Lumen\\Http\\Request))
#24 /var/www/html/vendor/illuminate/pipeline/Pipeline.php(180): App\\Middleware\\CrossMiddleware->handle(Object(Laravel\\Lumen\\Http\\Request), Object(Closure))
#25 /var/www/html/vendor/laravel/lumen-framework/src/Routing/Pipeline.php(30): Illuminate\\Pipeline\\Pipeline->Illuminate\\Pipeline\\{closure}(Object(Laravel\\Lumen\\Http\\Request))
#26 /var/www/html/vendor/illuminate/pipeline/Pipeline.php(116): Laravel\\Lumen\\Routing\\Pipeline->Laravel\\Lumen\\Routing\\{closure}(Object(Laravel\\Lumen\\Http\\Request))
#27 /var/www/html/vendor/laravel/lumen-framework/src/Concerns/RoutesRequests.php(428): Illuminate\\Pipeline\\Pipeline->then(Object(Closure))
#28 /var/www/html/vendor/laravel/lumen-framework/src/Concerns/RoutesRequests.php(177): Laravel\\Lumen\\Application->sendThroughPipeline(Array, Object(Closure))
#29 /var/www/html/vendor/laravel/lumen-framework/src/Concerns/RoutesRequests.php(112): Laravel\\Lumen\\Application->dispatch(NULL)
#30 /var/www/html/public/index.php(28): Laravel\\Lumen\\Application->run()
#31 {main}
"} 
[2026-09-23 11:03:53] production.ERROR: 请先上传素材文件 {"exception":"[object] (App\\Exceptions\\ErrorException(code: 200): 请先上传素材文件 at /var/www/html/modules/Sys/Services/MaterialBaseService.php:56)
[stacktrace]
#0 /var/www/html/modules/Sys/Http/Controllers/Manage/MaterialBaseController.php(76): Modules\\Sys\\Services\\MaterialBaseService->addMaterial(Object(Laravel\\Lumen\\Http\\Request))
#1 /var/www/html/vendor/illuminate/container/BoundMethod.php(36): Modules\\Sys\\Http\\Controllers\\Manage\\MaterialBaseController->add(Object(Laravel\\Lumen\\Http\\Request))
#2 /var/www/html/vendor/illuminate/container/Util.php(41): Illuminate\\Container\\BoundMethod::Illuminate\\Container\\{closure}()
#3 /var/www/html/vendor/illuminate/container/BoundMethod.php(93): Illuminate\\Container\\Util::unwrapIfClosure(Object(Closure))
#4 /var/www/html/vendor/illuminate/container/BoundMethod.php(37): Illuminate\\Container\\BoundMethod::callBoundMethod(Object(Laravel\\Lumen\\Application), Array, Object(Closure))
#5 /var/www/html/vendor/illuminate/container/Container.php(661): Illuminate\\Container\\BoundMethod::call(Object(Laravel\\Lumen\\Application), Array, Array, NULL)
#6 /var/www/html/vendor/laravel/lumen-framework/src/Concerns/RoutesRequests.php(391): Illuminate\\Container\\Container->call(Array, Array)
#7 /var/www/html/vendor/laravel/lumen-framework/src/Concerns/RoutesRequests.php(357): Laravel\\Lumen\\Application->callControllerCallable(Array, Array)
#8 /var/www/html/vendor/laravel/lumen-framework/src/Concerns/RoutesRequests.php(331): Laravel\\Lumen\\Application->callLumenController(Object(Modules\\Sys\\Http\\Controllers\\Manage\\MaterialBaseController), 'add', Array)
#9 /var/www/html/vendor/laravel/lumen-framework/src/Concerns/RoutesRequests.php(284): Laravel\\Lumen\\Application->callControllerAction(Array)
#10 /var/www/html/vendor/laravel/lumen-framework/src/Concerns/RoutesRequests.php(264): Laravel\\Lumen\\Application->callActionOnArrayBasedRoute(Array)
#11 /var/www/html/vendor/laravel/lumen-framework/src/Routing/Pipeline.php(48): Laravel\\Lumen\\Application->Laravel\\Lumen\\Concerns\\{closure}(Object(Laravel\\Lumen\\Http\\Request))
#12 /var/www/html/app/Middleware/AdminAuthenticate.php(43): Laravel\\Lumen\\Routing\\Pipeline->Laravel\\Lumen\\Routing\\{closure}(Object(Laravel\\Lumen\\Http\\Request))
#13 /var/www/html/vendor/illuminate/pipeline/Pipeline.php(180): App\\Middleware\\AdminAuthenticate->handle(Object(Laravel\\Lumen\\Http\\Request), Object(Closure))
#14 /var/www/html/vendor/laravel/lumen-framework/src/Routing/Pipeline.php(30): Illuminate\\Pipeline\\Pipeline->Illuminate\\Pipeline\\{closure}(Object(Laravel\\Lumen\\Http\\Request))
#15 /var/www/html/app/Middleware/Authenticate.php(45): Laravel\\Lumen\\Routing\\Pipeline->Laravel\\Lumen\\Routing\\{closure}(Object(Laravel\\Lumen\\Http\\Request))
#16 /var/www/html/vendor/illuminate/pipeline/Pipeline.php(180): App\\Middleware\\Authenticate->handle(Object(Laravel\\Lumen\\Http\\Request), Object(Closure))
#17 /var/www/html/vendor/laravel/lumen-framework/src/Routing/Pipeline.php(30): Illuminate\\Pipeline\\Pipeline->Illuminate\\Pipeline\\{closure}(Object(Laravel\\Lumen\\Http\\Request))
#18 /var/www/html/vendor/illuminate/pipeline/Pipeline.php(116): Laravel\\Lumen\\Routing\\Pipeline->Laravel\\Lumen\\Routing\\{closure}(Object(Laravel\\Lumen\\Http\\Request))
#19 /var/www/html/vendor/laravel/lumen-framework/src/Concerns/RoutesRequests.php(428): Illuminate\\Pipeline\\Pipeline->then(Object(Closure))
#20 /var/www/html/vendor/laravel/lumen-framework/src/Concerns/RoutesRequests.php(265): Laravel\\Lumen\\Application->sendThroughPipeline(Array, Object(Closure))
#21 /var/www/html/vendor/laravel/lumen-framework/src/Concerns/RoutesRequests.php(171): Laravel\\Lumen\\Application->handleFoundRoute(Array)
#22 /var/www/html/vendor/laravel/lumen-framework/src/Routing/Pipeline.php(48): Laravel\\Lumen\\Application->Laravel\\Lumen\\Concerns\\{closure}(Object(Laravel\\Lumen\\Http\\Request))
#23 /var/www/html/app/Middleware/CrossMiddleware.php(48): Laravel\\Lumen\\Routing\\Pipeline->Laravel\\Lumen\\Routing\\{closure}(Object(Laravel\\Lumen\\Http\\Request))
#24 /var/www/html/vendor/illuminate/pipeline/Pipeline.php(180): App\\Middleware\\CrossMiddleware->handle(Object(Laravel\\Lumen\\Http\\Request), Object(Closure))
#25 /var/www/html/vendor/laravel/lumen-framework/src/Routing/Pipeline.php(30): Illuminate\\Pipeline\\Pipeline->Illuminate\\Pipeline\\{closure}(Object(Laravel\\Lumen\\Http\\Request))
#26 /var/www/html/vendor/illuminate/pipeline/Pipeline.php(116): Laravel\\Lumen\\Routing\\Pipeline->Laravel\\Lumen\\Routing\\{closure}(Object(Laravel\\Lumen\\Http\\Request))
#27 /var/www/html/vendor/laravel/lumen-framework/src/Concerns/RoutesRequests.php(428): Illuminate\\Pipeline\\Pipeline->then(Object(Closure))
#28 /var/www/html/vendor/laravel/lumen-framework/src/Concerns/RoutesRequests.php(177): Laravel\\Lumen\\Application->sendThroughPipeline(Array, Object(Closure))
#29 /var/www/html/vendor/laravel/lumen-framework/src/Concerns/RoutesRequests.php(112): Laravel\\Lumen\\Application->dispatch(NULL)
#30 /var/www/html/public/index.php(28): Laravel\\Lumen\\Application->run()
#31 {main}
"} 
[2026-09-23 11:03:53] production.ERROR: 请选择要删除的数据 {"exception":"[object] (App\\Exceptions\\ErrorException(code: 200): 请选择要删除的数据 at /var/www/html/modules/Sys/Services/MaterialBaseService.php:122)
[stacktrace]
#0 /var/www/html/modules/Sys/Http/Controllers/Manage/MaterialBaseController.php(88): Modules\\Sys\\Services\\MaterialBaseService->removeBatchMaterial(Object(Laravel\\Lumen\\Http\\Request))
#1 /var/www/html/vendor/illuminate/container/BoundMethod.php(36): Modules\\Sys\\Http\\Controllers\\Manage\\MaterialBaseController->removeBatch(Object(Laravel\\Lumen\\Http\\Request))
#2 /var/www/html/vendor/illuminate/container/Util.php(41): Illuminate\\Container\\BoundMethod::Illuminate\\Container\\{closure}()
#3 /var/www/html/vendor/illuminate/container/BoundMethod.php(93): Illuminate\\Container\\Util::unwrapIfClosure(Object(Closure))
#4 /var/www/html/vendor/illuminate/container/BoundMethod.php(37): Illuminate\\Container\\BoundMethod::callBoundMethod(Object(Laravel\\Lumen\\Application), Array, Object(Closure))
#5 /var/www/html/vendor/illuminate/container/Container.php(661): Illuminate\\Container\\BoundMethod::call(Object(Laravel\\Lumen\\Application), Array, Array, NULL)
#6 /var/www/html/vendor/laravel/lumen-framework/src/Concerns/RoutesRequests.php(391): Illuminate\\Container\\Container->call(Array, Array)
#7 /var/www/html/vendor/laravel/lumen-framework/src/Concerns/RoutesRequests.php(357): Laravel\\Lumen\\Application->callControllerCallable(Array, Array)
#8 /var/www/html/vendor/laravel/lumen-framework/src/Concerns/RoutesRequests.php(331): Laravel\\Lumen\\Application->callLumenController(Object(Modules\\Sys\\Http\\Controllers\\Manage\\MaterialBaseController), 'removeBatch', Array)
#9 /var/www/html/vendor/laravel/lumen-framework/src/Concerns/RoutesRequests.php(284): Laravel\\Lumen\\Application->callControllerAction(Array)
#10 /var/www/html/vendor/laravel/lumen-framework/src/Concerns/RoutesRequests.php(264): Laravel\\Lumen\\Application->callActionOnArrayBasedRoute(Array)
#11 /var/www/html/vendor/laravel/lumen-framework/src/Routing/Pipeline.php(48): Laravel\\Lumen\\Application->Laravel\\Lumen\\Concerns\\{closure}(Object(Laravel\\Lumen\\Http\\Request))
#12 /var/www/html/app/Middleware/AdminAuthenticate.php(43): Laravel\\Lumen\\Routing\\Pipeline->Laravel\\Lumen\\Routing\\{closure}(Object(Laravel\\Lumen\\Http\\Request))
#13 /var/www/html/vendor/illuminate/pipeline/Pipeline.php(180): App\\Middleware\\AdminAuthenticate->handle(Object(Laravel\\Lumen\\Http\\Request), Object(Closure))
#14 /var/www/html/vendor/laravel/lumen-framework/src/Routing/Pipeline.php(30): Illuminate\\Pipeline\\Pipeline->Illuminate\\Pipeline\\{closure}(Object(Laravel\\Lumen\\Http\\Request))
#15 /var/www/html/app/Middleware/Authenticate.php(45): Laravel\\Lumen\\Routing\\Pipeline->Laravel\\Lumen\\Routing\\{closure}(Object(Laravel\\Lumen\\Http\\Request))
#16 /var/www/html/vendor/illuminate/pipeline/Pipeline.php(180): App\\Middleware\\Authenticate->handle(Object(Laravel\\Lumen\\Http\\Request), Object(Closure))
#17 /var/www/html/vendor/laravel/lumen-framework/src/Routing/Pipeline.php(30): Illuminate\\Pipeline\\Pipeline->Illuminate\\Pipeline\\{closure}(Object(Laravel\\Lumen\\Http\\Request))
#18 /var/www/html/vendor/illuminate/pipeline/Pipeline.php(116): Laravel\\Lumen\\Routing\\Pipeline->Laravel\\Lumen\\Routing\\{closure}(Object(Laravel\\Lumen\\Http\\Request))
#19 /var/www/html/vendor/laravel/lumen-framework/src/Concerns/RoutesRequests.php(428): Illuminate\\Pipeline\\Pipeline->then(Object(Closure))
#20 /var/www/html/vendor/laravel/lumen-framework/src/Concerns/RoutesRequests.php(265): Laravel\\Lumen\\Application->sendThroughPipeline(Array, Object(Closure))
#21 /var/www/html/vendor/laravel/lumen-framework/src/Concerns/RoutesRequests.php(171): Laravel\\Lumen\\Application->handleFoundRoute(Array)
#22 /var/www/html/vendor/laravel/lumen-framework/src/Routing/Pipeline.php(48): Laravel\\Lumen\\Application->Laravel\\Lumen\\Concerns\\{closure}(Object(Laravel\\Lumen\\Http\\Request))
#23 /var/www/html/app/Middleware/CrossMiddleware.php(48): Laravel\\Lumen\\Routing\\Pipeline->Laravel\\Lumen\\Routing\\{closure}(Object(Laravel\\Lumen\\Http\\Request))
#24 /var/www/html/vendor/illuminate/pipeline/Pipeline.php(180): App\\Middleware\\CrossMiddleware->handle(Object(Laravel\\Lumen\\Http\\Request), Object(Closure))
#25 /var/www/html/vendor/laravel/lumen-framework/src/Routing/Pipeline.php(30): Illuminate\\Pipeline\\Pipeline->Illuminate\\Pipeline\\{closure}(Object(Laravel\\Lumen\\Http\\Request))
#26 /var/www/html/vendor/illuminate/pipeline/Pipeline.php(116): Laravel\\Lumen\\Routing\\Pipeline->Laravel\\Lumen\\Routing\\{closure}(Object(Laravel\\Lumen\\Http\\Request))
#27 /var/www/html/vendor/laravel/lumen-framework/src/Concerns/RoutesRequests.php(428): Illuminate\\Pipeline\\Pipeline->then(Object(Closure))
#28 /var/www/html/vendor/laravel/lumen-framework/src/Concerns/RoutesRequests.php(177): Laravel\\Lumen\\Application->sendThroughPipeline(Array, Object(Closure))
#29 /var/www/html/vendor/laravel/lumen-framework/src/Concerns/RoutesRequests.php(112): Laravel\\Lumen\\Application->dispatch(NULL)
#30 /var/www/html/public/index.php(28): Laravel\\Lumen\\Application->run()
#31 {main}
"} 
[2026-09-23 11:03:53] production.ERROR: 短信通道未配置，请先在 sys_config_base 中设置 sms_gateway_url {"exception":"[object] (App\\Exceptions\\ErrorException(code: 200): 短信通道未配置，请先在 sys_config_base 中设置 sms_gateway_url at /var/www/html/modules/Sys/Http/Controllers/Front/CaptchaController.php:137)
[stacktrace]
#0 /var/www/html/vendor/illuminate/container/BoundMethod.php(36): Modules\\Sys\\Http\\Controllers\\Front\\CaptchaController->sendMobileVerifyCode(Object(Laravel\\Lumen\\Http\\Request))
#1 /var/www/html/vendor/illuminate/container/Util.php(41): Illuminate\\Container\\BoundMethod::Illuminate\\Container\\{closure}()
#2 /var/www/html/vendor/illuminate/container/BoundMethod.php(93): Illuminate\\Container\\Util::unwrapIfClosure(Object(Closure))
#3 /var/www/html/vendor/illuminate/container/BoundMethod.php(37): Illuminate\\Container\\BoundMethod::callBoundMethod(Object(Laravel\\Lumen\\Application), Array, Object(Closure))
#4 /var/www/html/vendor/illuminate/container/Container.php(661): Illuminate\\Container\\BoundMethod::call(Object(Laravel\\Lumen\\Application), Array, Array, NULL)
#5 /var/www/html/vendor/laravel/lumen-framework/src/Concerns/RoutesRequests.php(391): Illuminate\\Container\\Container->call(Array, Array)
#6 /var/www/html/vendor/laravel/lumen-framework/src/Concerns/RoutesRequests.php(357): Laravel\\Lumen\\Application->callControllerCallable(Array, Array)
#7 /var/www/html/vendor/laravel/lumen-framework/src/Concerns/RoutesRequests.php(331): Laravel\\Lumen\\Application->callLumenController(Object(Modules\\Sys\\Http\\Controllers\\Front\\CaptchaController), 'sendMobileVerif...', Array)
#8 /var/www/html/vendor/laravel/lumen-framework/src/Concerns/RoutesRequests.php(284): Laravel\\Lumen\\Application->callControllerAction(Array)
#9 /var/www/html/vendor/laravel/lumen-framework/src/Concerns/RoutesRequests.php(269): Laravel\\Lumen\\Application->callActionOnArrayBasedRoute(Array)
#10 /var/www/html/vendor/laravel/lumen-framework/src/Concerns/RoutesRequests.php(171): Laravel\\Lumen\\Application->handleFoundRoute(Array)
#11 /var/www/html/vendor/laravel/lumen-framework/src/Routing/Pipeline.php(48): Laravel\\Lumen\\Application->Laravel\\Lumen\\Concerns\\{closure}(Object(Laravel\\Lumen\\Http\\Request))
#12 /var/www/html/app/Middleware/CrossMiddleware.php(48): Laravel\\Lumen\\Routing\\Pipeline->Laravel\\Lumen\\Routing\\{closure}(Object(Laravel\\Lumen\\Http\\Request))
#13 /var/www/html/vendor/illuminate/pipeline/Pipeline.php(180): App\\Middleware\\CrossMiddleware->handle(Object(Laravel\\Lumen\\Http\\Request), Object(Closure))
#14 /var/www/html/vendor/laravel/lumen-framework/src/Routing/Pipeline.php(30): Illuminate\\Pipeline\\Pipeline->Illuminate\\Pipeline\\{closure}(Object(Laravel\\Lumen\\Http\\Request))
#15 /var/www/html/vendor/illuminate/pipeline/Pipeline.php(116): Laravel\\Lumen\\Routing\\Pipeline->Laravel\\Lumen\\Routing\\{closure}(Object(Laravel\\Lumen\\Http\\Request))
#16 /var/www/html/vendor/laravel/lumen-framework/src/Concerns/RoutesRequests.php(428): Illuminate\\Pipeline\\Pipeline->then(Object(Closure))
#17 /var/www/html/vendor/laravel/lumen-framework/src/Concerns/RoutesRequests.php(177): Laravel\\Lumen\\Application->sendThroughPipeline(Array, Object(Closure))
#18 /var/www/html/vendor/laravel/lumen-framework/src/Concerns/RoutesRequests.php(112): Laravel\\Lumen\\Application->dispatch(NULL)
#19 /var/www/html/public/index.php(28): Laravel\\Lumen\\Application->run()
#20 {main}
"} 
[2026-09-23 11:03:53] production.ERROR: 请选择买家 {"exception":"[object] (App\\Exceptions\\ErrorException(code: 200): 请选择买家 at /var/www/html/modules/Trade/Http/Controllers/Manage/OrderBaseController.php:61)
[stacktrace]
#0 /var/www/html/vendor/illuminate/container/BoundMethod.php(36): Modules\\Trade\\Http\\Controllers\\Manage\\OrderBaseController->add(Object(Laravel\\Lumen\\Http\\Request))
#1 /var/www/html/vendor/illuminate/container/Util.php(41): Illuminate\\Container\\BoundMethod::Illuminate\\Container\\{closure}()
#2 /var/www/html/vendor/illuminate/container/BoundMethod.php(93): Illuminate\\Container\\Util::unwrapIfClosure(Object(Closure))
#3 /var/www/html/vendor/illuminate/container/BoundMethod.php(37): Illuminate\\Container\\BoundMethod::callBoundMethod(Object(Laravel\\Lumen\\Application), Array, Object(Closure))
#4 /var/www/html/vendor/illuminate/container/Container.php(661): Illuminate\\Container\\BoundMethod::call(Object(Laravel\\Lumen\\Application), Array, Array, NULL)
#5 /var/www/html/vendor/laravel/lumen-framework/src/Concerns/RoutesRequests.php(391): Illuminate\\Container\\Container->call(Array, Array)
#6 /var/www/html/vendor/laravel/lumen-framework/src/Concerns/RoutesRequests.php(357): Laravel\\Lumen\\Application->callControllerCallable(Array, Array)
#7 /var/www/html/vendor/laravel/lumen-framework/src/Concerns/RoutesRequests.php(331): Laravel\\Lumen\\Application->callLumenController(Object(Modules\\Trade\\Http\\Controllers\\Manage\\OrderBaseController), 'add', Array)
#8 /var/www/html/vendor/laravel/lumen-framework/src/Concerns/RoutesRequests.php(284): Laravel\\Lumen\\Application->callControllerAction(Array)
#9 /var/www/html/vendor/laravel/lumen-framework/src/Concerns/RoutesRequests.php(264): Laravel\\Lumen\\Application->callActionOnArrayBasedRoute(Array)
#10 /var/www/html/vendor/laravel/lumen-framework/src/Routing/Pipeline.php(48): Laravel\\Lumen\\Application->Laravel\\Lumen\\Concerns\\{closure}(Object(Laravel\\Lumen\\Http\\Request))
#11 /var/www/html/app/Middleware/AdminAuthenticate.php(43): Laravel\\Lumen\\Routing\\Pipeline->Laravel\\Lumen\\Routing\\{closure}(Object(Laravel\\Lumen\\Http\\Request))
#12 /var/www/html/vendor/illuminate/pipeline/Pipeline.php(180): App\\Middleware\\AdminAuthenticate->handle(Object(Laravel\\Lumen\\Http\\Request), Object(Closure))
#13 /var/www/html/vendor/laravel/lumen-framework/src/Routing/Pipeline.php(30): Illuminate\\Pipeline\\Pipeline->Illuminate\\Pipeline\\{closure}(Object(Laravel\\Lumen\\Http\\Request))
#14 /var/www/html/app/Middleware/Authenticate.php(45): Laravel\\Lumen\\Routing\\Pipeline->Laravel\\Lumen\\Routing\\{closure}(Object(Laravel\\Lumen\\Http\\Request))
#15 /var/www/html/vendor/illuminate/pipeline/Pipeline.php(180): App\\Middleware\\Authenticate->handle(Object(Laravel\\Lumen\\Http\\Request), Object(Closure))
#16 /var/www/html/vendor/laravel/lumen-framework/src/Routing/Pipeline.php(30): Illuminate\\Pipeline\\Pipeline->Illuminate\\Pipeline\\{closure}(Object(Laravel\\Lumen\\Http\\Request))
#17 /var/www/html/vendor/illuminate/pipeline/Pipeline.php(116): Laravel\\Lumen\\Routing\\Pipeline->Laravel\\Lumen\\Routing\\{closure}(Object(Laravel\\Lumen\\Http\\Request))
#18 /var/www/html/vendor/laravel/lumen-framework/src/Concerns/RoutesRequests.php(428): Illuminate\\Pipeline\\Pipeline->then(Object(Closure))
#19 /var/www/html/vendor/laravel/lumen-framework/src/Concerns/RoutesRequests.php(265): Laravel\\Lumen\\Application->sendThroughPipeline(Array, Object(Closure))
#20 /var/www/html/vendor/laravel/lumen-framework/src/Concerns/RoutesRequests.php(171): Laravel\\Lumen\\Application->handleFoundRoute(Array)
#21 /var/www/html/vendor/laravel/lumen-framework/src/Routing/Pipeline.php(48): Laravel\\Lumen\\Application->Laravel\\Lumen\\Concerns\\{closure}(Object(Laravel\\Lumen\\Http\\Request))
#22 /var/www/html/app/Middleware/CrossMiddleware.php(48): Laravel\\Lumen\\Routing\\Pipeline->Laravel\\Lumen\\Routing\\{closure}(Object(Laravel\\Lumen\\Http\\Request))
#23 /var/www/html/vendor/illuminate/pipeline/Pipeline.php(180): App\\Middleware\\CrossMiddleware->handle(Object(Laravel\\Lumen\\Http\\Request), Object(Closure))
#24 /var/www/html/vendor/laravel/lumen-framework/src/Routing/Pipeline.php(30): Illuminate\\Pipeline\\Pipeline->Illuminate\\Pipeline\\{closure}(Object(Laravel\\Lumen\\Http\\Request))
#25 /var/www/html/vendor/illuminate/pipeline/Pipeline.php(116): Laravel\\Lumen\\Routing\\Pipeline->Laravel\\Lumen\\Routing\\{closure}(Object(Laravel\\Lumen\\Http\\Request))
#26 /var/www/html/vendor/laravel/lumen-framework/src/Concerns/RoutesRequests.php(428): Illuminate\\Pipeline\\Pipeline->then(Object(Closure))
#27 /var/www/html/vendor/laravel/lumen-framework/src/Concerns/RoutesRequests.php(177): Laravel\\Lumen\\Application->sendThroughPipeline(Array, Object(Closure))
#28 /var/www/html/vendor/laravel/lumen-framework/src/Concerns/RoutesRequests.php(112): Laravel\\Lumen\\Application->dispatch(NULL)
#29 /var/www/html/public/index.php(28): Laravel\\Lumen\\Application->run()
#30 {main}
"} 
[2026-09-23 11:03:53] production.ERROR: 请先添加商品 {"exception":"[object] (App\\Exceptions\\ErrorException(code: 200): 请先添加商品 at /var/www/html/modules/Trade/Http/Controllers/Manage/OrderBaseController.php:68)
[stacktrace]
#0 /var/www/html/vendor/illuminate/container/BoundMethod.php(36): Modules\\Trade\\Http\\Controllers\\Manage\\OrderBaseController->add(Object(Laravel\\Lumen\\Http\\Request))
#1 /var/www/html/vendor/illuminate/container/Util.php(41): Illuminate\\Container\\BoundMethod::Illuminate\\Container\\{closure}()
#2 /var/www/html/vendor/illuminate/container/BoundMethod.php(93): Illuminate\\Container\\Util::unwrapIfClosure(Object(Closure))
#3 /var/www/html/vendor/illuminate/container/BoundMethod.php(37): Illuminate\\Container\\BoundMethod::callBoundMethod(Object(Laravel\\Lumen\\Application), Array, Object(Closure))
#4 /var/www/html/vendor/illuminate/container/Container.php(661): Illuminate\\Container\\BoundMethod::call(Object(Laravel\\Lumen\\Application), Array, Array, NULL)
#5 /var/www/html/vendor/laravel/lumen-framework/src/Concerns/RoutesRequests.php(391): Illuminate\\Container\\Container->call(Array, Array)
#6 /var/www/html/vendor/laravel/lumen-framework/src/Concerns/RoutesRequests.php(357): Laravel\\Lumen\\Application->callControllerCallable(Array, Array)
#7 /var/www/html/vendor/laravel/lumen-framework/src/Concerns/RoutesRequests.php(331): Laravel\\Lumen\\Application->callLumenController(Object(Modules\\Trade\\Http\\Controllers\\Manage\\OrderBaseController), 'add', Array)
#8 /var/www/html/vendor/laravel/lumen-framework/src/Concerns/RoutesRequests.php(284): Laravel\\Lumen\\Application->callControllerAction(Array)
#9 /var/www/html/vendor/laravel/lumen-framework/src/Concerns/RoutesRequests.php(264): Laravel\\Lumen\\Application->callActionOnArrayBasedRoute(Array)
#10 /var/www/html/vendor/laravel/lumen-framework/src/Routing/Pipeline.php(48): Laravel\\Lumen\\Application->Laravel\\Lumen\\Concerns\\{closure}(Object(Laravel\\Lumen\\Http\\Request))
#11 /var/www/html/app/Middleware/AdminAuthenticate.php(43): Laravel\\Lumen\\Routing\\Pipeline->Laravel\\Lumen\\Routing\\{closure}(Object(Laravel\\Lumen\\Http\\Request))
#12 /var/www/html/vendor/illuminate/pipeline/Pipeline.php(180): App\\Middleware\\AdminAuthenticate->handle(Object(Laravel\\Lumen\\Http\\Request), Object(Closure))
#13 /var/www/html/vendor/laravel/lumen-framework/src/Routing/Pipeline.php(30): Illuminate\\Pipeline\\Pipeline->Illuminate\\Pipeline\\{closure}(Object(Laravel\\Lumen\\Http\\Request))
#14 /var/www/html/app/Middleware/Authenticate.php(45): Laravel\\Lumen\\Routing\\Pipeline->Laravel\\Lumen\\Routing\\{closure}(Object(Laravel\\Lumen\\Http\\Request))
#15 /var/www/html/vendor/illuminate/pipeline/Pipeline.php(180): App\\Middleware\\Authenticate->handle(Object(Laravel\\Lumen\\Http\\Request), Object(Closure))
#16 /var/www/html/vendor/laravel/lumen-framework/src/Routing/Pipeline.php(30): Illuminate\\Pipeline\\Pipeline->Illuminate\\Pipeline\\{closure}(Object(Laravel\\Lumen\\Http\\Request))
#17 /var/www/html/vendor/illuminate/pipeline/Pipeline.php(116): Laravel\\Lumen\\Routing\\Pipeline->Laravel\\Lumen\\Routing\\{closure}(Object(Laravel\\Lumen\\Http\\Request))
#18 /var/www/html/vendor/laravel/lumen-framework/src/Concerns/RoutesRequests.php(428): Illuminate\\Pipeline\\Pipeline->then(Object(Closure))
#19 /var/www/html/vendor/laravel/lumen-framework/src/Concerns/RoutesRequests.php(265): Laravel\\Lumen\\Application->sendThroughPipeline(Array, Object(Closure))
#20 /var/www/html/vendor/laravel/lumen-framework/src/Concerns/RoutesRequests.php(171): Laravel\\Lumen\\Application->handleFoundRoute(Array)
#21 /var/www/html/vendor/laravel/lumen-framework/src/Routing/Pipeline.php(48): Laravel\\Lumen\\Application->Laravel\\Lumen\\Concerns\\{closure}(Object(Laravel\\Lumen\\Http\\Request))
#22 /var/www/html/app/Middleware/CrossMiddleware.php(48): Laravel\\Lumen\\Routing\\Pipeline->Laravel\\Lumen\\Routing\\{closure}(Object(Laravel\\Lumen\\Http\\Request))
#23 /var/www/html/vendor/illuminate/pipeline/Pipeline.php(180): App\\Middleware\\CrossMiddleware->handle(Object(Laravel\\Lumen\\Http\\Request), Object(Closure))
#24 /var/www/html/vendor/laravel/lumen-framework/src/Routing/Pipeline.php(30): Illuminate\\Pipeline\\Pipeline->Illuminate\\Pipeline\\{closure}(Object(Laravel\\Lumen\\Http\\Request))
#25 /var/www/html/vendor/illuminate/pipeline/Pipeline.php(116): Laravel\\Lumen\\Routing\\Pipeline->Laravel\\Lumen\\Routing\\{closure}(Object(Laravel\\Lumen\\Http\\Request))
#26 /var/www/html/vendor/laravel/lumen-framework/src/Concerns/RoutesRequests.php(428): Illuminate\\Pipeline\\Pipeline->then(Object(Closure))
#27 /var/www/html/vendor/laravel/lumen-framework/src/Concerns/RoutesRequests.php(177): Laravel\\Lumen\\Application->sendThroughPipeline(Array, Object(Closure))
#28 /var/www/html/vendor/laravel/lumen-framework/src/Concerns/RoutesRequests.php(112): Laravel\\Lumen\\Application->dispatch(NULL)
#29 /var/www/html/public/index.php(28): Laravel\\Lumen\\Application->run()
#30 {main}
"} 
[2026-09-23 11:03:53] production.ERROR: 请先添加商品 {"exception":"[object] (App\\Exceptions\\ErrorException(code: 200): 请先添加商品 at /var/www/html/modules/Trade/Http/Controllers/Manage/OrderBaseController.php:68)
[stacktrace]
#0 /var/www/html/vendor/illuminate/container/BoundMethod.php(36): Modules\\Trade\\Http\\Controllers\\Manage\\OrderBaseController->add(Object(Laravel\\Lumen\\Http\\Request))
#1 /var/www/html/vendor/illuminate/container/Util.php(41): Illuminate\\Container\\BoundMethod::Illuminate\\Container\\{closure}()
#2 /var/www/html/vendor/illuminate/container/BoundMethod.php(93): Illuminate\\Container\\Util::unwrapIfClosure(Object(Closure))
#3 /var/www/html/vendor/illuminate/container/BoundMethod.php(37): Illuminate\\Container\\BoundMethod::callBoundMethod(Object(Laravel\\Lumen\\Application), Array, Object(Closure))
#4 /var/www/html/vendor/illuminate/container/Container.php(661): Illuminate\\Container\\BoundMethod::call(Object(Laravel\\Lumen\\Application), Array, Array, NULL)
#5 /var/www/html/vendor/laravel/lumen-framework/src/Concerns/RoutesRequests.php(391): Illuminate\\Container\\Container->call(Array, Array)
#6 /var/www/html/vendor/laravel/lumen-framework/src/Concerns/RoutesRequests.php(357): Laravel\\Lumen\\Application->callControllerCallable(Array, Array)
#7 /var/www/html/vendor/laravel/lumen-framework/src/Concerns/RoutesRequests.php(331): Laravel\\Lumen\\Application->callLumenController(Object(Modules\\Trade\\Http\\Controllers\\Manage\\OrderBaseController), 'add', Array)
#8 /var/www/html/vendor/laravel/lumen-framework/src/Concerns/RoutesRequests.php(284): Laravel\\Lumen\\Application->callControllerAction(Array)
#9 /var/www/html/vendor/laravel/lumen-framework/src/Concerns/RoutesRequests.php(264): Laravel\\Lumen\\Application->callActionOnArrayBasedRoute(Array)
#10 /var/www/html/vendor/laravel/lumen-framework/src/Routing/Pipeline.php(48): Laravel\\Lumen\\Application->Laravel\\Lumen\\Concerns\\{closure}(Object(Laravel\\Lumen\\Http\\Request))
#11 /var/www/html/app/Middleware/AdminAuthenticate.php(43): Laravel\\Lumen\\Routing\\Pipeline->Laravel\\Lumen\\Routing\\{closure}(Object(Laravel\\Lumen\\Http\\Request))
#12 /var/www/html/vendor/illuminate/pipeline/Pipeline.php(180): App\\Middleware\\AdminAuthenticate->handle(Object(Laravel\\Lumen\\Http\\Request), Object(Closure))
#13 /var/www/html/vendor/laravel/lumen-framework/src/Routing/Pipeline.php(30): Illuminate\\Pipeline\\Pipeline->Illuminate\\Pipeline\\{closure}(Object(Laravel\\Lumen\\Http\\Request))
#14 /var/www/html/app/Middleware/Authenticate.php(45): Laravel\\Lumen\\Routing\\Pipeline->Laravel\\Lumen\\Routing\\{closure}(Object(Laravel\\Lumen\\Http\\Request))
#15 /var/www/html/vendor/illuminate/pipeline/Pipeline.php(180): App\\Middleware\\Authenticate->handle(Object(Laravel\\Lumen\\Http\\Request), Object(Closure))
#16 /var/www/html/vendor/laravel/lumen-framework/src/Routing/Pipeline.php(30): Illuminate\\Pipeline\\Pipeline->Illuminate\\Pipeline\\{closure}(Object(Laravel\\Lumen\\Http\\Request))
#17 /var/www/html/vendor/illuminate/pipeline/Pipeline.php(116): Laravel\\Lumen\\Routing\\Pipeline->Laravel\\Lumen\\Routing\\{closure}(Object(Laravel\\Lumen\\Http\\Request))
#18 /var/www/html/vendor/laravel/lumen-framework/src/Concerns/RoutesRequests.php(428): Illuminate\\Pipeline\\Pipeline->then(Object(Closure))
#19 /var/www/html/vendor/laravel/lumen-framework/src/Concerns/RoutesRequests.php(265): Laravel\\Lumen\\Application->sendThroughPipeline(Array, Object(Closure))
#20 /var/www/html/vendor/laravel/lumen-framework/src/Concerns/RoutesRequests.php(171): Laravel\\Lumen\\Application->handleFoundRoute(Array)
#21 /var/www/html/vendor/laravel/lumen-framework/src/Routing/Pipeline.php(48): Laravel\\Lumen\\Application->Laravel\\Lumen\\Concerns\\{closure}(Object(Laravel\\Lumen\\Http\\Request))
#22 /var/www/html/app/Middleware/CrossMiddleware.php(48): Laravel\\Lumen\\Routing\\Pipeline->Laravel\\Lumen\\Routing\\{closure}(Object(Laravel\\Lumen\\Http\\Request))
#23 /var/www/html/vendor/illuminate/pipeline/Pipeline.php(180): App\\Middleware\\CrossMiddleware->handle(Object(Laravel\\Lumen\\Http\\Request), Object(Closure))
#24 /var/www/html/vendor/laravel/lumen-framework/src/Routing/Pipeline.php(30): Illuminate\\Pipeline\\Pipeline->Illuminate\\Pipeline\\{closure}(Object(Laravel\\Lumen\\Http\\Request))
#25 /var/www/html/vendor/illuminate/pipeline/Pipeline.php(116): Laravel\\Lumen\\Routing\\Pipeline->Laravel\\Lumen\\Routing\\{closure}(Object(Laravel\\Lumen\\Http\\Request))
#26 /var/www/html/vendor/laravel/lumen-framework/src/Concerns/RoutesRequests.php(428): Illuminate\\Pipeline\\Pipeline->then(Object(Closure))
#27 /var/www/html/vendor/laravel/lumen-framework/src/Concerns/RoutesRequests.php(177): Laravel\\Lumen\\Application->sendThroughPipeline(Array, Object(Closure))
#28 /var/www/html/vendor/laravel/lumen-framework/src/Concerns/RoutesRequests.php(112): Laravel\\Lumen\\Application->dispatch(NULL)
#29 /var/www/html/public/index.php(28): Laravel\\Lumen\\Application->run()
#30 {main}
"} 
[2026-09-23 11:03:53] production.ERROR: 商品明细无效 {"exception":"[object] (App\\Exceptions\\ErrorException(code: 200): 商品明细无效 at /var/www/html/modules/Trade/Http/Controllers/Manage/OrderBaseController.php:84)
[stacktrace]
#0 /var/www/html/vendor/illuminate/container/BoundMethod.php(36): Modules\\Trade\\Http\\Controllers\\Manage\\OrderBaseController->add(Object(Laravel\\Lumen\\Http\\Request))
#1 /var/www/html/vendor/illuminate/container/Util.php(41): Illuminate\\Container\\BoundMethod::Illuminate\\Container\\{closure}()
#2 /var/www/html/vendor/illuminate/container/BoundMethod.php(93): Illuminate\\Container\\Util::unwrapIfClosure(Object(Closure))
#3 /var/www/html/vendor/illuminate/container/BoundMethod.php(37): Illuminate\\Container\\BoundMethod::callBoundMethod(Object(Laravel\\Lumen\\Application), Array, Object(Closure))
#4 /var/www/html/vendor/illuminate/container/Container.php(661): Illuminate\\Container\\BoundMethod::call(Object(Laravel\\Lumen\\Application), Array, Array, NULL)
#5 /var/www/html/vendor/laravel/lumen-framework/src/Concerns/RoutesRequests.php(391): Illuminate\\Container\\Container->call(Array, Array)
#6 /var/www/html/vendor/laravel/lumen-framework/src/Concerns/RoutesRequests.php(357): Laravel\\Lumen\\Application->callControllerCallable(Array, Array)
#7 /var/www/html/vendor/laravel/lumen-framework/src/Concerns/RoutesRequests.php(331): Laravel\\Lumen\\Application->callLumenController(Object(Modules\\Trade\\Http\\Controllers\\Manage\\OrderBaseController), 'add', Array)
#8 /var/www/html/vendor/laravel/lumen-framework/src/Concerns/RoutesRequests.php(284): Laravel\\Lumen\\Application->callControllerAction(Array)
#9 /var/www/html/vendor/laravel/lumen-framework/src/Concerns/RoutesRequests.php(264): Laravel\\Lumen\\Application->callActionOnArrayBasedRoute(Array)
#10 /var/www/html/vendor/laravel/lumen-framework/src/Routing/Pipeline.php(48): Laravel\\Lumen\\Application->Laravel\\Lumen\\Concerns\\{closure}(Object(Laravel\\Lumen\\Http\\Request))
#11 /var/www/html/app/Middleware/AdminAuthenticate.php(43): Laravel\\Lumen\\Routing\\Pipeline->Laravel\\Lumen\\Routing\\{closure}(Object(Laravel\\Lumen\\Http\\Request))
#12 /var/www/html/vendor/illuminate/pipeline/Pipeline.php(180): App\\Middleware\\AdminAuthenticate->handle(Object(Laravel\\Lumen\\Http\\Request), Object(Closure))
#13 /var/www/html/vendor/laravel/lumen-framework/src/Routing/Pipeline.php(30): Illuminate\\Pipeline\\Pipeline->Illuminate\\Pipeline\\{closure}(Object(Laravel\\Lumen\\Http\\Request))
#14 /var/www/html/app/Middleware/Authenticate.php(45): Laravel\\Lumen\\Routing\\Pipeline->Laravel\\Lumen\\Routing\\{closure}(Object(Laravel\\Lumen\\Http\\Request))
#15 /var/www/html/vendor/illuminate/pipeline/Pipeline.php(180): App\\Middleware\\Authenticate->handle(Object(Laravel\\Lumen\\Http\\Request), Object(Closure))
#16 /var/www/html/vendor/laravel/lumen-framework/src/Routing/Pipeline.php(30): Illuminate\\Pipeline\\Pipeline->Illuminate\\Pipeline\\{closure}(Object(Laravel\\Lumen\\Http\\Request))
#17 /var/www/html/vendor/illuminate/pipeline/Pipeline.php(116): Laravel\\Lumen\\Routing\\Pipeline->Laravel\\Lumen\\Routing\\{closure}(Object(Laravel\\Lumen\\Http\\Request))
#18 /var/www/html/vendor/laravel/lumen-framework/src/Concerns/RoutesRequests.php(428): Illuminate\\Pipeline\\Pipeline->then(Object(Closure))
#19 /var/www/html/vendor/laravel/lumen-framework/src/Concerns/RoutesRequests.php(265): Laravel\\Lumen\\Application->sendThroughPipeline(Array, Object(Closure))
#20 /var/www/html/vendor/laravel/lumen-framework/src/Concerns/RoutesRequests.php(171): Laravel\\Lumen\\Application->handleFoundRoute(Array)
#21 /var/www/html/vendor/laravel/lumen-framework/src/Routing/Pipeline.php(48): Laravel\\Lumen\\Application->Laravel\\Lumen\\Concerns\\{closure}(Object(Laravel\\Lumen\\Http\\Request))
#22 /var/www/html/app/Middleware/CrossMiddleware.php(48): Laravel\\Lumen\\Routing\\Pipeline->Laravel\\Lumen\\Routing\\{closure}(Object(Laravel\\Lumen\\Http\\Request))
#23 /var/www/html/vendor/illuminate/pipeline/Pipeline.php(180): App\\Middleware\\CrossMiddleware->handle(Object(Laravel\\Lumen\\Http\\Request), Object(Closure))
#24 /var/www/html/vendor/laravel/lumen-framework/src/Routing/Pipeline.php(30): Illuminate\\Pipeline\\Pipeline->Illuminate\\Pipeline\\{closure}(Object(Laravel\\Lumen\\Http\\Request))
#25 /var/www/html/vendor/illuminate/pipeline/Pipeline.php(116): Laravel\\Lumen\\Routing\\Pipeline->Laravel\\Lumen\\Routing\\{closure}(Object(Laravel\\Lumen\\Http\\Request))
#26 /var/www/html/vendor/laravel/lumen-framework/src/Concerns/RoutesRequests.php(428): Illuminate\\Pipeline\\Pipeline->then(Object(Closure))
#27 /var/www/html/vendor/laravel/lumen-framework/src/Concerns/RoutesRequests.php(177): Laravel\\Lumen\\Application->sendThroughPipeline(Array, Object(Closure))
#28 /var/www/html/vendor/laravel/lumen-framework/src/Concerns/RoutesRequests.php(112): Laravel\\Lumen\\Application->dispatch(NULL)
#29 /var/www/html/public/index.php(28): Laravel\\Lumen\\Application->run()
#30 {main}
"} 
[2026-09-23 11:03:53] production.ERROR: 用户信息不存在！ {"exception":"[object] (App\\Exceptions\\ErrorException(code: 200): 用户信息不存在！ at /var/www/html/modules/Trade/Services/UserCartService.php:355)
[stacktrace]
#0 /var/www/html/modules/Trade/Services/UserCartService.php(334): Modules\\Trade\\Services\\UserCartService->formatCartRows(Array)
#1 /var/www/html/modules/Trade/Http/Controllers/Manage/OrderBaseController.php(96): Modules\\Trade\\Services\\UserCartService->checkout(Object(Laravel\\Lumen\\Http\\Request), 99999999)
#2 /var/www/html/vendor/illuminate/container/BoundMethod.php(36): Modules\\Trade\\Http\\Controllers\\Manage\\OrderBaseController->add(Object(Laravel\\Lumen\\Http\\Request))
#3 /var/www/html/vendor/illuminate/container/Util.php(41): Illuminate\\Container\\BoundMethod::Illuminate\\Container\\{closure}()
#4 /var/www/html/vendor/illuminate/container/BoundMethod.php(93): Illuminate\\Container\\Util::unwrapIfClosure(Object(Closure))
#5 /var/www/html/vendor/illuminate/container/BoundMethod.php(37): Illuminate\\Container\\BoundMethod::callBoundMethod(Object(Laravel\\Lumen\\Application), Array, Object(Closure))
#6 /var/www/html/vendor/illuminate/container/Container.php(661): Illuminate\\Container\\BoundMethod::call(Object(Laravel\\Lumen\\Application), Array, Array, NULL)
#7 /var/www/html/vendor/laravel/lumen-framework/src/Concerns/RoutesRequests.php(391): Illuminate\\Container\\Container->call(Array, Array)
#8 /var/www/html/vendor/laravel/lumen-framework/src/Concerns/RoutesRequests.php(357): Laravel\\Lumen\\Application->callControllerCallable(Array, Array)
#9 /var/www/html/vendor/laravel/lumen-framework/src/Concerns/RoutesRequests.php(331): Laravel\\Lumen\\Application->callLumenController(Object(Modules\\Trade\\Http\\Controllers\\Manage\\OrderBaseController), 'add', Array)
#10 /var/www/html/vendor/laravel/lumen-framework/src/Concerns/RoutesRequests.php(284): Laravel\\Lumen\\Application->callControllerAction(Array)
#11 /var/www/html/vendor/laravel/lumen-framework/src/Concerns/RoutesRequests.php(264): Laravel\\Lumen\\Application->callActionOnArrayBasedRoute(Array)
#12 /var/www/html/vendor/laravel/lumen-framework/src/Routing/Pipeline.php(48): Laravel\\Lumen\\Application->Laravel\\Lumen\\Concerns\\{closure}(Object(Laravel\\Lumen\\Http\\Request))
#13 /var/www/html/app/Middleware/AdminAuthenticate.php(43): Laravel\\Lumen\\Routing\\Pipeline->Laravel\\Lumen\\Routing\\{closure}(Object(Laravel\\Lumen\\Http\\Request))
#14 /var/www/html/vendor/illuminate/pipeline/Pipeline.php(180): App\\Middleware\\AdminAuthenticate->handle(Object(Laravel\\Lumen\\Http\\Request), Object(Closure))
#15 /var/www/html/vendor/laravel/lumen-framework/src/Routing/Pipeline.php(30): Illuminate\\Pipeline\\Pipeline->Illuminate\\Pipeline\\{closure}(Object(Laravel\\Lumen\\Http\\Request))
#16 /var/www/html/app/Middleware/Authenticate.php(45): Laravel\\Lumen\\Routing\\Pipeline->Laravel\\Lumen\\Routing\\{closure}(Object(Laravel\\Lumen\\Http\\Request))
#17 /var/www/html/vendor/illuminate/pipeline/Pipeline.php(180): App\\Middleware\\Authenticate->handle(Object(Laravel\\Lumen\\Http\\Request), Object(Closure))
#18 /var/www/html/vendor/laravel/lumen-framework/src/Routing/Pipeline.php(30): Illuminate\\Pipeline\\Pipeline->Illuminate\\Pipeline\\{closure}(Object(Laravel\\Lumen\\Http\\Request))
#19 /var/www/html/vendor/illuminate/pipeline/Pipeline.php(116): Laravel\\Lumen\\Routing\\Pipeline->Laravel\\Lumen\\Routing\\{closure}(Object(Laravel\\Lumen\\Http\\Request))
#20 /var/www/html/vendor/laravel/lumen-framework/src/Concerns/RoutesRequests.php(428): Illuminate\\Pipeline\\Pipeline->then(Object(Closure))
#21 /var/www/html/vendor/laravel/lumen-framework/src/Concerns/RoutesRequests.php(265): Laravel\\Lumen\\Application->sendThroughPipeline(Array, Object(Closure))
#22 /var/www/html/vendor/laravel/lumen-framework/src/Concerns/RoutesRequests.php(171): Laravel\\Lumen\\Application->handleFoundRoute(Array)
#23 /var/www/html/vendor/laravel/lumen-framework/src/Routing/Pipeline.php(48): Laravel\\Lumen\\Application->Laravel\\Lumen\\Concerns\\{closure}(Object(Laravel\\Lumen\\Http\\Request))
#24 /var/www/html/app/Middleware/CrossMiddleware.php(48): Laravel\\Lumen\\Routing\\Pipeline->Laravel\\Lumen\\Routing\\{closure}(Object(Laravel\\Lumen\\Http\\Request))
#25 /var/www/html/vendor/illuminate/pipeline/Pipeline.php(180): App\\Middleware\\CrossMiddleware->handle(Object(Laravel\\Lumen\\Http\\Request), Object(Closure))
#26 /var/www/html/vendor/laravel/lumen-framework/src/Routing/Pipeline.php(30): Illuminate\\Pipeline\\Pipeline->Illuminate\\Pipeline\\{closure}(Object(Laravel\\Lumen\\Http\\Request))
#27 /var/www/html/vendor/illuminate/pipeline/Pipeline.php(116): Laravel\\Lumen\\Routing\\Pipeline->Laravel\\Lumen\\Routing\\{closure}(Object(Laravel\\Lumen\\Http\\Request))
#28 /var/www/html/vendor/laravel/lumen-framework/src/Concerns/RoutesRequests.php(428): Illuminate\\Pipeline\\Pipeline->then(Object(Closure))
#29 /var/www/html/vendor/laravel/lumen-framework/src/Concerns/RoutesRequests.php(177): Laravel\\Lumen\\Application->sendThroughPipeline(Array, Object(Closure))
#30 /var/www/html/vendor/laravel/lumen-framework/src/Concerns/RoutesRequests.php(112): Laravel\\Lumen\\Application->dispatch(NULL)
#31 /var/www/html/public/index.php(28): Laravel\\Lumen\\Application->run()
#32 {main}
"} 
[2026-09-23 11:03:53] production.ERROR: 订单号有误！ {"exception":"[object] (App\\Exceptions\\ErrorException(code: 200): 订单号有误！ at /var/www/html/modules/Trade/Http/Controllers/Manage/OrderBaseController.php:141)
[stacktrace]
#0 /var/www/html/vendor/illuminate/container/BoundMethod.php(36): Modules\\Trade\\Http\\Controllers\\Manage\\OrderBaseController->editShoppingFee(Object(Laravel\\Lumen\\Http\\Request))
#1 /var/www/html/vendor/illuminate/container/Util.php(41): Illuminate\\Container\\BoundMethod::Illuminate\\Container\\{closure}()
#2 /var/www/html/vendor/illuminate/container/BoundMethod.php(93): Illuminate\\Container\\Util::unwrapIfClosure(Object(Closure))
#3 /var/www/html/vendor/illuminate/container/BoundMethod.php(37): Illuminate\\Container\\BoundMethod::callBoundMethod(Object(Laravel\\Lumen\\Application), Array, Object(Closure))
#4 /var/www/html/vendor/illuminate/container/Container.php(661): Illuminate\\Container\\BoundMethod::call(Object(Laravel\\Lumen\\Application), Array, Array, NULL)
#5 /var/www/html/vendor/laravel/lumen-framework/src/Concerns/RoutesRequests.php(391): Illuminate\\Container\\Container->call(Array, Array)
#6 /var/www/html/vendor/laravel/lumen-framework/src/Concerns/RoutesRequests.php(357): Laravel\\Lumen\\Application->callControllerCallable(Array, Array)
#7 /var/www/html/vendor/laravel/lumen-framework/src/Concerns/RoutesRequests.php(331): Laravel\\Lumen\\Application->callLumenController(Object(Modules\\Trade\\Http\\Controllers\\Manage\\OrderBaseController), 'editShoppingFee', Array)
#8 /var/www/html/vendor/laravel/lumen-framework/src/Concerns/RoutesRequests.php(284): Laravel\\Lumen\\Application->callControllerAction(Array)
#9 /var/www/html/vendor/laravel/lumen-framework/src/Concerns/RoutesRequests.php(264): Laravel\\Lumen\\Application->callActionOnArrayBasedRoute(Array)
#10 /var/www/html/vendor/laravel/lumen-framework/src/Routing/Pipeline.php(48): Laravel\\Lumen\\Application->Laravel\\Lumen\\Concerns\\{closure}(Object(Laravel\\Lumen\\Http\\Request))
#11 /var/www/html/app/Middleware/AdminAuthenticate.php(43): Laravel\\Lumen\\Routing\\Pipeline->Laravel\\Lumen\\Routing\\{closure}(Object(Laravel\\Lumen\\Http\\Request))
#12 /var/www/html/vendor/illuminate/pipeline/Pipeline.php(180): App\\Middleware\\AdminAuthenticate->handle(Object(Laravel\\Lumen\\Http\\Request), Object(Closure))
#13 /var/www/html/vendor/laravel/lumen-framework/src/Routing/Pipeline.php(30): Illuminate\\Pipeline\\Pipeline->Illuminate\\Pipeline\\{closure}(Object(Laravel\\Lumen\\Http\\Request))
#14 /var/www/html/app/Middleware/Authenticate.php(45): Laravel\\Lumen\\Routing\\Pipeline->Laravel\\Lumen\\Routing\\{closure}(Object(Laravel\\Lumen\\Http\\Request))
#15 /var/www/html/vendor/illuminate/pipeline/Pipeline.php(180): App\\Middleware\\Authenticate->handle(Object(Laravel\\Lumen\\Http\\Request), Object(Closure))
#16 /var/www/html/vendor/laravel/lumen-framework/src/Routing/Pipeline.php(30): Illuminate\\Pipeline\\Pipeline->Illuminate\\Pipeline\\{closure}(Object(Laravel\\Lumen\\Http\\Request))
#17 /var/www/html/vendor/illuminate/pipeline/Pipeline.php(116): Laravel\\Lumen\\Routing\\Pipeline->Laravel\\Lumen\\Routing\\{closure}(Object(Laravel\\Lumen\\Http\\Request))
#18 /var/www/html/vendor/laravel/lumen-framework/src/Concerns/RoutesRequests.php(428): Illuminate\\Pipeline\\Pipeline->then(Object(Closure))
#19 /var/www/html/vendor/laravel/lumen-framework/src/Concerns/RoutesRequests.php(265): Laravel\\Lumen\\Application->sendThroughPipeline(Array, Object(Closure))
#20 /var/www/html/vendor/laravel/lumen-framework/src/Concerns/RoutesRequests.php(171): Laravel\\Lumen\\Application->handleFoundRoute(Array)
#21 /var/www/html/vendor/laravel/lumen-framework/src/Routing/Pipeline.php(48): Laravel\\Lumen\\Application->Laravel\\Lumen\\Concerns\\{closure}(Object(Laravel\\Lumen\\Http\\Request))
#22 /var/www/html/app/Middleware/CrossMiddleware.php(48): Laravel\\Lumen\\Routing\\Pipeline->Laravel\\Lumen\\Routing\\{closure}(Object(Laravel\\Lumen\\Http\\Request))
#23 /var/www/html/vendor/illuminate/pipeline/Pipeline.php(180): App\\Middleware\\CrossMiddleware->handle(Object(Laravel\\Lumen\\Http\\Request), Object(Closure))
#24 /var/www/html/vendor/laravel/lumen-framework/src/Routing/Pipeline.php(30): Illuminate\\Pipeline\\Pipeline->Illuminate\\Pipeline\\{closure}(Object(Laravel\\Lumen\\Http\\Request))
#25 /var/www/html/vendor/illuminate/pipeline/Pipeline.php(116): Laravel\\Lumen\\Routing\\Pipeline->Laravel\\Lumen\\Routing\\{closure}(Object(Laravel\\Lumen\\Http\\Request))
#26 /var/www/html/vendor/laravel/lumen-framework/src/Concerns/RoutesRequests.php(428): Illuminate\\Pipeline\\Pipeline->then(Object(Closure))
#27 /var/www/html/vendor/laravel/lumen-framework/src/Concerns/RoutesRequests.php(177): Laravel\\Lumen\\Application->sendThroughPipeline(Array, Object(Closure))
#28 /var/www/html/vendor/laravel/lumen-framework/src/Concerns/RoutesRequests.php(112): Laravel\\Lumen\\Application->dispatch(NULL)
#29 /var/www/html/public/index.php(28): Laravel\\Lumen\\Application->run()
#30 {main}
"} 
[2026-09-23 11:03:53] production.ERROR: 订单不存在 {"exception":"[object] (App\\Exceptions\\ErrorException(code: 200): 订单不存在 at /var/www/html/modules/Trade/Services/OrderService.php:494)
[stacktrace]
#0 /var/www/html/modules/Trade/Http/Controllers/Manage/OrderBaseController.php(150): Modules\\Trade\\Services\\OrderService->editShoppingFee('NOPE0001', 10.0)
#1 /var/www/html/vendor/illuminate/container/BoundMethod.php(36): Modules\\Trade\\Http\\Controllers\\Manage\\OrderBaseController->editShoppingFee(Object(Laravel\\Lumen\\Http\\Request))
#2 /var/www/html/vendor/illuminate/container/Util.php(41): Illuminate\\Container\\BoundMethod::Illuminate\\Container\\{closure}()
#3 /var/www/html/vendor/illuminate/container/BoundMethod.php(93): Illuminate\\Container\\Util::unwrapIfClosure(Object(Closure))
#4 /var/www/html/vendor/illuminate/container/BoundMethod.php(37): Illuminate\\Container\\BoundMethod::callBoundMethod(Object(Laravel\\Lumen\\Application), Array, Object(Closure))
#5 /var/www/html/vendor/illuminate/container/Container.php(661): Illuminate\\Container\\BoundMethod::call(Object(Laravel\\Lumen\\Application), Array, Array, NULL)
#6 /var/www/html/vendor/laravel/lumen-framework/src/Concerns/RoutesRequests.php(391): Illuminate\\Container\\Container->call(Array, Array)
#7 /var/www/html/vendor/laravel/lumen-framework/src/Concerns/RoutesRequests.php(357): Laravel\\Lumen\\Application->callControllerCallable(Array, Array)
#8 /var/www/html/vendor/laravel/lumen-framework/src/Concerns/RoutesRequests.php(331): Laravel\\Lumen\\Application->callLumenController(Object(Modules\\Trade\\Http\\Controllers\\Manage\\OrderBaseController), 'editShoppingFee', Array)
#9 /var/www/html/vendor/laravel/lumen-framework/src/Concerns/RoutesRequests.php(284): Laravel\\Lumen\\Application->callControllerAction(Array)
#10 /var/www/html/vendor/laravel/lumen-framework/src/Concerns/RoutesRequests.php(264): Laravel\\Lumen\\Application->callActionOnArrayBasedRoute(Array)
#11 /var/www/html/vendor/laravel/lumen-framework/src/Routing/Pipeline.php(48): Laravel\\Lumen\\Application->Laravel\\Lumen\\Concerns\\{closure}(Object(Laravel\\Lumen\\Http\\Request))
#12 /var/www/html/app/Middleware/AdminAuthenticate.php(43): Laravel\\Lumen\\Routing\\Pipeline->Laravel\\Lumen\\Routing\\{closure}(Object(Laravel\\Lumen\\Http\\Request))
#13 /var/www/html/vendor/illuminate/pipeline/Pipeline.php(180): App\\Middleware\\AdminAuthenticate->handle(Object(Laravel\\Lumen\\Http\\Request), Object(Closure))
#14 /var/www/html/vendor/laravel/lumen-framework/src/Routing/Pipeline.php(30): Illuminate\\Pipeline\\Pipeline->Illuminate\\Pipeline\\{closure}(Object(Laravel\\Lumen\\Http\\Request))
#15 /var/www/html/app/Middleware/Authenticate.php(45): Laravel\\Lumen\\Routing\\Pipeline->Laravel\\Lumen\\Routing\\{closure}(Object(Laravel\\Lumen\\Http\\Request))
#16 /var/www/html/vendor/illuminate/pipeline/Pipeline.php(180): App\\Middleware\\Authenticate->handle(Object(Laravel\\Lumen\\Http\\Request), Object(Closure))
#17 /var/www/html/vendor/laravel/lumen-framework/src/Routing/Pipeline.php(30): Illuminate\\Pipeline\\Pipeline->Illuminate\\Pipeline\\{closure}(Object(Laravel\\Lumen\\Http\\Request))
#18 /var/www/html/vendor/illuminate/pipeline/Pipeline.php(116): Laravel\\Lumen\\Routing\\Pipeline->Laravel\\Lumen\\Routing\\{closure}(Object(Laravel\\Lumen\\Http\\Request))
#19 /var/www/html/vendor/laravel/lumen-framework/src/Concerns/RoutesRequests.php(428): Illuminate\\Pipeline\\Pipeline->then(Object(Closure))
#20 /var/www/html/vendor/laravel/lumen-framework/src/Concerns/RoutesRequests.php(265): Laravel\\Lumen\\Application->sendThroughPipeline(Array, Object(Closure))
#21 /var/www/html/vendor/laravel/lumen-framework/src/Concerns/RoutesRequests.php(171): Laravel\\Lumen\\Application->handleFoundRoute(Array)
#22 /var/www/html/vendor/laravel/lumen-framework/src/Routing/Pipeline.php(48): Laravel\\Lumen\\Application->Laravel\\Lumen\\Concerns\\{closure}(Object(Laravel\\Lumen\\Http\\Request))
#23 /var/www/html/app/Middleware/CrossMiddleware.php(48): Laravel\\Lumen\\Routing\\Pipeline->Laravel\\Lumen\\Routing\\{closure}(Object(Laravel\\Lumen\\Http\\Request))
#24 /var/www/html/vendor/illuminate/pipeline/Pipeline.php(180): App\\Middleware\\CrossMiddleware->handle(Object(Laravel\\Lumen\\Http\\Request), Object(Closure))
#25 /var/www/html/vendor/laravel/lumen-framework/src/Routing/Pipeline.php(30): Illuminate\\Pipeline\\Pipeline->Illuminate\\Pipeline\\{closure}(Object(Laravel\\Lumen\\Http\\Request))
#26 /var/www/html/vendor/illuminate/pipeline/Pipeline.php(116): Laravel\\Lumen\\Routing\\Pipeline->Laravel\\Lumen\\Routing\\{closure}(Object(Laravel\\Lumen\\Http\\Request))
#27 /var/www/html/vendor/laravel/lumen-framework/src/Concerns/RoutesRequests.php(428): Illuminate\\Pipeline\\Pipeline->then(Object(Closure))
#28 /var/www/html/vendor/laravel/lumen-framework/src/Concerns/RoutesRequests.php(177): Laravel\\Lumen\\Application->sendThroughPipeline(Array, Object(Closure))
#29 /var/www/html/vendor/laravel/lumen-framework/src/Concerns/RoutesRequests.php(112): Laravel\\Lumen\\Application->dispatch(NULL)
#30 /var/www/html/public/index.php(28): Laravel\\Lumen\\Application->run()
#31 {main}
"} 
[2026-09-23 11:03:53] production.ERROR: 运费金额必须是数字 {"exception":"[object] (App\\Exceptions\\ErrorException(code: 200): 运费金额必须是数字 at /var/www/html/modules/Trade/Http/Controllers/Manage/OrderBaseController.php:147)
[stacktrace]
#0 /var/www/html/vendor/illuminate/container/BoundMethod.php(36): Modules\\Trade\\Http\\Controllers\\Manage\\OrderBaseController->editShoppingFee(Object(Laravel\\Lumen\\Http\\Request))
#1 /var/www/html/vendor/illuminate/container/Util.php(41): Illuminate\\Container\\BoundMethod::Illuminate\\Container\\{closure}()
#2 /var/www/html/vendor/illuminate/container/BoundMethod.php(93): Illuminate\\Container\\Util::unwrapIfClosure(Object(Closure))
#3 /var/www/html/vendor/illuminate/container/BoundMethod.php(37): Illuminate\\Container\\BoundMethod::callBoundMethod(Object(Laravel\\Lumen\\Application), Array, Object(Closure))
#4 /var/www/html/vendor/illuminate/container/Container.php(661): Illuminate\\Container\\BoundMethod::call(Object(Laravel\\Lumen\\Application), Array, Array, NULL)
#5 /var/www/html/vendor/laravel/lumen-framework/src/Concerns/RoutesRequests.php(391): Illuminate\\Container\\Container->call(Array, Array)
#6 /var/www/html/vendor/laravel/lumen-framework/src/Concerns/RoutesRequests.php(357): Laravel\\Lumen\\Application->callControllerCallable(Array, Array)
#7 /var/www/html/vendor/laravel/lumen-framework/src/Concerns/RoutesRequests.php(331): Laravel\\Lumen\\Application->callLumenController(Object(Modules\\Trade\\Http\\Controllers\\Manage\\OrderBaseController), 'editShoppingFee', Array)
#8 /var/www/html/vendor/laravel/lumen-framework/src/Concerns/RoutesRequests.php(284): Laravel\\Lumen\\Application->callControllerAction(Array)
#9 /var/www/html/vendor/laravel/lumen-framework/src/Concerns/RoutesRequests.php(264): Laravel\\Lumen\\Application->callActionOnArrayBasedRoute(Array)
#10 /var/www/html/vendor/laravel/lumen-framework/src/Routing/Pipeline.php(48): Laravel\\Lumen\\Application->Laravel\\Lumen\\Concerns\\{closure}(Object(Laravel\\Lumen\\Http\\Request))
#11 /var/www/html/app/Middleware/AdminAuthenticate.php(43): Laravel\\Lumen\\Routing\\Pipeline->Laravel\\Lumen\\Routing\\{closure}(Object(Laravel\\Lumen\\Http\\Request))
#12 /var/www/html/vendor/illuminate/pipeline/Pipeline.php(180): App\\Middleware\\AdminAuthenticate->handle(Object(Laravel\\Lumen\\Http\\Request), Object(Closure))
#13 /var/www/html/vendor/laravel/lumen-framework/src/Routing/Pipeline.php(30): Illuminate\\Pipeline\\Pipeline->Illuminate\\Pipeline\\{closure}(Object(Laravel\\Lumen\\Http\\Request))
#14 /var/www/html/app/Middleware/Authenticate.php(45): Laravel\\Lumen\\Routing\\Pipeline->Laravel\\Lumen\\Routing\\{closure}(Object(Laravel\\Lumen\\Http\\Request))
#15 /var/www/html/vendor/illuminate/pipeline/Pipeline.php(180): App\\Middleware\\Authenticate->handle(Object(Laravel\\Lumen\\Http\\Request), Object(Closure))
#16 /var/www/html/vendor/laravel/lumen-framework/src/Routing/Pipeline.php(30): Illuminate\\Pipeline\\Pipeline->Illuminate\\Pipeline\\{closure}(Object(Laravel\\Lumen\\Http\\Request))
#17 /var/www/html/vendor/illuminate/pipeline/Pipeline.php(116): Laravel\\Lumen\\Routing\\Pipeline->Laravel\\Lumen\\Routing\\{closure}(Object(Laravel\\Lumen\\Http\\Request))
#18 /var/www/html/vendor/laravel/lumen-framework/src/Concerns/RoutesRequests.php(428): Illuminate\\Pipeline\\Pipeline->then(Object(Closure))
#19 /var/www/html/vendor/laravel/lumen-framework/src/Concerns/RoutesRequests.php(265): Laravel\\Lumen\\Application->sendThroughPipeline(Array, Object(Closure))
#20 /var/www/html/vendor/laravel/lumen-framework/src/Concerns/RoutesRequests.php(171): Laravel\\Lumen\\Application->handleFoundRoute(Array)
#21 /var/www/html/vendor/laravel/lumen-framework/src/Routing/Pipeline.php(48): Laravel\\Lumen\\Application->Laravel\\Lumen\\Concerns\\{closure}(Object(Laravel\\Lumen\\Http\\Request))
#22 /var/www/html/app/Middleware/CrossMiddleware.php(48): Laravel\\Lumen\\Routing\\Pipeline->Laravel\\Lumen\\Routing\\{closure}(Object(Laravel\\Lumen\\Http\\Request))
#23 /var/www/html/vendor/illuminate/pipeline/Pipeline.php(180): App\\Middleware\\CrossMiddleware->handle(Object(Laravel\\Lumen\\Http\\Request), Object(Closure))
#24 /var/www/html/vendor/laravel/lumen-framework/src/Routing/Pipeline.php(30): Illuminate\\Pipeline\\Pipeline->Illuminate\\Pipeline\\{closure}(Object(Laravel\\Lumen\\Http\\Request))
#25 /var/www/html/vendor/illuminate/pipeline/Pipeline.php(116): Laravel\\Lumen\\Routing\\Pipeline->Laravel\\Lumen\\Routing\\{closure}(Object(Laravel\\Lumen\\Http\\Request))
#26 /var/www/html/vendor/laravel/lumen-framework/src/Concerns/RoutesRequests.php(428): Illuminate\\Pipeline\\Pipeline->then(Object(Closure))
#27 /var/www/html/vendor/laravel/lumen-framework/src/Concerns/RoutesRequests.php(177): Laravel\\Lumen\\Application->sendThroughPipeline(Array, Object(Closure))
#28 /var/www/html/vendor/laravel/lumen-framework/src/Concerns/RoutesRequests.php(112): Laravel\\Lumen\\Application->dispatch(NULL)
#29 /var/www/html/public/index.php(28): Laravel\\Lumen\\Application->run()
#30 {main}
"} 
[2026-09-23 11:03:53] production.ERROR: 请选择快递公司 {"exception":"[object] (App\\Exceptions\\ErrorException(code: 200): 请选择快递公司 at /var/www/html/modules/Trade/Http/Controllers/Manage/OrderLogisticsController.php:46)
[stacktrace]
#0 /var/www/html/vendor/illuminate/container/BoundMethod.php(36): Modules\\Trade\\Http\\Controllers\\Manage\\OrderLogisticsController->add(Object(Laravel\\Lumen\\Http\\Request))
#1 /var/www/html/vendor/illuminate/container/Util.php(41): Illuminate\\Container\\BoundMethod::Illuminate\\Container\\{closure}()
#2 /var/www/html/vendor/illuminate/container/BoundMethod.php(93): Illuminate\\Container\\Util::unwrapIfClosure(Object(Closure))
#3 /var/www/html/vendor/illuminate/container/BoundMethod.php(37): Illuminate\\Container\\BoundMethod::callBoundMethod(Object(Laravel\\Lumen\\Application), Array, Object(Closure))
#4 /var/www/html/vendor/illuminate/container/Container.php(661): Illuminate\\Container\\BoundMethod::call(Object(Laravel\\Lumen\\Application), Array, Array, NULL)
#5 /var/www/html/vendor/laravel/lumen-framework/src/Concerns/RoutesRequests.php(391): Illuminate\\Container\\Container->call(Array, Array)
#6 /var/www/html/vendor/laravel/lumen-framework/src/Concerns/RoutesRequests.php(357): Laravel\\Lumen\\Application->callControllerCallable(Array, Array)
#7 /var/www/html/vendor/laravel/lumen-framework/src/Concerns/RoutesRequests.php(331): Laravel\\Lumen\\Application->callLumenController(Object(Modules\\Trade\\Http\\Controllers\\Manage\\OrderLogisticsController), 'add', Array)
#8 /var/www/html/vendor/laravel/lumen-framework/src/Concerns/RoutesRequests.php(284): Laravel\\Lumen\\Application->callControllerAction(Array)
#9 /var/www/html/vendor/laravel/lumen-framework/src/Concerns/RoutesRequests.php(264): Laravel\\Lumen\\Application->callActionOnArrayBasedRoute(Array)
#10 /var/www/html/vendor/laravel/lumen-framework/src/Routing/Pipeline.php(48): Laravel\\Lumen\\Application->Laravel\\Lumen\\Concerns\\{closure}(Object(Laravel\\Lumen\\Http\\Request))
#11 /var/www/html/app/Middleware/AdminAuthenticate.php(43): Laravel\\Lumen\\Routing\\Pipeline->Laravel\\Lumen\\Routing\\{closure}(Object(Laravel\\Lumen\\Http\\Request))
#12 /var/www/html/vendor/illuminate/pipeline/Pipeline.php(180): App\\Middleware\\AdminAuthenticate->handle(Object(Laravel\\Lumen\\Http\\Request), Object(Closure))
#13 /var/www/html/vendor/laravel/lumen-framework/src/Routing/Pipeline.php(30): Illuminate\\Pipeline\\Pipeline->Illuminate\\Pipeline\\{closure}(Object(Laravel\\Lumen\\Http\\Request))
#14 /var/www/html/app/Middleware/Authenticate.php(45): Laravel\\Lumen\\Routing\\Pipeline->Laravel\\Lumen\\Routing\\{closure}(Object(Laravel\\Lumen\\Http\\Request))
#15 /var/www/html/vendor/illuminate/pipeline/Pipeline.php(180): App\\Middleware\\Authenticate->handle(Object(Laravel\\Lumen\\Http\\Request), Object(Closure))
#16 /var/www/html/vendor/laravel/lumen-framework/src/Routing/Pipeline.php(30): Illuminate\\Pipeline\\Pipeline->Illuminate\\Pipeline\\{closure}(Object(Laravel\\Lumen\\Http\\Request))
#17 /var/www/html/vendor/illuminate/pipeline/Pipeline.php(116): Laravel\\Lumen\\Routing\\Pipeline->Laravel\\Lumen\\Routing\\{closure}(Object(Laravel\\Lumen\\Http\\Request))
#18 /var/www/html/vendor/laravel/lumen-framework/src/Concerns/RoutesRequests.php(428): Illuminate\\Pipeline\\Pipeline->then(Object(Closure))
#19 /var/www/html/vendor/laravel/lumen-framework/src/Concerns/RoutesRequests.php(265): Laravel\\Lumen\\Application->sendThroughPipeline(Array, Object(Closure))
#20 /var/www/html/vendor/laravel/lumen-framework/src/Concerns/RoutesRequests.php(171): Laravel\\Lumen\\Application->handleFoundRoute(Array)
#21 /var/www/html/vendor/laravel/lumen-framework/src/Routing/Pipeline.php(48): Laravel\\Lumen\\Application->Laravel\\Lumen\\Concerns\\{closure}(Object(Laravel\\Lumen\\Http\\Request))
#22 /var/www/html/app/Middleware/CrossMiddleware.php(48): Laravel\\Lumen\\Routing\\Pipeline->Laravel\\Lumen\\Routing\\{closure}(Object(Laravel\\Lumen\\Http\\Request))
#23 /var/www/html/vendor/illuminate/pipeline/Pipeline.php(180): App\\Middleware\\CrossMiddleware->handle(Object(Laravel\\Lumen\\Http\\Request), Object(Closure))
#24 /var/www/html/vendor/laravel/lumen-framework/src/Routing/Pipeline.php(30): Illuminate\\Pipeline\\Pipeline->Illuminate\\Pipeline\\{closure}(Object(Laravel\\Lumen\\Http\\Request))
#25 /var/www/html/vendor/illuminate/pipeline/Pipeline.php(116): Laravel\\Lumen\\Routing\\Pipeline->Laravel\\Lumen\\Routing\\{closure}(Object(Laravel\\Lumen\\Http\\Request))
#26 /var/www/html/vendor/laravel/lumen-framework/src/Concerns/RoutesRequests.php(428): Illuminate\\Pipeline\\Pipeline->then(Object(Closure))
#27 /var/www/html/vendor/laravel/lumen-framework/src/Concerns/RoutesRequests.php(177): Laravel\\Lumen\\Application->sendThroughPipeline(Array, Object(Closure))
#28 /var/www/html/vendor/laravel/lumen-framework/src/Concerns/RoutesRequests.php(112): Laravel\\Lumen\\Application->dispatch(NULL)
#29 /var/www/html/public/index.php(28): Laravel\\Lumen\\Application->run()
#30 {main}
"} 
[2026-09-23 11:03:53] production.ERROR: 请输入订单编号 {"exception":"[object] (App\\Exceptions\\ErrorException(code: 200): 请输入订单编号 at /var/www/html/modules/Trade/Services/OrderInvoiceService.php:106)
[stacktrace]
#0 /var/www/html/modules/Trade/Http/Controllers/Manage/OrderInvoiceController.php(46): Modules\\Trade\\Services\\OrderInvoiceService->addInvoice(Object(Laravel\\Lumen\\Http\\Request))
#1 /var/www/html/vendor/illuminate/container/BoundMethod.php(36): Modules\\Trade\\Http\\Controllers\\Manage\\OrderInvoiceController->add(Object(Laravel\\Lumen\\Http\\Request))
#2 /var/www/html/vendor/illuminate/container/Util.php(41): Illuminate\\Container\\BoundMethod::Illuminate\\Container\\{closure}()
#3 /var/www/html/vendor/illuminate/container/BoundMethod.php(93): Illuminate\\Container\\Util::unwrapIfClosure(Object(Closure))
#4 /var/www/html/vendor/illuminate/container/BoundMethod.php(37): Illuminate\\Container\\BoundMethod::callBoundMethod(Object(Laravel\\Lumen\\Application), Array, Object(Closure))
#5 /var/www/html/vendor/illuminate/container/Container.php(661): Illuminate\\Container\\BoundMethod::call(Object(Laravel\\Lumen\\Application), Array, Array, NULL)
#6 /var/www/html/vendor/laravel/lumen-framework/src/Concerns/RoutesRequests.php(391): Illuminate\\Container\\Container->call(Array, Array)
#7 /var/www/html/vendor/laravel/lumen-framework/src/Concerns/RoutesRequests.php(357): Laravel\\Lumen\\Application->callControllerCallable(Array, Array)
#8 /var/www/html/vendor/laravel/lumen-framework/src/Concerns/RoutesRequests.php(331): Laravel\\Lumen\\Application->callLumenController(Object(Modules\\Trade\\Http\\Controllers\\Manage\\OrderInvoiceController), 'add', Array)
#9 /var/www/html/vendor/laravel/lumen-framework/src/Concerns/RoutesRequests.php(284): Laravel\\Lumen\\Application->callControllerAction(Array)
#10 /var/www/html/vendor/laravel/lumen-framework/src/Concerns/RoutesRequests.php(264): Laravel\\Lumen\\Application->callActionOnArrayBasedRoute(Array)
#11 /var/www/html/vendor/laravel/lumen-framework/src/Routing/Pipeline.php(48): Laravel\\Lumen\\Application->Laravel\\Lumen\\Concerns\\{closure}(Object(Laravel\\Lumen\\Http\\Request))
#12 /var/www/html/app/Middleware/AdminAuthenticate.php(43): Laravel\\Lumen\\Routing\\Pipeline->Laravel\\Lumen\\Routing\\{closure}(Object(Laravel\\Lumen\\Http\\Request))
#13 /var/www/html/vendor/illuminate/pipeline/Pipeline.php(180): App\\Middleware\\AdminAuthenticate->handle(Object(Laravel\\Lumen\\Http\\Request), Object(Closure))
#14 /var/www/html/vendor/laravel/lumen-framework/src/Routing/Pipeline.php(30): Illuminate\\Pipeline\\Pipeline->Illuminate\\Pipeline\\{closure}(Object(Laravel\\Lumen\\Http\\Request))
#15 /var/www/html/app/Middleware/Authenticate.php(45): Laravel\\Lumen\\Routing\\Pipeline->Laravel\\Lumen\\Routing\\{closure}(Object(Laravel\\Lumen\\Http\\Request))
#16 /var/www/html/vendor/illuminate/pipeline/Pipeline.php(180): App\\Middleware\\Authenticate->handle(Object(Laravel\\Lumen\\Http\\Request), Object(Closure))
#17 /var/www/html/vendor/laravel/lumen-framework/src/Routing/Pipeline.php(30): Illuminate\\Pipeline\\Pipeline->Illuminate\\Pipeline\\{closure}(Object(Laravel\\Lumen\\Http\\Request))
#18 /var/www/html/vendor/illuminate/pipeline/Pipeline.php(116): Laravel\\Lumen\\Routing\\Pipeline->Laravel\\Lumen\\Routing\\{closure}(Object(Laravel\\Lumen\\Http\\Request))
#19 /var/www/html/vendor/laravel/lumen-framework/src/Concerns/RoutesRequests.php(428): Illuminate\\Pipeline\\Pipeline->then(Object(Closure))
#20 /var/www/html/vendor/laravel/lumen-framework/src/Concerns/RoutesRequests.php(265): Laravel\\Lumen\\Application->sendThroughPipeline(Array, Object(Closure))
#21 /var/www/html/vendor/laravel/lumen-framework/src/Concerns/RoutesRequests.php(171): Laravel\\Lumen\\Application->handleFoundRoute(Array)
#22 /var/www/html/vendor/laravel/lumen-framework/src/Routing/Pipeline.php(48): Laravel\\Lumen\\Application->Laravel\\Lumen\\Concerns\\{closure}(Object(Laravel\\Lumen\\Http\\Request))
#23 /var/www/html/app/Middleware/CrossMiddleware.php(48): Laravel\\Lumen\\Routing\\Pipeline->Laravel\\Lumen\\Routing\\{closure}(Object(Laravel\\Lumen\\Http\\Request))
#24 /var/www/html/vendor/illuminate/pipeline/Pipeline.php(180): App\\Middleware\\CrossMiddleware->handle(Object(Laravel\\Lumen\\Http\\Request), Object(Closure))
#25 /var/www/html/vendor/laravel/lumen-framework/src/Routing/Pipeline.php(30): Illuminate\\Pipeline\\Pipeline->Illuminate\\Pipeline\\{closure}(Object(Laravel\\Lumen\\Http\\Request))
#26 /var/www/html/vendor/illuminate/pipeline/Pipeline.php(116): Laravel\\Lumen\\Routing\\Pipeline->Laravel\\Lumen\\Routing\\{closure}(Object(Laravel\\Lumen\\Http\\Request))
#27 /var/www/html/vendor/laravel/lumen-framework/src/Concerns/RoutesRequests.php(428): Illuminate\\Pipeline\\Pipeline->then(Object(Closure))
#28 /var/www/html/vendor/laravel/lumen-framework/src/Concerns/RoutesRequests.php(177): Laravel\\Lumen\\Application->sendThroughPipeline(Array, Object(Closure))
#29 /var/www/html/vendor/laravel/lumen-framework/src/Concerns/RoutesRequests.php(112): Laravel\\Lumen\\Application->dispatch(NULL)
#30 /var/www/html/public/index.php(28): Laravel\\Lumen\\Application->run()
#31 {main}
"} 
[2026-09-23 11:03:53] production.ERROR: 订单不存在 {"exception":"[object] (App\\Exceptions\\ErrorException(code: 200): 订单不存在 at /var/www/html/modules/Trade/Services/OrderInvoiceService.php:112)
[stacktrace]
#0 /var/www/html/modules/Trade/Http/Controllers/Manage/OrderInvoiceController.php(46): Modules\\Trade\\Services\\OrderInvoiceService->addInvoice(Object(Laravel\\Lumen\\Http\\Request))
#1 /var/www/html/vendor/illuminate/container/BoundMethod.php(36): Modules\\Trade\\Http\\Controllers\\Manage\\OrderInvoiceController->add(Object(Laravel\\Lumen\\Http\\Request))
#2 /var/www/html/vendor/illuminate/container/Util.php(41): Illuminate\\Container\\BoundMethod::Illuminate\\Container\\{closure}()
#3 /var/www/html/vendor/illuminate/container/BoundMethod.php(93): Illuminate\\Container\\Util::unwrapIfClosure(Object(Closure))
#4 /var/www/html/vendor/illuminate/container/BoundMethod.php(37): Illuminate\\Container\\BoundMethod::callBoundMethod(Object(Laravel\\Lumen\\Application), Array, Object(Closure))
#5 /var/www/html/vendor/illuminate/container/Container.php(661): Illuminate\\Container\\BoundMethod::call(Object(Laravel\\Lumen\\Application), Array, Array, NULL)
#6 /var/www/html/vendor/laravel/lumen-framework/src/Concerns/RoutesRequests.php(391): Illuminate\\Container\\Container->call(Array, Array)
#7 /var/www/html/vendor/laravel/lumen-framework/src/Concerns/RoutesRequests.php(357): Laravel\\Lumen\\Application->callControllerCallable(Array, Array)
#8 /var/www/html/vendor/laravel/lumen-framework/src/Concerns/RoutesRequests.php(331): Laravel\\Lumen\\Application->callLumenController(Object(Modules\\Trade\\Http\\Controllers\\Manage\\OrderInvoiceController), 'add', Array)
#9 /var/www/html/vendor/laravel/lumen-framework/src/Concerns/RoutesRequests.php(284): Laravel\\Lumen\\Application->callControllerAction(Array)
#10 /var/www/html/vendor/laravel/lumen-framework/src/Concerns/RoutesRequests.php(264): Laravel\\Lumen\\Application->callActionOnArrayBasedRoute(Array)
#11 /var/www/html/vendor/laravel/lumen-framework/src/Routing/Pipeline.php(48): Laravel\\Lumen\\Application->Laravel\\Lumen\\Concerns\\{closure}(Object(Laravel\\Lumen\\Http\\Request))
#12 /var/www/html/app/Middleware/AdminAuthenticate.php(43): Laravel\\Lumen\\Routing\\Pipeline->Laravel\\Lumen\\Routing\\{closure}(Object(Laravel\\Lumen\\Http\\Request))
#13 /var/www/html/vendor/illuminate/pipeline/Pipeline.php(180): App\\Middleware\\AdminAuthenticate->handle(Object(Laravel\\Lumen\\Http\\Request), Object(Closure))
#14 /var/www/html/vendor/laravel/lumen-framework/src/Routing/Pipeline.php(30): Illuminate\\Pipeline\\Pipeline->Illuminate\\Pipeline\\{closure}(Object(Laravel\\Lumen\\Http\\Request))
#15 /var/www/html/app/Middleware/Authenticate.php(45): Laravel\\Lumen\\Routing\\Pipeline->Laravel\\Lumen\\Routing\\{closure}(Object(Laravel\\Lumen\\Http\\Request))
#16 /var/www/html/vendor/illuminate/pipeline/Pipeline.php(180): App\\Middleware\\Authenticate->handle(Object(Laravel\\Lumen\\Http\\Request), Object(Closure))
#17 /var/www/html/vendor/laravel/lumen-framework/src/Routing/Pipeline.php(30): Illuminate\\Pipeline\\Pipeline->Illuminate\\Pipeline\\{closure}(Object(Laravel\\Lumen\\Http\\Request))
#18 /var/www/html/vendor/illuminate/pipeline/Pipeline.php(116): Laravel\\Lumen\\Routing\\Pipeline->Laravel\\Lumen\\Routing\\{closure}(Object(Laravel\\Lumen\\Http\\Request))
#19 /var/www/html/vendor/laravel/lumen-framework/src/Concerns/RoutesRequests.php(428): Illuminate\\Pipeline\\Pipeline->then(Object(Closure))
#20 /var/www/html/vendor/laravel/lumen-framework/src/Concerns/RoutesRequests.php(265): Laravel\\Lumen\\Application->sendThroughPipeline(Array, Object(Closure))
#21 /var/www/html/vendor/laravel/lumen-framework/src/Concerns/RoutesRequests.php(171): Laravel\\Lumen\\Application->handleFoundRoute(Array)
#22 /var/www/html/vendor/laravel/lumen-framework/src/Routing/Pipeline.php(48): Laravel\\Lumen\\Application->Laravel\\Lumen\\Concerns\\{closure}(Object(Laravel\\Lumen\\Http\\Request))
#23 /var/www/html/app/Middleware/CrossMiddleware.php(48): Laravel\\Lumen\\Routing\\Pipeline->Laravel\\Lumen\\Routing\\{closure}(Object(Laravel\\Lumen\\Http\\Request))
#24 /var/www/html/vendor/illuminate/pipeline/Pipeline.php(180): App\\Middleware\\CrossMiddleware->handle(Object(Laravel\\Lumen\\Http\\Request), Object(Closure))
#25 /var/www/html/vendor/laravel/lumen-framework/src/Routing/Pipeline.php(30): Illuminate\\Pipeline\\Pipeline->Illuminate\\Pipeline\\{closure}(Object(Laravel\\Lumen\\Http\\Request))
#26 /var/www/html/vendor/illuminate/pipeline/Pipeline.php(116): Laravel\\Lumen\\Routing\\Pipeline->Laravel\\Lumen\\Routing\\{closure}(Object(Laravel\\Lumen\\Http\\Request))
#27 /var/www/html/vendor/laravel/lumen-framework/src/Concerns/RoutesRequests.php(428): Illuminate\\Pipeline\\Pipeline->then(Object(Closure))
#28 /var/www/html/vendor/laravel/lumen-framework/src/Concerns/RoutesRequests.php(177): Laravel\\Lumen\\Application->sendThroughPipeline(Array, Object(Closure))
#29 /var/www/html/vendor/laravel/lumen-framework/src/Concerns/RoutesRequests.php(112): Laravel\\Lumen\\Application->dispatch(NULL)
#30 /var/www/html/public/index.php(28): Laravel\\Lumen\\Application->run()
#31 {main}
"} 
[2026-09-23 11:03:53] production.ERROR: 数据有误 {"exception":"[object] (App\\Exceptions\\ErrorException(code: 200): 数据有误 at /var/www/html/modules/Trade/Services/OrderInvoiceService.php:159)
[stacktrace]
#0 /var/www/html/modules/Trade/Http/Controllers/Manage/OrderInvoiceController.php(58): Modules\\Trade\\Services\\OrderInvoiceService->editInvoice(Object(Laravel\\Lumen\\Http\\Request))
#1 /var/www/html/vendor/illuminate/container/BoundMethod.php(36): Modules\\Trade\\Http\\Controllers\\Manage\\OrderInvoiceController->edit(Object(Laravel\\Lumen\\Http\\Request))
#2 /var/www/html/vendor/illuminate/container/Util.php(41): Illuminate\\Container\\BoundMethod::Illuminate\\Container\\{closure}()
#3 /var/www/html/vendor/illuminate/container/BoundMethod.php(93): Illuminate\\Container\\Util::unwrapIfClosure(Object(Closure))
#4 /var/www/html/vendor/illuminate/container/BoundMethod.php(37): Illuminate\\Container\\BoundMethod::callBoundMethod(Object(Laravel\\Lumen\\Application), Array, Object(Closure))
#5 /var/www/html/vendor/illuminate/container/Container.php(661): Illuminate\\Container\\BoundMethod::call(Object(Laravel\\Lumen\\Application), Array, Array, NULL)
#6 /var/www/html/vendor/laravel/lumen-framework/src/Concerns/RoutesRequests.php(391): Illuminate\\Container\\Container->call(Array, Array)
#7 /var/www/html/vendor/laravel/lumen-framework/src/Concerns/RoutesRequests.php(357): Laravel\\Lumen\\Application->callControllerCallable(Array, Array)
#8 /var/www/html/vendor/laravel/lumen-framework/src/Concerns/RoutesRequests.php(331): Laravel\\Lumen\\Application->callLumenController(Object(Modules\\Trade\\Http\\Controllers\\Manage\\OrderInvoiceController), 'edit', Array)
#9 /var/www/html/vendor/laravel/lumen-framework/src/Concerns/RoutesRequests.php(284): Laravel\\Lumen\\Application->callControllerAction(Array)
#10 /var/www/html/vendor/laravel/lumen-framework/src/Concerns/RoutesRequests.php(264): Laravel\\Lumen\\Application->callActionOnArrayBasedRoute(Array)
#11 /var/www/html/vendor/laravel/lumen-framework/src/Routing/Pipeline.php(48): Laravel\\Lumen\\Application->Laravel\\Lumen\\Concerns\\{closure}(Object(Laravel\\Lumen\\Http\\Request))
#12 /var/www/html/app/Middleware/AdminAuthenticate.php(43): Laravel\\Lumen\\Routing\\Pipeline->Laravel\\Lumen\\Routing\\{closure}(Object(Laravel\\Lumen\\Http\\Request))
#13 /var/www/html/vendor/illuminate/pipeline/Pipeline.php(180): App\\Middleware\\AdminAuthenticate->handle(Object(Laravel\\Lumen\\Http\\Request), Object(Closure))
#14 /var/www/html/vendor/laravel/lumen-framework/src/Routing/Pipeline.php(30): Illuminate\\Pipeline\\Pipeline->Illuminate\\Pipeline\\{closure}(Object(Laravel\\Lumen\\Http\\Request))
#15 /var/www/html/app/Middleware/Authenticate.php(45): Laravel\\Lumen\\Routing\\Pipeline->Laravel\\Lumen\\Routing\\{closure}(Object(Laravel\\Lumen\\Http\\Request))
#16 /var/www/html/vendor/illuminate/pipeline/Pipeline.php(180): App\\Middleware\\Authenticate->handle(Object(Laravel\\Lumen\\Http\\Request), Object(Closure))
#17 /var/www/html/vendor/laravel/lumen-framework/src/Routing/Pipeline.php(30): Illuminate\\Pipeline\\Pipeline->Illuminate\\Pipeline\\{closure}(Object(Laravel\\Lumen\\Http\\Request))
#18 /var/www/html/vendor/illuminate/pipeline/Pipeline.php(116): Laravel\\Lumen\\Routing\\Pipeline->Laravel\\Lumen\\Routing\\{closure}(Object(Laravel\\Lumen\\Http\\Request))
#19 /var/www/html/vendor/laravel/lumen-framework/src/Concerns/RoutesRequests.php(428): Illuminate\\Pipeline\\Pipeline->then(Object(Closure))
#20 /var/www/html/vendor/laravel/lumen-framework/src/Concerns/RoutesRequests.php(265): Laravel\\Lumen\\Application->sendThroughPipeline(Array, Object(Closure))
#21 /var/www/html/vendor/laravel/lumen-framework/src/Concerns/RoutesRequests.php(171): Laravel\\Lumen\\Application->handleFoundRoute(Array)
#22 /var/www/html/vendor/laravel/lumen-framework/src/Routing/Pipeline.php(48): Laravel\\Lumen\\Application->Laravel\\Lumen\\Concerns\\{closure}(Object(Laravel\\Lumen\\Http\\Request))
#23 /var/www/html/app/Middleware/CrossMiddleware.php(48): Laravel\\Lumen\\Routing\\Pipeline->Laravel\\Lumen\\Routing\\{closure}(Object(Laravel\\Lumen\\Http\\Request))
#24 /var/www/html/vendor/illuminate/pipeline/Pipeline.php(180): App\\Middleware\\CrossMiddleware->handle(Object(Laravel\\Lumen\\Http\\Request), Object(Closure))
#25 /var/www/html/vendor/laravel/lumen-framework/src/Routing/Pipeline.php(30): Illuminate\\Pipeline\\Pipeline->Illuminate\\Pipeline\\{closure}(Object(Laravel\\Lumen\\Http\\Request))
#26 /var/www/html/vendor/illuminate/pipeline/Pipeline.php(116): Laravel\\Lumen\\Routing\\Pipeline->Laravel\\Lumen\\Routing\\{closure}(Object(Laravel\\Lumen\\Http\\Request))
#27 /var/www/html/vendor/laravel/lumen-framework/src/Concerns/RoutesRequests.php(428): Illuminate\\Pipeline\\Pipeline->then(Object(Closure))
#28 /var/www/html/vendor/laravel/lumen-framework/src/Concerns/RoutesRequests.php(177): Laravel\\Lumen\\Application->sendThroughPipeline(Array, Object(Closure))
#29 /var/www/html/vendor/laravel/lumen-framework/src/Concerns/RoutesRequests.php(112): Laravel\\Lumen\\Application->dispatch(NULL)
#30 /var/www/html/public/index.php(28): Laravel\\Lumen\\Application->run()
#31 {main}
"} 
[2026-09-23 11:03:53] production.ERROR: 请选择要删除的数据 {"exception":"[object] (App\\Exceptions\\ErrorException(code: 200): 请选择要删除的数据 at /var/www/html/modules/Trade/Services/OrderInvoiceService.php:203)
[stacktrace]
#0 /var/www/html/modules/Trade/Http/Controllers/Manage/OrderInvoiceController.php(70): Modules\\Trade\\Services\\OrderInvoiceService->removeInvoice(Object(Laravel\\Lumen\\Http\\Request))
#1 /var/www/html/vendor/illuminate/container/BoundMethod.php(36): Modules\\Trade\\Http\\Controllers\\Manage\\OrderInvoiceController->remove(Object(Laravel\\Lumen\\Http\\Request))
#2 /var/www/html/vendor/illuminate/container/Util.php(41): Illuminate\\Container\\BoundMethod::Illuminate\\Container\\{closure}()
#3 /var/www/html/vendor/illuminate/container/BoundMethod.php(93): Illuminate\\Container\\Util::unwrapIfClosure(Object(Closure))
#4 /var/www/html/vendor/illuminate/container/BoundMethod.php(37): Illuminate\\Container\\BoundMethod::callBoundMethod(Object(Laravel\\Lumen\\Application), Array, Object(Closure))
#5 /var/www/html/vendor/illuminate/container/Container.php(661): Illuminate\\Container\\BoundMethod::call(Object(Laravel\\Lumen\\Application), Array, Array, NULL)
#6 /var/www/html/vendor/laravel/lumen-framework/src/Concerns/RoutesRequests.php(391): Illuminate\\Container\\Container->call(Array, Array)
#7 /var/www/html/vendor/laravel/lumen-framework/src/Concerns/RoutesRequests.php(357): Laravel\\Lumen\\Application->callControllerCallable(Array, Array)
#8 /var/www/html/vendor/laravel/lumen-framework/src/Concerns/RoutesRequests.php(331): Laravel\\Lumen\\Application->callLumenController(Object(Modules\\Trade\\Http\\Controllers\\Manage\\OrderInvoiceController), 'remove', Array)
#9 /var/www/html/vendor/laravel/lumen-framework/src/Concerns/RoutesRequests.php(284): Laravel\\Lumen\\Application->callControllerAction(Array)
#10 /var/www/html/vendor/laravel/lumen-framework/src/Concerns/RoutesRequests.php(264): Laravel\\Lumen\\Application->callActionOnArrayBasedRoute(Array)
#11 /var/www/html/vendor/laravel/lumen-framework/src/Routing/Pipeline.php(48): Laravel\\Lumen\\Application->Laravel\\Lumen\\Concerns\\{closure}(Object(Laravel\\Lumen\\Http\\Request))
#12 /var/www/html/app/Middleware/AdminAuthenticate.php(43): Laravel\\Lumen\\Routing\\Pipeline->Laravel\\Lumen\\Routing\\{closure}(Object(Laravel\\Lumen\\Http\\Request))
#13 /var/www/html/vendor/illuminate/pipeline/Pipeline.php(180): App\\Middleware\\AdminAuthenticate->handle(Object(Laravel\\Lumen\\Http\\Request), Object(Closure))
#14 /var/www/html/vendor/laravel/lumen-framework/src/Routing/Pipeline.php(30): Illuminate\\Pipeline\\Pipeline->Illuminate\\Pipeline\\{closure}(Object(Laravel\\Lumen\\Http\\Request))
#15 /var/www/html/app/Middleware/Authenticate.php(45): Laravel\\Lumen\\Routing\\Pipeline->Laravel\\Lumen\\Routing\\{closure}(Object(Laravel\\Lumen\\Http\\Request))
#16 /var/www/html/vendor/illuminate/pipeline/Pipeline.php(180): App\\Middleware\\Authenticate->handle(Object(Laravel\\Lumen\\Http\\Request), Object(Closure))
#17 /var/www/html/vendor/laravel/lumen-framework/src/Routing/Pipeline.php(30): Illuminate\\Pipeline\\Pipeline->Illuminate\\Pipeline\\{closure}(Object(Laravel\\Lumen\\Http\\Request))
#18 /var/www/html/vendor/illuminate/pipeline/Pipeline.php(116): Laravel\\Lumen\\Routing\\Pipeline->Laravel\\Lumen\\Routing\\{closure}(Object(Laravel\\Lumen\\Http\\Request))
#19 /var/www/html/vendor/laravel/lumen-framework/src/Concerns/RoutesRequests.php(428): Illuminate\\Pipeline\\Pipeline->then(Object(Closure))
#20 /var/www/html/vendor/laravel/lumen-framework/src/Concerns/RoutesRequests.php(265): Laravel\\Lumen\\Application->sendThroughPipeline(Array, Object(Closure))
#21 /var/www/html/vendor/laravel/lumen-framework/src/Concerns/RoutesRequests.php(171): Laravel\\Lumen\\Application->handleFoundRoute(Array)
#22 /var/www/html/vendor/laravel/lumen-framework/src/Routing/Pipeline.php(48): Laravel\\Lumen\\Application->Laravel\\Lumen\\Concerns\\{closure}(Object(Laravel\\Lumen\\Http\\Request))
#23 /var/www/html/app/Middleware/CrossMiddleware.php(48): Laravel\\Lumen\\Routing\\Pipeline->Laravel\\Lumen\\Routing\\{closure}(Object(Laravel\\Lumen\\Http\\Request))
#24 /var/www/html/vendor/illuminate/pipeline/Pipeline.php(180): App\\Middleware\\CrossMiddleware->handle(Object(Laravel\\Lumen\\Http\\Request), Object(Closure))
#25 /var/www/html/vendor/laravel/lumen-framework/src/Routing/Pipeline.php(30): Illuminate\\Pipeline\\Pipeline->Illuminate\\Pipeline\\{closure}(Object(Laravel\\Lumen\\Http\\Request))
#26 /var/www/html/vendor/illuminate/pipeline/Pipeline.php(116): Laravel\\Lumen\\Routing\\Pipeline->Laravel\\Lumen\\Routing\\{closure}(Object(Laravel\\Lumen\\Http\\Request))
#27 /var/www/html/vendor/laravel/lumen-framework/src/Concerns/RoutesRequests.php(428): Illuminate\\Pipeline\\Pipeline->then(Object(Closure))
#28 /var/www/html/vendor/laravel/lumen-framework/src/Concerns/RoutesRequests.php(177): Laravel\\Lumen\\Application->sendThroughPipeline(Array, Object(Closure))
#29 /var/www/html/vendor/laravel/lumen-framework/src/Concerns/RoutesRequests.php(112): Laravel\\Lumen\\Application->dispatch(NULL)
#30 /var/www/html/public/index.php(28): Laravel\\Lumen\\Application->run()
#31 {main}
"} 
[2026-09-23 11:03:53] production.ERROR: 请输入订单编号 {"exception":"[object] (App\\Exceptions\\ErrorException(code: 200): 请输入订单编号 at /var/www/html/modules/Trade/Services/OrderReturnService.php:278)
[stacktrace]
#0 /var/www/html/modules/Trade/Http/Controllers/Manage/OrderReturnController.php(56): Modules\\Trade\\Services\\OrderReturnService->addReturnByAdmin(Object(Laravel\\Lumen\\Http\\Request))
#1 /var/www/html/vendor/illuminate/container/BoundMethod.php(36): Modules\\Trade\\Http\\Controllers\\Manage\\OrderReturnController->add(Object(Laravel\\Lumen\\Http\\Request))
#2 /var/www/html/vendor/illuminate/container/Util.php(41): Illuminate\\Container\\BoundMethod::Illuminate\\Container\\{closure}()
#3 /var/www/html/vendor/illuminate/container/BoundMethod.php(93): Illuminate\\Container\\Util::unwrapIfClosure(Object(Closure))
#4 /var/www/html/vendor/illuminate/container/BoundMethod.php(37): Illuminate\\Container\\BoundMethod::callBoundMethod(Object(Laravel\\Lumen\\Application), Array, Object(Closure))
#5 /var/www/html/vendor/illuminate/container/Container.php(661): Illuminate\\Container\\BoundMethod::call(Object(Laravel\\Lumen\\Application), Array, Array, NULL)
#6 /var/www/html/vendor/laravel/lumen-framework/src/Concerns/RoutesRequests.php(391): Illuminate\\Container\\Container->call(Array, Array)
#7 /var/www/html/vendor/laravel/lumen-framework/src/Concerns/RoutesRequests.php(357): Laravel\\Lumen\\Application->callControllerCallable(Array, Array)
#8 /var/www/html/vendor/laravel/lumen-framework/src/Concerns/RoutesRequests.php(331): Laravel\\Lumen\\Application->callLumenController(Object(Modules\\Trade\\Http\\Controllers\\Manage\\OrderReturnController), 'add', Array)
#9 /var/www/html/vendor/laravel/lumen-framework/src/Concerns/RoutesRequests.php(284): Laravel\\Lumen\\Application->callControllerAction(Array)
#10 /var/www/html/vendor/laravel/lumen-framework/src/Concerns/RoutesRequests.php(264): Laravel\\Lumen\\Application->callActionOnArrayBasedRoute(Array)
#11 /var/www/html/vendor/laravel/lumen-framework/src/Routing/Pipeline.php(48): Laravel\\Lumen\\Application->Laravel\\Lumen\\Concerns\\{closure}(Object(Laravel\\Lumen\\Http\\Request))
#12 /var/www/html/app/Middleware/AdminAuthenticate.php(43): Laravel\\Lumen\\Routing\\Pipeline->Laravel\\Lumen\\Routing\\{closure}(Object(Laravel\\Lumen\\Http\\Request))
#13 /var/www/html/vendor/illuminate/pipeline/Pipeline.php(180): App\\Middleware\\AdminAuthenticate->handle(Object(Laravel\\Lumen\\Http\\Request), Object(Closure))
#14 /var/www/html/vendor/laravel/lumen-framework/src/Routing/Pipeline.php(30): Illuminate\\Pipeline\\Pipeline->Illuminate\\Pipeline\\{closure}(Object(Laravel\\Lumen\\Http\\Request))
#15 /var/www/html/app/Middleware/Authenticate.php(45): Laravel\\Lumen\\Routing\\Pipeline->Laravel\\Lumen\\Routing\\{closure}(Object(Laravel\\Lumen\\Http\\Request))
#16 /var/www/html/vendor/illuminate/pipeline/Pipeline.php(180): App\\Middleware\\Authenticate->handle(Object(Laravel\\Lumen\\Http\\Request), Object(Closure))
#17 /var/www/html/vendor/laravel/lumen-framework/src/Routing/Pipeline.php(30): Illuminate\\Pipeline\\Pipeline->Illuminate\\Pipeline\\{closure}(Object(Laravel\\Lumen\\Http\\Request))
#18 /var/www/html/vendor/illuminate/pipeline/Pipeline.php(116): Laravel\\Lumen\\Routing\\Pipeline->Laravel\\Lumen\\Routing\\{closure}(Object(Laravel\\Lumen\\Http\\Request))
#19 /var/www/html/vendor/laravel/lumen-framework/src/Concerns/RoutesRequests.php(428): Illuminate\\Pipeline\\Pipeline->then(Object(Closure))
#20 /var/www/html/vendor/laravel/lumen-framework/src/Concerns/RoutesRequests.php(265): Laravel\\Lumen\\Application->sendThroughPipeline(Array, Object(Closure))
#21 /var/www/html/vendor/laravel/lumen-framework/src/Concerns/RoutesRequests.php(171): Laravel\\Lumen\\Application->handleFoundRoute(Array)
#22 /var/www/html/vendor/laravel/lumen-framework/src/Routing/Pipeline.php(48): Laravel\\Lumen\\Application->Laravel\\Lumen\\Concerns\\{closure}(Object(Laravel\\Lumen\\Http\\Request))
#23 /var/www/html/app/Middleware/CrossMiddleware.php(48): Laravel\\Lumen\\Routing\\Pipeline->Laravel\\Lumen\\Routing\\{closure}(Object(Laravel\\Lumen\\Http\\Request))
#24 /var/www/html/vendor/illuminate/pipeline/Pipeline.php(180): App\\Middleware\\CrossMiddleware->handle(Object(Laravel\\Lumen\\Http\\Request), Object(Closure))
#25 /var/www/html/vendor/laravel/lumen-framework/src/Routing/Pipeline.php(30): Illuminate\\Pipeline\\Pipeline->Illuminate\\Pipeline\\{closure}(Object(Laravel\\Lumen\\Http\\Request))
#26 /var/www/html/vendor/illuminate/pipeline/Pipeline.php(116): Laravel\\Lumen\\Routing\\Pipeline->Laravel\\Lumen\\Routing\\{closure}(Object(Laravel\\Lumen\\Http\\Request))
#27 /var/www/html/vendor/laravel/lumen-framework/src/Concerns/RoutesRequests.php(428): Illuminate\\Pipeline\\Pipeline->then(Object(Closure))
#28 /var/www/html/vendor/laravel/lumen-framework/src/Concerns/RoutesRequests.php(177): Laravel\\Lumen\\Application->sendThroughPipeline(Array, Object(Closure))
#29 /var/www/html/vendor/laravel/lumen-framework/src/Concerns/RoutesRequests.php(112): Laravel\\Lumen\\Application->dispatch(NULL)
#30 /var/www/html/public/index.php(28): Laravel\\Lumen\\Application->run()
#31 {main}
"} 
[2026-09-23 11:03:53] production.ERROR: 订单不存在 {"exception":"[object] (App\\Exceptions\\ErrorException(code: 200): 订单不存在 at /var/www/html/modules/Trade/Services/OrderReturnService.php:283)
[stacktrace]
#0 /var/www/html/modules/Trade/Http/Controllers/Manage/OrderReturnController.php(56): Modules\\Trade\\Services\\OrderReturnService->addReturnByAdmin(Object(Laravel\\Lumen\\Http\\Request))
#1 /var/www/html/vendor/illuminate/container/BoundMethod.php(36): Modules\\Trade\\Http\\Controllers\\Manage\\OrderReturnController->add(Object(Laravel\\Lumen\\Http\\Request))
#2 /var/www/html/vendor/illuminate/container/Util.php(41): Illuminate\\Container\\BoundMethod::Illuminate\\Container\\{closure}()
#3 /var/www/html/vendor/illuminate/container/BoundMethod.php(93): Illuminate\\Container\\Util::unwrapIfClosure(Object(Closure))
#4 /var/www/html/vendor/illuminate/container/BoundMethod.php(37): Illuminate\\Container\\BoundMethod::callBoundMethod(Object(Laravel\\Lumen\\Application), Array, Object(Closure))
#5 /var/www/html/vendor/illuminate/container/Container.php(661): Illuminate\\Container\\BoundMethod::call(Object(Laravel\\Lumen\\Application), Array, Array, NULL)
#6 /var/www/html/vendor/laravel/lumen-framework/src/Concerns/RoutesRequests.php(391): Illuminate\\Container\\Container->call(Array, Array)
#7 /var/www/html/vendor/laravel/lumen-framework/src/Concerns/RoutesRequests.php(357): Laravel\\Lumen\\Application->callControllerCallable(Array, Array)
#8 /var/www/html/vendor/laravel/lumen-framework/src/Concerns/RoutesRequests.php(331): Laravel\\Lumen\\Application->callLumenController(Object(Modules\\Trade\\Http\\Controllers\\Manage\\OrderReturnController), 'add', Array)
#9 /var/www/html/vendor/laravel/lumen-framework/src/Concerns/RoutesRequests.php(284): Laravel\\Lumen\\Application->callControllerAction(Array)
#10 /var/www/html/vendor/laravel/lumen-framework/src/Concerns/RoutesRequests.php(264): Laravel\\Lumen\\Application->callActionOnArrayBasedRoute(Array)
#11 /var/www/html/vendor/laravel/lumen-framework/src/Routing/Pipeline.php(48): Laravel\\Lumen\\Application->Laravel\\Lumen\\Concerns\\{closure}(Object(Laravel\\Lumen\\Http\\Request))
#12 /var/www/html/app/Middleware/AdminAuthenticate.php(43): Laravel\\Lumen\\Routing\\Pipeline->Laravel\\Lumen\\Routing\\{closure}(Object(Laravel\\Lumen\\Http\\Request))
#13 /var/www/html/vendor/illuminate/pipeline/Pipeline.php(180): App\\Middleware\\AdminAuthenticate->handle(Object(Laravel\\Lumen\\Http\\Request), Object(Closure))
#14 /var/www/html/vendor/laravel/lumen-framework/src/Routing/Pipeline.php(30): Illuminate\\Pipeline\\Pipeline->Illuminate\\Pipeline\\{closure}(Object(Laravel\\Lumen\\Http\\Request))
#15 /var/www/html/app/Middleware/Authenticate.php(45): Laravel\\Lumen\\Routing\\Pipeline->Laravel\\Lumen\\Routing\\{closure}(Object(Laravel\\Lumen\\Http\\Request))
#16 /var/www/html/vendor/illuminate/pipeline/Pipeline.php(180): App\\Middleware\\Authenticate->handle(Object(Laravel\\Lumen\\Http\\Request), Object(Closure))
#17 /var/www/html/vendor/laravel/lumen-framework/src/Routing/Pipeline.php(30): Illuminate\\Pipeline\\Pipeline->Illuminate\\Pipeline\\{closure}(Object(Laravel\\Lumen\\Http\\Request))
#18 /var/www/html/vendor/illuminate/pipeline/Pipeline.php(116): Laravel\\Lumen\\Routing\\Pipeline->Laravel\\Lumen\\Routing\\{closure}(Object(Laravel\\Lumen\\Http\\Request))
#19 /var/www/html/vendor/laravel/lumen-framework/src/Concerns/RoutesRequests.php(428): Illuminate\\Pipeline\\Pipeline->then(Object(Closure))
#20 /var/www/html/vendor/laravel/lumen-framework/src/Concerns/RoutesRequests.php(265): Laravel\\Lumen\\Application->sendThroughPipeline(Array, Object(Closure))
#21 /var/www/html/vendor/laravel/lumen-framework/src/Concerns/RoutesRequests.php(171): Laravel\\Lumen\\Application->handleFoundRoute(Array)
#22 /var/www/html/vendor/laravel/lumen-framework/src/Routing/Pipeline.php(48): Laravel\\Lumen\\Application->Laravel\\Lumen\\Concerns\\{closure}(Object(Laravel\\Lumen\\Http\\Request))
#23 /var/www/html/app/Middleware/CrossMiddleware.php(48): Laravel\\Lumen\\Routing\\Pipeline->Laravel\\Lumen\\Routing\\{closure}(Object(Laravel\\Lumen\\Http\\Request))
#24 /var/www/html/vendor/illuminate/pipeline/Pipeline.php(180): App\\Middleware\\CrossMiddleware->handle(Object(Laravel\\Lumen\\Http\\Request), Object(Closure))
#25 /var/www/html/vendor/laravel/lumen-framework/src/Routing/Pipeline.php(30): Illuminate\\Pipeline\\Pipeline->Illuminate\\Pipeline\\{closure}(Object(Laravel\\Lumen\\Http\\Request))
#26 /var/www/html/vendor/illuminate/pipeline/Pipeline.php(116): Laravel\\Lumen\\Routing\\Pipeline->Laravel\\Lumen\\Routing\\{closure}(Object(Laravel\\Lumen\\Http\\Request))
#27 /var/www/html/vendor/laravel/lumen-framework/src/Concerns/RoutesRequests.php(428): Illuminate\\Pipeline\\Pipeline->then(Object(Closure))
#28 /var/www/html/vendor/laravel/lumen-framework/src/Concerns/RoutesRequests.php(177): Laravel\\Lumen\\Application->sendThroughPipeline(Array, Object(Closure))
#29 /var/www/html/vendor/laravel/lumen-framework/src/Concerns/RoutesRequests.php(112): Laravel\\Lumen\\Application->dispatch(NULL)
#30 /var/www/html/public/index.php(28): Laravel\\Lumen\\Application->run()
#31 {main}
"} 
[2026-09-23 11:03:53] production.ERROR: 数据有误 {"exception":"[object] (App\\Exceptions\\ErrorException(code: 200): 数据有误 at /var/www/html/modules/Trade/Services/OrderReturnService.php:316)
[stacktrace]
#0 /var/www/html/modules/Trade/Http/Controllers/Manage/OrderReturnController.php(68): Modules\\Trade\\Services\\OrderReturnService->editReturn(Object(Laravel\\Lumen\\Http\\Request))
#1 /var/www/html/vendor/illuminate/container/BoundMethod.php(36): Modules\\Trade\\Http\\Controllers\\Manage\\OrderReturnController->edit(Object(Laravel\\Lumen\\Http\\Request))
#2 /var/www/html/vendor/illuminate/container/Util.php(41): Illuminate\\Container\\BoundMethod::Illuminate\\Container\\{closure}()
#3 /var/www/html/vendor/illuminate/container/BoundMethod.php(93): Illuminate\\Container\\Util::unwrapIfClosure(Object(Closure))
#4 /var/www/html/vendor/illuminate/container/BoundMethod.php(37): Illuminate\\Container\\BoundMethod::callBoundMethod(Object(Laravel\\Lumen\\Application), Array, Object(Closure))
#5 /var/www/html/vendor/illuminate/container/Container.php(661): Illuminate\\Container\\BoundMethod::call(Object(Laravel\\Lumen\\Application), Array, Array, NULL)
#6 /var/www/html/vendor/laravel/lumen-framework/src/Concerns/RoutesRequests.php(391): Illuminate\\Container\\Container->call(Array, Array)
#7 /var/www/html/vendor/laravel/lumen-framework/src/Concerns/RoutesRequests.php(357): Laravel\\Lumen\\Application->callControllerCallable(Array, Array)
#8 /var/www/html/vendor/laravel/lumen-framework/src/Concerns/RoutesRequests.php(331): Laravel\\Lumen\\Application->callLumenController(Object(Modules\\Trade\\Http\\Controllers\\Manage\\OrderReturnController), 'edit', Array)
#9 /var/www/html/vendor/laravel/lumen-framework/src/Concerns/RoutesRequests.php(284): Laravel\\Lumen\\Application->callControllerAction(Array)
#10 /var/www/html/vendor/laravel/lumen-framework/src/Concerns/RoutesRequests.php(264): Laravel\\Lumen\\Application->callActionOnArrayBasedRoute(Array)
#11 /var/www/html/vendor/laravel/lumen-framework/src/Routing/Pipeline.php(48): Laravel\\Lumen\\Application->Laravel\\Lumen\\Concerns\\{closure}(Object(Laravel\\Lumen\\Http\\Request))
#12 /var/www/html/app/Middleware/AdminAuthenticate.php(43): Laravel\\Lumen\\Routing\\Pipeline->Laravel\\Lumen\\Routing\\{closure}(Object(Laravel\\Lumen\\Http\\Request))
#13 /var/www/html/vendor/illuminate/pipeline/Pipeline.php(180): App\\Middleware\\AdminAuthenticate->handle(Object(Laravel\\Lumen\\Http\\Request), Object(Closure))
#14 /var/www/html/vendor/laravel/lumen-framework/src/Routing/Pipeline.php(30): Illuminate\\Pipeline\\Pipeline->Illuminate\\Pipeline\\{closure}(Object(Laravel\\Lumen\\Http\\Request))
#15 /var/www/html/app/Middleware/Authenticate.php(45): Laravel\\Lumen\\Routing\\Pipeline->Laravel\\Lumen\\Routing\\{closure}(Object(Laravel\\Lumen\\Http\\Request))
#16 /var/www/html/vendor/illuminate/pipeline/Pipeline.php(180): App\\Middleware\\Authenticate->handle(Object(Laravel\\Lumen\\Http\\Request), Object(Closure))
#17 /var/www/html/vendor/laravel/lumen-framework/src/Routing/Pipeline.php(30): Illuminate\\Pipeline\\Pipeline->Illuminate\\Pipeline\\{closure}(Object(Laravel\\Lumen\\Http\\Request))
#18 /var/www/html/vendor/illuminate/pipeline/Pipeline.php(116): Laravel\\Lumen\\Routing\\Pipeline->Laravel\\Lumen\\Routing\\{closure}(Object(Laravel\\Lumen\\Http\\Request))
#19 /var/www/html/vendor/laravel/lumen-framework/src/Concerns/RoutesRequests.php(428): Illuminate\\Pipeline\\Pipeline->then(Object(Closure))
#20 /var/www/html/vendor/laravel/lumen-framework/src/Concerns/RoutesRequests.php(265): Laravel\\Lumen\\Application->sendThroughPipeline(Array, Object(Closure))
#21 /var/www/html/vendor/laravel/lumen-framework/src/Concerns/RoutesRequests.php(171): Laravel\\Lumen\\Application->handleFoundRoute(Array)
#22 /var/www/html/vendor/laravel/lumen-framework/src/Routing/Pipeline.php(48): Laravel\\Lumen\\Application->Laravel\\Lumen\\Concerns\\{closure}(Object(Laravel\\Lumen\\Http\\Request))
#23 /var/www/html/app/Middleware/CrossMiddleware.php(48): Laravel\\Lumen\\Routing\\Pipeline->Laravel\\Lumen\\Routing\\{closure}(Object(Laravel\\Lumen\\Http\\Request))
#24 /var/www/html/vendor/illuminate/pipeline/Pipeline.php(180): App\\Middleware\\CrossMiddleware->handle(Object(Laravel\\Lumen\\Http\\Request), Object(Closure))
#25 /var/www/html/vendor/laravel/lumen-framework/src/Routing/Pipeline.php(30): Illuminate\\Pipeline\\Pipeline->Illuminate\\Pipeline\\{closure}(Object(Laravel\\Lumen\\Http\\Request))
#26 /var/www/html/vendor/illuminate/pipeline/Pipeline.php(116): Laravel\\Lumen\\Routing\\Pipeline->Laravel\\Lumen\\Routing\\{closure}(Object(Laravel\\Lumen\\Http\\Request))
#27 /var/www/html/vendor/laravel/lumen-framework/src/Concerns/RoutesRequests.php(428): Illuminate\\Pipeline\\Pipeline->then(Object(Closure))
#28 /var/www/html/vendor/laravel/lumen-framework/src/Concerns/RoutesRequests.php(177): Laravel\\Lumen\\Application->sendThroughPipeline(Array, Object(Closure))
#29 /var/www/html/vendor/laravel/lumen-framework/src/Concerns/RoutesRequests.php(112): Laravel\\Lumen\\Application->dispatch(NULL)
#30 /var/www/html/public/index.php(28): Laravel\\Lumen\\Application->run()
#31 {main}
"} 
[2026-09-23 11:03:53] production.ERROR: 退单不存在 {"exception":"[object] (App\\Exceptions\\ErrorException(code: 200): 退单不存在 at /var/www/html/modules/Trade/Services/OrderReturnService.php:321)
[stacktrace]
#0 /var/www/html/modules/Trade/Http/Controllers/Manage/OrderReturnController.php(68): Modules\\Trade\\Services\\OrderReturnService->editReturn(Object(Laravel\\Lumen\\Http\\Request))
#1 /var/www/html/vendor/illuminate/container/BoundMethod.php(36): Modules\\Trade\\Http\\Controllers\\Manage\\OrderReturnController->edit(Object(Laravel\\Lumen\\Http\\Request))
#2 /var/www/html/vendor/illuminate/container/Util.php(41): Illuminate\\Container\\BoundMethod::Illuminate\\Container\\{closure}()
#3 /var/www/html/vendor/illuminate/container/BoundMethod.php(93): Illuminate\\Container\\Util::unwrapIfClosure(Object(Closure))
#4 /var/www/html/vendor/illuminate/container/BoundMethod.php(37): Illuminate\\Container\\BoundMethod::callBoundMethod(Object(Laravel\\Lumen\\Application), Array, Object(Closure))
#5 /var/www/html/vendor/illuminate/container/Container.php(661): Illuminate\\Container\\BoundMethod::call(Object(Laravel\\Lumen\\Application), Array, Array, NULL)
#6 /var/www/html/vendor/laravel/lumen-framework/src/Concerns/RoutesRequests.php(391): Illuminate\\Container\\Container->call(Array, Array)
#7 /var/www/html/vendor/laravel/lumen-framework/src/Concerns/RoutesRequests.php(357): Laravel\\Lumen\\Application->callControllerCallable(Array, Array)
#8 /var/www/html/vendor/laravel/lumen-framework/src/Concerns/RoutesRequests.php(331): Laravel\\Lumen\\Application->callLumenController(Object(Modules\\Trade\\Http\\Controllers\\Manage\\OrderReturnController), 'edit', Array)
#9 /var/www/html/vendor/laravel/lumen-framework/src/Concerns/RoutesRequests.php(284): Laravel\\Lumen\\Application->callControllerAction(Array)
#10 /var/www/html/vendor/laravel/lumen-framework/src/Concerns/RoutesRequests.php(264): Laravel\\Lumen\\Application->callActionOnArrayBasedRoute(Array)
#11 /var/www/html/vendor/laravel/lumen-framework/src/Routing/Pipeline.php(48): Laravel\\Lumen\\Application->Laravel\\Lumen\\Concerns\\{closure}(Object(Laravel\\Lumen\\Http\\Request))
#12 /var/www/html/app/Middleware/AdminAuthenticate.php(43): Laravel\\Lumen\\Routing\\Pipeline->Laravel\\Lumen\\Routing\\{closure}(Object(Laravel\\Lumen\\Http\\Request))
#13 /var/www/html/vendor/illuminate/pipeline/Pipeline.php(180): App\\Middleware\\AdminAuthenticate->handle(Object(Laravel\\Lumen\\Http\\Request), Object(Closure))
#14 /var/www/html/vendor/laravel/lumen-framework/src/Routing/Pipeline.php(30): Illuminate\\Pipeline\\Pipeline->Illuminate\\Pipeline\\{closure}(Object(Laravel\\Lumen\\Http\\Request))
#15 /var/www/html/app/Middleware/Authenticate.php(45): Laravel\\Lumen\\Routing\\Pipeline->Laravel\\Lumen\\Routing\\{closure}(Object(Laravel\\Lumen\\Http\\Request))
#16 /var/www/html/vendor/illuminate/pipeline/Pipeline.php(180): App\\Middleware\\Authenticate->handle(Object(Laravel\\Lumen\\Http\\Request), Object(Closure))
#17 /var/www/html/vendor/laravel/lumen-framework/src/Routing/Pipeline.php(30): Illuminate\\Pipeline\\Pipeline->Illuminate\\Pipeline\\{closure}(Object(Laravel\\Lumen\\Http\\Request))
#18 /var/www/html/vendor/illuminate/pipeline/Pipeline.php(116): Laravel\\Lumen\\Routing\\Pipeline->Laravel\\Lumen\\Routing\\{closure}(Object(Laravel\\Lumen\\Http\\Request))
#19 /var/www/html/vendor/laravel/lumen-framework/src/Concerns/RoutesRequests.php(428): Illuminate\\Pipeline\\Pipeline->then(Object(Closure))
#20 /var/www/html/vendor/laravel/lumen-framework/src/Concerns/RoutesRequests.php(265): Laravel\\Lumen\\Application->sendThroughPipeline(Array, Object(Closure))
#21 /var/www/html/vendor/laravel/lumen-framework/src/Concerns/RoutesRequests.php(171): Laravel\\Lumen\\Application->handleFoundRoute(Array)
#22 /var/www/html/vendor/laravel/lumen-framework/src/Routing/Pipeline.php(48): Laravel\\Lumen\\Application->Laravel\\Lumen\\Concerns\\{closure}(Object(Laravel\\Lumen\\Http\\Request))
#23 /var/www/html/app/Middleware/CrossMiddleware.php(48): Laravel\\Lumen\\Routing\\Pipeline->Laravel\\Lumen\\Routing\\{closure}(Object(Laravel\\Lumen\\Http\\Request))
#24 /var/www/html/vendor/illuminate/pipeline/Pipeline.php(180): App\\Middleware\\CrossMiddleware->handle(Object(Laravel\\Lumen\\Http\\Request), Object(Closure))
#25 /var/www/html/vendor/laravel/lumen-framework/src/Routing/Pipeline.php(30): Illuminate\\Pipeline\\Pipeline->Illuminate\\Pipeline\\{closure}(Object(Laravel\\Lumen\\Http\\Request))
#26 /var/www/html/vendor/illuminate/pipeline/Pipeline.php(116): Laravel\\Lumen\\Routing\\Pipeline->Laravel\\Lumen\\Routing\\{closure}(Object(Laravel\\Lumen\\Http\\Request))
#27 /var/www/html/vendor/laravel/lumen-framework/src/Concerns/RoutesRequests.php(428): Illuminate\\Pipeline\\Pipeline->then(Object(Closure))
#28 /var/www/html/vendor/laravel/lumen-framework/src/Concerns/RoutesRequests.php(177): Laravel\\Lumen\\Application->sendThroughPipeline(Array, Object(Closure))
#29 /var/www/html/vendor/laravel/lumen-framework/src/Concerns/RoutesRequests.php(112): Laravel\\Lumen\\Application->dispatch(NULL)
#30 /var/www/html/public/index.php(28): Laravel\\Lumen\\Application->run()
#31 {main}
"} 
[2026-09-23 11:03:53] production.ERROR: 请选择要删除的数据 {"exception":"[object] (App\\Exceptions\\ErrorException(code: 200): 请选择要删除的数据 at /var/www/html/modules/Trade/Services/OrderReturnReasonService.php:46)
[stacktrace]
#0 /var/www/html/modules/Trade/Http/Controllers/Manage/OrderReturnReasonController.php(75): Modules\\Trade\\Services\\OrderReturnReasonService->remove(NULL)
#1 /var/www/html/vendor/illuminate/container/BoundMethod.php(36): Modules\\Trade\\Http\\Controllers\\Manage\\OrderReturnReasonController->remove(Object(Laravel\\Lumen\\Http\\Request))
#2 /var/www/html/vendor/illuminate/container/Util.php(41): Illuminate\\Container\\BoundMethod::Illuminate\\Container\\{closure}()
#3 /var/www/html/vendor/illuminate/container/BoundMethod.php(93): Illuminate\\Container\\Util::unwrapIfClosure(Object(Closure))
#4 /var/www/html/vendor/illuminate/container/BoundMethod.php(37): Illuminate\\Container\\BoundMethod::callBoundMethod(Object(Laravel\\Lumen\\Application), Array, Object(Closure))
#5 /var/www/html/vendor/illuminate/container/Container.php(661): Illuminate\\Container\\BoundMethod::call(Object(Laravel\\Lumen\\Application), Array, Array, NULL)
#6 /var/www/html/vendor/laravel/lumen-framework/src/Concerns/RoutesRequests.php(391): Illuminate\\Container\\Container->call(Array, Array)
#7 /var/www/html/vendor/laravel/lumen-framework/src/Concerns/RoutesRequests.php(357): Laravel\\Lumen\\Application->callControllerCallable(Array, Array)
#8 /var/www/html/vendor/laravel/lumen-framework/src/Concerns/RoutesRequests.php(331): Laravel\\Lumen\\Application->callLumenController(Object(Modules\\Trade\\Http\\Controllers\\Manage\\OrderReturnReasonController), 'remove', Array)
#9 /var/www/html/vendor/laravel/lumen-framework/src/Concerns/RoutesRequests.php(284): Laravel\\Lumen\\Application->callControllerAction(Array)
#10 /var/www/html/vendor/laravel/lumen-framework/src/Concerns/RoutesRequests.php(264): Laravel\\Lumen\\Application->callActionOnArrayBasedRoute(Array)
#11 /var/www/html/vendor/laravel/lumen-framework/src/Routing/Pipeline.php(48): Laravel\\Lumen\\Application->Laravel\\Lumen\\Concerns\\{closure}(Object(Laravel\\Lumen\\Http\\Request))
#12 /var/www/html/app/Middleware/AdminAuthenticate.php(43): Laravel\\Lumen\\Routing\\Pipeline->Laravel\\Lumen\\Routing\\{closure}(Object(Laravel\\Lumen\\Http\\Request))
#13 /var/www/html/vendor/illuminate/pipeline/Pipeline.php(180): App\\Middleware\\AdminAuthenticate->handle(Object(Laravel\\Lumen\\Http\\Request), Object(Closure))
#14 /var/www/html/vendor/laravel/lumen-framework/src/Routing/Pipeline.php(30): Illuminate\\Pipeline\\Pipeline->Illuminate\\Pipeline\\{closure}(Object(Laravel\\Lumen\\Http\\Request))
#15 /var/www/html/app/Middleware/Authenticate.php(45): Laravel\\Lumen\\Routing\\Pipeline->Laravel\\Lumen\\Routing\\{closure}(Object(Laravel\\Lumen\\Http\\Request))
#16 /var/www/html/vendor/illuminate/pipeline/Pipeline.php(180): App\\Middleware\\Authenticate->handle(Object(Laravel\\Lumen\\Http\\Request), Object(Closure))
#17 /var/www/html/vendor/laravel/lumen-framework/src/Routing/Pipeline.php(30): Illuminate\\Pipeline\\Pipeline->Illuminate\\Pipeline\\{closure}(Object(Laravel\\Lumen\\Http\\Request))
#18 /var/www/html/vendor/illuminate/pipeline/Pipeline.php(116): Laravel\\Lumen\\Routing\\Pipeline->Laravel\\Lumen\\Routing\\{closure}(Object(Laravel\\Lumen\\Http\\Request))
#19 /var/www/html/vendor/laravel/lumen-framework/src/Concerns/RoutesRequests.php(428): Illuminate\\Pipeline\\Pipeline->then(Object(Closure))
#20 /var/www/html/vendor/laravel/lumen-framework/src/Concerns/RoutesRequests.php(265): Laravel\\Lumen\\Application->sendThroughPipeline(Array, Object(Closure))
#21 /var/www/html/vendor/laravel/lumen-framework/src/Concerns/RoutesRequests.php(171): Laravel\\Lumen\\Application->handleFoundRoute(Array)
#22 /var/www/html/vendor/laravel/lumen-framework/src/Routing/Pipeline.php(48): Laravel\\Lumen\\Application->Laravel\\Lumen\\Concerns\\{closure}(Object(Laravel\\Lumen\\Http\\Request))
#23 /var/www/html/app/Middleware/CrossMiddleware.php(48): Laravel\\Lumen\\Routing\\Pipeline->Laravel\\Lumen\\Routing\\{closure}(Object(Laravel\\Lumen\\Http\\Request))
#24 /var/www/html/vendor/illuminate/pipeline/Pipeline.php(180): App\\Middleware\\CrossMiddleware->handle(Object(Laravel\\Lumen\\Http\\Request), Object(Closure))
#25 /var/www/html/vendor/laravel/lumen-framework/src/Routing/Pipeline.php(30): Illuminate\\Pipeline\\Pipeline->Illuminate\\Pipeline\\{closure}(Object(Laravel\\Lumen\\Http\\Request))
#26 /var/www/html/vendor/illuminate/pipeline/Pipeline.php(116): Laravel\\Lumen\\Routing\\Pipeline->Laravel\\Lumen\\Routing\\{closure}(Object(Laravel\\Lumen\\Http\\Request))
#27 /var/www/html/vendor/laravel/lumen-framework/src/Concerns/RoutesRequests.php(428): Illuminate\\Pipeline\\Pipeline->then(Object(Closure))
#28 /var/www/html/vendor/laravel/lumen-framework/src/Concerns/RoutesRequests.php(177): Laravel\\Lumen\\Application->sendThroughPipeline(Array, Object(Closure))
#29 /var/www/html/vendor/laravel/lumen-framework/src/Concerns/RoutesRequests.php(112): Laravel\\Lumen\\Application->dispatch(NULL)
#30 /var/www/html/public/index.php(28): Laravel\\Lumen\\Application->run()
#31 {main}
"} 
[2026-09-23 11:03:53] production.ERROR: 请选择商品 {"exception":"[object] (App\\Exceptions\\ErrorException(code: 200): 请选择商品 at /var/www/html/modules/Pt/Services/ProductAskBaseService.php:106)
[stacktrace]
#0 /var/www/html/modules/Pt/Http/Controllers/Manage/ProductAskBaseController.php(51): Modules\\Pt\\Services\\ProductAskBaseService->addAsk(Object(Laravel\\Lumen\\Http\\Request))
#1 /var/www/html/vendor/illuminate/container/BoundMethod.php(36): Modules\\Pt\\Http\\Controllers\\Manage\\ProductAskBaseController->add(Object(Laravel\\Lumen\\Http\\Request))
#2 /var/www/html/vendor/illuminate/container/Util.php(41): Illuminate\\Container\\BoundMethod::Illuminate\\Container\\{closure}()
#3 /var/www/html/vendor/illuminate/container/BoundMethod.php(93): Illuminate\\Container\\Util::unwrapIfClosure(Object(Closure))
#4 /var/www/html/vendor/illuminate/container/BoundMethod.php(37): Illuminate\\Container\\BoundMethod::callBoundMethod(Object(Laravel\\Lumen\\Application), Array, Object(Closure))
#5 /var/www/html/vendor/illuminate/container/Container.php(661): Illuminate\\Container\\BoundMethod::call(Object(Laravel\\Lumen\\Application), Array, Array, NULL)
#6 /var/www/html/vendor/laravel/lumen-framework/src/Concerns/RoutesRequests.php(391): Illuminate\\Container\\Container->call(Array, Array)
#7 /var/www/html/vendor/laravel/lumen-framework/src/Concerns/RoutesRequests.php(357): Laravel\\Lumen\\Application->callControllerCallable(Array, Array)
#8 /var/www/html/vendor/laravel/lumen-framework/src/Concerns/RoutesRequests.php(331): Laravel\\Lumen\\Application->callLumenController(Object(Modules\\Pt\\Http\\Controllers\\Manage\\ProductAskBaseController), 'add', Array)
#9 /var/www/html/vendor/laravel/lumen-framework/src/Concerns/RoutesRequests.php(284): Laravel\\Lumen\\Application->callControllerAction(Array)
#10 /var/www/html/vendor/laravel/lumen-framework/src/Concerns/RoutesRequests.php(264): Laravel\\Lumen\\Application->callActionOnArrayBasedRoute(Array)
#11 /var/www/html/vendor/laravel/lumen-framework/src/Routing/Pipeline.php(48): Laravel\\Lumen\\Application->Laravel\\Lumen\\Concerns\\{closure}(Object(Laravel\\Lumen\\Http\\Request))
#12 /var/www/html/app/Middleware/AdminAuthenticate.php(43): Laravel\\Lumen\\Routing\\Pipeline->Laravel\\Lumen\\Routing\\{closure}(Object(Laravel\\Lumen\\Http\\Request))
#13 /var/www/html/vendor/illuminate/pipeline/Pipeline.php(180): App\\Middleware\\AdminAuthenticate->handle(Object(Laravel\\Lumen\\Http\\Request), Object(Closure))
#14 /var/www/html/vendor/laravel/lumen-framework/src/Routing/Pipeline.php(30): Illuminate\\Pipeline\\Pipeline->Illuminate\\Pipeline\\{closure}(Object(Laravel\\Lumen\\Http\\Request))
#15 /var/www/html/app/Middleware/Authenticate.php(45): Laravel\\Lumen\\Routing\\Pipeline->Laravel\\Lumen\\Routing\\{closure}(Object(Laravel\\Lumen\\Http\\Request))
#16 /var/www/html/vendor/illuminate/pipeline/Pipeline.php(180): App\\Middleware\\Authenticate->handle(Object(Laravel\\Lumen\\Http\\Request), Object(Closure))
#17 /var/www/html/vendor/laravel/lumen-framework/src/Routing/Pipeline.php(30): Illuminate\\Pipeline\\Pipeline->Illuminate\\Pipeline\\{closure}(Object(Laravel\\Lumen\\Http\\Request))
#18 /var/www/html/vendor/illuminate/pipeline/Pipeline.php(116): Laravel\\Lumen\\Routing\\Pipeline->Laravel\\Lumen\\Routing\\{closure}(Object(Laravel\\Lumen\\Http\\Request))
#19 /var/www/html/vendor/laravel/lumen-framework/src/Concerns/RoutesRequests.php(428): Illuminate\\Pipeline\\Pipeline->then(Object(Closure))
#20 /var/www/html/vendor/laravel/lumen-framework/src/Concerns/RoutesRequests.php(265): Laravel\\Lumen\\Application->sendThroughPipeline(Array, Object(Closure))
#21 /var/www/html/vendor/laravel/lumen-framework/src/Concerns/RoutesRequests.php(171): Laravel\\Lumen\\Application->handleFoundRoute(Array)
#22 /var/www/html/vendor/laravel/lumen-framework/src/Routing/Pipeline.php(48): Laravel\\Lumen\\Application->Laravel\\Lumen\\Concerns\\{closure}(Object(Laravel\\Lumen\\Http\\Request))
#23 /var/www/html/app/Middleware/CrossMiddleware.php(48): Laravel\\Lumen\\Routing\\Pipeline->Laravel\\Lumen\\Routing\\{closure}(Object(Laravel\\Lumen\\Http\\Request))
#24 /var/www/html/vendor/illuminate/pipeline/Pipeline.php(180): App\\Middleware\\CrossMiddleware->handle(Object(Laravel\\Lumen\\Http\\Request), Object(Closure))
#25 /var/www/html/vendor/laravel/lumen-framework/src/Routing/Pipeline.php(30): Illuminate\\Pipeline\\Pipeline->Illuminate\\Pipeline\\{closure}(Object(Laravel\\Lumen\\Http\\Request))
#26 /var/www/html/vendor/illuminate/pipeline/Pipeline.php(116): Laravel\\Lumen\\Routing\\Pipeline->Laravel\\Lumen\\Routing\\{closure}(Object(Laravel\\Lumen\\Http\\Request))
#27 /var/www/html/vendor/laravel/lumen-framework/src/Concerns/RoutesRequests.php(428): Illuminate\\Pipeline\\Pipeline->then(Object(Closure))
#28 /var/www/html/vendor/laravel/lumen-framework/src/Concerns/RoutesRequests.php(177): Laravel\\Lumen\\Application->sendThroughPipeline(Array, Object(Closure))
#29 /var/www/html/vendor/laravel/lumen-framework/src/Concerns/RoutesRequests.php(112): Laravel\\Lumen\\Application->dispatch(NULL)
#30 /var/www/html/public/index.php(28): Laravel\\Lumen\\Application->run()
#31 {main}
"} 
[2026-09-23 11:03:53] production.ERROR: 请选择商品 {"exception":"[object] (App\\Exceptions\\ErrorException(code: 200): 请选择商品 at /var/www/html/modules/Pt/Services/ProductAskBaseService.php:106)
[stacktrace]
#0 /var/www/html/modules/Pt/Http/Controllers/Manage/ProductAskBaseController.php(51): Modules\\Pt\\Services\\ProductAskBaseService->addAsk(Object(Laravel\\Lumen\\Http\\Request))
#1 /var/www/html/vendor/illuminate/container/BoundMethod.php(36): Modules\\Pt\\Http\\Controllers\\Manage\\ProductAskBaseController->add(Object(Laravel\\Lumen\\Http\\Request))
#2 /var/www/html/vendor/illuminate/container/Util.php(41): Illuminate\\Container\\BoundMethod::Illuminate\\Container\\{closure}()
#3 /var/www/html/vendor/illuminate/container/BoundMethod.php(93): Illuminate\\Container\\Util::unwrapIfClosure(Object(Closure))
#4 /var/www/html/vendor/illuminate/container/BoundMethod.php(37): Illuminate\\Container\\BoundMethod::callBoundMethod(Object(Laravel\\Lumen\\Application), Array, Object(Closure))
#5 /var/www/html/vendor/illuminate/container/Container.php(661): Illuminate\\Container\\BoundMethod::call(Object(Laravel\\Lumen\\Application), Array, Array, NULL)
#6 /var/www/html/vendor/laravel/lumen-framework/src/Concerns/RoutesRequests.php(391): Illuminate\\Container\\Container->call(Array, Array)
#7 /var/www/html/vendor/laravel/lumen-framework/src/Concerns/RoutesRequests.php(357): Laravel\\Lumen\\Application->callControllerCallable(Array, Array)
#8 /var/www/html/vendor/laravel/lumen-framework/src/Concerns/RoutesRequests.php(331): Laravel\\Lumen\\Application->callLumenController(Object(Modules\\Pt\\Http\\Controllers\\Manage\\ProductAskBaseController), 'add', Array)
#9 /var/www/html/vendor/laravel/lumen-framework/src/Concerns/RoutesRequests.php(284): Laravel\\Lumen\\Application->callControllerAction(Array)
#10 /var/www/html/vendor/laravel/lumen-framework/src/Concerns/RoutesRequests.php(264): Laravel\\Lumen\\Application->callActionOnArrayBasedRoute(Array)
#11 /var/www/html/vendor/laravel/lumen-framework/src/Routing/Pipeline.php(48): Laravel\\Lumen\\Application->Laravel\\Lumen\\Concerns\\{closure}(Object(Laravel\\Lumen\\Http\\Request))
#12 /var/www/html/app/Middleware/AdminAuthenticate.php(43): Laravel\\Lumen\\Routing\\Pipeline->Laravel\\Lumen\\Routing\\{closure}(Object(Laravel\\Lumen\\Http\\Request))
#13 /var/www/html/vendor/illuminate/pipeline/Pipeline.php(180): App\\Middleware\\AdminAuthenticate->handle(Object(Laravel\\Lumen\\Http\\Request), Object(Closure))
#14 /var/www/html/vendor/laravel/lumen-framework/src/Routing/Pipeline.php(30): Illuminate\\Pipeline\\Pipeline->Illuminate\\Pipeline\\{closure}(Object(Laravel\\Lumen\\Http\\Request))
#15 /var/www/html/app/Middleware/Authenticate.php(45): Laravel\\Lumen\\Routing\\Pipeline->Laravel\\Lumen\\Routing\\{closure}(Object(Laravel\\Lumen\\Http\\Request))
#16 /var/www/html/vendor/illuminate/pipeline/Pipeline.php(180): App\\Middleware\\Authenticate->handle(Object(Laravel\\Lumen\\Http\\Request), Object(Closure))
#17 /var/www/html/vendor/laravel/lumen-framework/src/Routing/Pipeline.php(30): Illuminate\\Pipeline\\Pipeline->Illuminate\\Pipeline\\{closure}(Object(Laravel\\Lumen\\Http\\Request))
#18 /var/www/html/vendor/illuminate/pipeline/Pipeline.php(116): Laravel\\Lumen\\Routing\\Pipeline->Laravel\\Lumen\\Routing\\{closure}(Object(Laravel\\Lumen\\Http\\Request))
#19 /var/www/html/vendor/laravel/lumen-framework/src/Concerns/RoutesRequests.php(428): Illuminate\\Pipeline\\Pipeline->then(Object(Closure))
#20 /var/www/html/vendor/laravel/lumen-framework/src/Concerns/RoutesRequests.php(265): Laravel\\Lumen\\Application->sendThroughPipeline(Array, Object(Closure))
#21 /var/www/html/vendor/laravel/lumen-framework/src/Concerns/RoutesRequests.php(171): Laravel\\Lumen\\Application->handleFoundRoute(Array)
#22 /var/www/html/vendor/laravel/lumen-framework/src/Routing/Pipeline.php(48): Laravel\\Lumen\\Application->Laravel\\Lumen\\Concerns\\{closure}(Object(Laravel\\Lumen\\Http\\Request))
#23 /var/www/html/app/Middleware/CrossMiddleware.php(48): Laravel\\Lumen\\Routing\\Pipeline->Laravel\\Lumen\\Routing\\{closure}(Object(Laravel\\Lumen\\Http\\Request))
#24 /var/www/html/vendor/illuminate/pipeline/Pipeline.php(180): App\\Middleware\\CrossMiddleware->handle(Object(Laravel\\Lumen\\Http\\Request), Object(Closure))
#25 /var/www/html/vendor/laravel/lumen-framework/src/Routing/Pipeline.php(30): Illuminate\\Pipeline\\Pipeline->Illuminate\\Pipeline\\{closure}(Object(Laravel\\Lumen\\Http\\Request))
#26 /var/www/html/vendor/illuminate/pipeline/Pipeline.php(116): Laravel\\Lumen\\Routing\\Pipeline->Laravel\\Lumen\\Routing\\{closure}(Object(Laravel\\Lumen\\Http\\Request))
#27 /var/www/html/vendor/laravel/lumen-framework/src/Concerns/RoutesRequests.php(428): Illuminate\\Pipeline\\Pipeline->then(Object(Closure))
#28 /var/www/html/vendor/laravel/lumen-framework/src/Concerns/RoutesRequests.php(177): Laravel\\Lumen\\Application->sendThroughPipeline(Array, Object(Closure))
#29 /var/www/html/vendor/laravel/lumen-framework/src/Concerns/RoutesRequests.php(112): Laravel\\Lumen\\Application->dispatch(NULL)
#30 /var/www/html/public/index.php(28): Laravel\\Lumen\\Application->run()
#31 {main}
"} 
[2026-09-23 11:03:53] production.ERROR: 请输入咨询内容 {"exception":"[object] (App\\Exceptions\\ErrorException(code: 200): 请输入咨询内容 at /var/www/html/modules/Pt/Services/ProductAskBaseService.php:111)
[stacktrace]
#0 /var/www/html/modules/Pt/Http/Controllers/Manage/ProductAskBaseController.php(51): Modules\\Pt\\Services\\ProductAskBaseService->addAsk(Object(Laravel\\Lumen\\Http\\Request))
#1 /var/www/html/vendor/illuminate/container/BoundMethod.php(36): Modules\\Pt\\Http\\Controllers\\Manage\\ProductAskBaseController->add(Object(Laravel\\Lumen\\Http\\Request))
#2 /var/www/html/vendor/illuminate/container/Util.php(41): Illuminate\\Container\\BoundMethod::Illuminate\\Container\\{closure}()
#3 /var/www/html/vendor/illuminate/container/BoundMethod.php(93): Illuminate\\Container\\Util::unwrapIfClosure(Object(Closure))
#4 /var/www/html/vendor/illuminate/container/BoundMethod.php(37): Illuminate\\Container\\BoundMethod::callBoundMethod(Object(Laravel\\Lumen\\Application), Array, Object(Closure))
#5 /var/www/html/vendor/illuminate/container/Container.php(661): Illuminate\\Container\\BoundMethod::call(Object(Laravel\\Lumen\\Application), Array, Array, NULL)
#6 /var/www/html/vendor/laravel/lumen-framework/src/Concerns/RoutesRequests.php(391): Illuminate\\Container\\Container->call(Array, Array)
#7 /var/www/html/vendor/laravel/lumen-framework/src/Concerns/RoutesRequests.php(357): Laravel\\Lumen\\Application->callControllerCallable(Array, Array)
#8 /var/www/html/vendor/laravel/lumen-framework/src/Concerns/RoutesRequests.php(331): Laravel\\Lumen\\Application->callLumenController(Object(Modules\\Pt\\Http\\Controllers\\Manage\\ProductAskBaseController), 'add', Array)
#9 /var/www/html/vendor/laravel/lumen-framework/src/Concerns/RoutesRequests.php(284): Laravel\\Lumen\\Application->callControllerAction(Array)
#10 /var/www/html/vendor/laravel/lumen-framework/src/Concerns/RoutesRequests.php(264): Laravel\\Lumen\\Application->callActionOnArrayBasedRoute(Array)
#11 /var/www/html/vendor/laravel/lumen-framework/src/Routing/Pipeline.php(48): Laravel\\Lumen\\Application->Laravel\\Lumen\\Concerns\\{closure}(Object(Laravel\\Lumen\\Http\\Request))
#12 /var/www/html/app/Middleware/AdminAuthenticate.php(43): Laravel\\Lumen\\Routing\\Pipeline->Laravel\\Lumen\\Routing\\{closure}(Object(Laravel\\Lumen\\Http\\Request))
#13 /var/www/html/vendor/illuminate/pipeline/Pipeline.php(180): App\\Middleware\\AdminAuthenticate->handle(Object(Laravel\\Lumen\\Http\\Request), Object(Closure))
#14 /var/www/html/vendor/laravel/lumen-framework/src/Routing/Pipeline.php(30): Illuminate\\Pipeline\\Pipeline->Illuminate\\Pipeline\\{closure}(Object(Laravel\\Lumen\\Http\\Request))
#15 /var/www/html/app/Middleware/Authenticate.php(45): Laravel\\Lumen\\Routing\\Pipeline->Laravel\\Lumen\\Routing\\{closure}(Object(Laravel\\Lumen\\Http\\Request))
#16 /var/www/html/vendor/illuminate/pipeline/Pipeline.php(180): App\\Middleware\\Authenticate->handle(Object(Laravel\\Lumen\\Http\\Request), Object(Closure))
#17 /var/www/html/vendor/laravel/lumen-framework/src/Routing/Pipeline.php(30): Illuminate\\Pipeline\\Pipeline->Illuminate\\Pipeline\\{closure}(Object(Laravel\\Lumen\\Http\\Request))
#18 /var/www/html/vendor/illuminate/pipeline/Pipeline.php(116): Laravel\\Lumen\\Routing\\Pipeline->Laravel\\Lumen\\Routing\\{closure}(Object(Laravel\\Lumen\\Http\\Request))
#19 /var/www/html/vendor/laravel/lumen-framework/src/Concerns/RoutesRequests.php(428): Illuminate\\Pipeline\\Pipeline->then(Object(Closure))
#20 /var/www/html/vendor/laravel/lumen-framework/src/Concerns/RoutesRequests.php(265): Laravel\\Lumen\\Application->sendThroughPipeline(Array, Object(Closure))
#21 /var/www/html/vendor/laravel/lumen-framework/src/Concerns/RoutesRequests.php(171): Laravel\\Lumen\\Application->handleFoundRoute(Array)
#22 /var/www/html/vendor/laravel/lumen-framework/src/Routing/Pipeline.php(48): Laravel\\Lumen\\Application->Laravel\\Lumen\\Concerns\\{closure}(Object(Laravel\\Lumen\\Http\\Request))
#23 /var/www/html/app/Middleware/CrossMiddleware.php(48): Laravel\\Lumen\\Routing\\Pipeline->Laravel\\Lumen\\Routing\\{closure}(Object(Laravel\\Lumen\\Http\\Request))
#24 /var/www/html/vendor/illuminate/pipeline/Pipeline.php(180): App\\Middleware\\CrossMiddleware->handle(Object(Laravel\\Lumen\\Http\\Request), Object(Closure))
#25 /var/www/html/vendor/laravel/lumen-framework/src/Routing/Pipeline.php(30): Illuminate\\Pipeline\\Pipeline->Illuminate\\Pipeline\\{closure}(Object(Laravel\\Lumen\\Http\\Request))
#26 /var/www/html/vendor/illuminate/pipeline/Pipeline.php(116): Laravel\\Lumen\\Routing\\Pipeline->Laravel\\Lumen\\Routing\\{closure}(Object(Laravel\\Lumen\\Http\\Request))
#27 /var/www/html/vendor/laravel/lumen-framework/src/Concerns/RoutesRequests.php(428): Illuminate\\Pipeline\\Pipeline->then(Object(Closure))
#28 /var/www/html/vendor/laravel/lumen-framework/src/Concerns/RoutesRequests.php(177): Laravel\\Lumen\\Application->sendThroughPipeline(Array, Object(Closure))
#29 /var/www/html/vendor/laravel/lumen-framework/src/Concerns/RoutesRequests.php(112): Laravel\\Lumen\\Application->dispatch(NULL)
#30 /var/www/html/public/index.php(28): Laravel\\Lumen\\Application->run()
#31 {main}
"} 
[2026-09-23 11:03:53] production.ERROR: 咨询内容最多 255 个字符（该字段为短文本，不支持富文本长内容） {"exception":"[object] (App\\Exceptions\\ErrorException(code: 200): 咨询内容最多 255 个字符（该字段为短文本，不支持富文本长内容） at /var/www/html/modules/Pt/Services/ProductAskBaseService.php:334)
[stacktrace]
#0 /var/www/html/modules/Pt/Services/ProductAskBaseService.php(109): Modules\\Pt\\Services\\ProductAskBaseService->textValue('\\xE6\\xB5\\x8B\\xE6\\xB5\\x8B\\xE6\\xB5\\x8B\\xE6\\xB5\\x8B\\xE6\\xB5\\x8B...', '\\xE5\\x92\\xA8\\xE8\\xAF\\xA2\\xE5\\x86\\x85\\xE5\\xAE\\xB9')
#1 /var/www/html/modules/Pt/Http/Controllers/Manage/ProductAskBaseController.php(51): Modules\\Pt\\Services\\ProductAskBaseService->addAsk(Object(Laravel\\Lumen\\Http\\Request))
#2 /var/www/html/vendor/illuminate/container/BoundMethod.php(36): Modules\\Pt\\Http\\Controllers\\Manage\\ProductAskBaseController->add(Object(Laravel\\Lumen\\Http\\Request))
#3 /var/www/html/vendor/illuminate/container/Util.php(41): Illuminate\\Container\\BoundMethod::Illuminate\\Container\\{closure}()
#4 /var/www/html/vendor/illuminate/container/BoundMethod.php(93): Illuminate\\Container\\Util::unwrapIfClosure(Object(Closure))
#5 /var/www/html/vendor/illuminate/container/BoundMethod.php(37): Illuminate\\Container\\BoundMethod::callBoundMethod(Object(Laravel\\Lumen\\Application), Array, Object(Closure))
#6 /var/www/html/vendor/illuminate/container/Container.php(661): Illuminate\\Container\\BoundMethod::call(Object(Laravel\\Lumen\\Application), Array, Array, NULL)
#7 /var/www/html/vendor/laravel/lumen-framework/src/Concerns/RoutesRequests.php(391): Illuminate\\Container\\Container->call(Array, Array)
#8 /var/www/html/vendor/laravel/lumen-framework/src/Concerns/RoutesRequests.php(357): Laravel\\Lumen\\Application->callControllerCallable(Array, Array)
#9 /var/www/html/vendor/laravel/lumen-framework/src/Concerns/RoutesRequests.php(331): Laravel\\Lumen\\Application->callLumenController(Object(Modules\\Pt\\Http\\Controllers\\Manage\\ProductAskBaseController), 'add', Array)
#10 /var/www/html/vendor/laravel/lumen-framework/src/Concerns/RoutesRequests.php(284): Laravel\\Lumen\\Application->callControllerAction(Array)
#11 /var/www/html/vendor/laravel/lumen-framework/src/Concerns/RoutesRequests.php(264): Laravel\\Lumen\\Application->callActionOnArrayBasedRoute(Array)
#12 /var/www/html/vendor/laravel/lumen-framework/src/Routing/Pipeline.php(48): Laravel\\Lumen\\Application->Laravel\\Lumen\\Concerns\\{closure}(Object(Laravel\\Lumen\\Http\\Request))
#13 /var/www/html/app/Middleware/AdminAuthenticate.php(43): Laravel\\Lumen\\Routing\\Pipeline->Laravel\\Lumen\\Routing\\{closure}(Object(Laravel\\Lumen\\Http\\Request))
#14 /var/www/html/vendor/illuminate/pipeline/Pipeline.php(180): App\\Middleware\\AdminAuthenticate->handle(Object(Laravel\\Lumen\\Http\\Request), Object(Closure))
#15 /var/www/html/vendor/laravel/lumen-framework/src/Routing/Pipeline.php(30): Illuminate\\Pipeline\\Pipeline->Illuminate\\Pipeline\\{closure}(Object(Laravel\\Lumen\\Http\\Request))
#16 /var/www/html/app/Middleware/Authenticate.php(45): Laravel\\Lumen\\Routing\\Pipeline->Laravel\\Lumen\\Routing\\{closure}(Object(Laravel\\Lumen\\Http\\Request))
#17 /var/www/html/vendor/illuminate/pipeline/Pipeline.php(180): App\\Middleware\\Authenticate->handle(Object(Laravel\\Lumen\\Http\\Request), Object(Closure))
#18 /var/www/html/vendor/laravel/lumen-framework/src/Routing/Pipeline.php(30): Illuminate\\Pipeline\\Pipeline->Illuminate\\Pipeline\\{closure}(Object(Laravel\\Lumen\\Http\\Request))
#19 /var/www/html/vendor/illuminate/pipeline/Pipeline.php(116): Laravel\\Lumen\\Routing\\Pipeline->Laravel\\Lumen\\Routing\\{closure}(Object(Laravel\\Lumen\\Http\\Request))
#20 /var/www/html/vendor/laravel/lumen-framework/src/Concerns/RoutesRequests.php(428): Illuminate\\Pipeline\\Pipeline->then(Object(Closure))
#21 /var/www/html/vendor/laravel/lumen-framework/src/Concerns/RoutesRequests.php(265): Laravel\\Lumen\\Application->sendThroughPipeline(Array, Object(Closure))
#22 /var/www/html/vendor/laravel/lumen-framework/src/Concerns/RoutesRequests.php(171): Laravel\\Lumen\\Application->handleFoundRoute(Array)
#23 /var/www/html/vendor/laravel/lumen-framework/src/Routing/Pipeline.php(48): Laravel\\Lumen\\Application->Laravel\\Lumen\\Concerns\\{closure}(Object(Laravel\\Lumen\\Http\\Request))
#24 /var/www/html/app/Middleware/CrossMiddleware.php(48): Laravel\\Lumen\\Routing\\Pipeline->Laravel\\Lumen\\Routing\\{closure}(Object(Laravel\\Lumen\\Http\\Request))
#25 /var/www/html/vendor/illuminate/pipeline/Pipeline.php(180): App\\Middleware\\CrossMiddleware->handle(Object(Laravel\\Lumen\\Http\\Request), Object(Closure))
#26 /var/www/html/vendor/laravel/lumen-framework/src/Routing/Pipeline.php(30): Illuminate\\Pipeline\\Pipeline->Illuminate\\Pipeline\\{closure}(Object(Laravel\\Lumen\\Http\\Request))
#27 /var/www/html/vendor/illuminate/pipeline/Pipeline.php(116): Laravel\\Lumen\\Routing\\Pipeline->Laravel\\Lumen\\Routing\\{closure}(Object(Laravel\\Lumen\\Http\\Request))
#28 /var/www/html/vendor/laravel/lumen-framework/src/Concerns/RoutesRequests.php(428): Illuminate\\Pipeline\\Pipeline->then(Object(Closure))
#29 /var/www/html/vendor/laravel/lumen-framework/src/Concerns/RoutesRequests.php(177): Laravel\\Lumen\\Application->sendThroughPipeline(Array, Object(Closure))
#30 /var/www/html/vendor/laravel/lumen-framework/src/Concerns/RoutesRequests.php(112): Laravel\\Lumen\\Application->dispatch(NULL)
#31 /var/www/html/public/index.php(28): Laravel\\Lumen\\Application->run()
#32 {main}
"} 
[2026-09-23 11:03:54] production.ERROR: 数据有误 {"exception":"[object] (App\\Exceptions\\ErrorException(code: 200): 数据有误 at /var/www/html/modules/Pt/Services/ProductAskBaseService.php:176)
[stacktrace]
#0 /var/www/html/modules/Pt/Http/Controllers/Manage/ProductAskBaseController.php(62): Modules\\Pt\\Services\\ProductAskBaseService->editAsk(Object(Laravel\\Lumen\\Http\\Request))
#1 /var/www/html/vendor/illuminate/container/BoundMethod.php(36): Modules\\Pt\\Http\\Controllers\\Manage\\ProductAskBaseController->edit(Object(Laravel\\Lumen\\Http\\Request))
#2 /var/www/html/vendor/illuminate/container/Util.php(41): Illuminate\\Container\\BoundMethod::Illuminate\\Container\\{closure}()
#3 /var/www/html/vendor/illuminate/container/BoundMethod.php(93): Illuminate\\Container\\Util::unwrapIfClosure(Object(Closure))
#4 /var/www/html/vendor/illuminate/container/BoundMethod.php(37): Illuminate\\Container\\BoundMethod::callBoundMethod(Object(Laravel\\Lumen\\Application), Array, Object(Closure))
#5 /var/www/html/vendor/illuminate/container/Container.php(661): Illuminate\\Container\\BoundMethod::call(Object(Laravel\\Lumen\\Application), Array, Array, NULL)
#6 /var/www/html/vendor/laravel/lumen-framework/src/Concerns/RoutesRequests.php(391): Illuminate\\Container\\Container->call(Array, Array)
#7 /var/www/html/vendor/laravel/lumen-framework/src/Concerns/RoutesRequests.php(357): Laravel\\Lumen\\Application->callControllerCallable(Array, Array)
#8 /var/www/html/vendor/laravel/lumen-framework/src/Concerns/RoutesRequests.php(331): Laravel\\Lumen\\Application->callLumenController(Object(Modules\\Pt\\Http\\Controllers\\Manage\\ProductAskBaseController), 'edit', Array)
#9 /var/www/html/vendor/laravel/lumen-framework/src/Concerns/RoutesRequests.php(284): Laravel\\Lumen\\Application->callControllerAction(Array)
#10 /var/www/html/vendor/laravel/lumen-framework/src/Concerns/RoutesRequests.php(264): Laravel\\Lumen\\Application->callActionOnArrayBasedRoute(Array)
#11 /var/www/html/vendor/laravel/lumen-framework/src/Routing/Pipeline.php(48): Laravel\\Lumen\\Application->Laravel\\Lumen\\Concerns\\{closure}(Object(Laravel\\Lumen\\Http\\Request))
#12 /var/www/html/app/Middleware/AdminAuthenticate.php(43): Laravel\\Lumen\\Routing\\Pipeline->Laravel\\Lumen\\Routing\\{closure}(Object(Laravel\\Lumen\\Http\\Request))
#13 /var/www/html/vendor/illuminate/pipeline/Pipeline.php(180): App\\Middleware\\AdminAuthenticate->handle(Object(Laravel\\Lumen\\Http\\Request), Object(Closure))
#14 /var/www/html/vendor/laravel/lumen-framework/src/Routing/Pipeline.php(30): Illuminate\\Pipeline\\Pipeline->Illuminate\\Pipeline\\{closure}(Object(Laravel\\Lumen\\Http\\Request))
#15 /var/www/html/app/Middleware/Authenticate.php(45): Laravel\\Lumen\\Routing\\Pipeline->Laravel\\Lumen\\Routing\\{closure}(Object(Laravel\\Lumen\\Http\\Request))
#16 /var/www/html/vendor/illuminate/pipeline/Pipeline.php(180): App\\Middleware\\Authenticate->handle(Object(Laravel\\Lumen\\Http\\Request), Object(Closure))
#17 /var/www/html/vendor/laravel/lumen-framework/src/Routing/Pipeline.php(30): Illuminate\\Pipeline\\Pipeline->Illuminate\\Pipeline\\{closure}(Object(Laravel\\Lumen\\Http\\Request))
#18 /var/www/html/vendor/illuminate/pipeline/Pipeline.php(116): Laravel\\Lumen\\Routing\\Pipeline->Laravel\\Lumen\\Routing\\{closure}(Object(Laravel\\Lumen\\Http\\Request))
#19 /var/www/html/vendor/laravel/lumen-framework/src/Concerns/RoutesRequests.php(428): Illuminate\\Pipeline\\Pipeline->then(Object(Closure))
#20 /var/www/html/vendor/laravel/lumen-framework/src/Concerns/RoutesRequests.php(265): Laravel\\Lumen\\Application->sendThroughPipeline(Array, Object(Closure))
#21 /var/www/html/vendor/laravel/lumen-framework/src/Concerns/RoutesRequests.php(171): Laravel\\Lumen\\Application->handleFoundRoute(Array)
#22 /var/www/html/vendor/laravel/lumen-framework/src/Routing/Pipeline.php(48): Laravel\\Lumen\\Application->Laravel\\Lumen\\Concerns\\{closure}(Object(Laravel\\Lumen\\Http\\Request))
#23 /var/www/html/app/Middleware/CrossMiddleware.php(48): Laravel\\Lumen\\Routing\\Pipeline->Laravel\\Lumen\\Routing\\{closure}(Object(Laravel\\Lumen\\Http\\Request))
#24 /var/www/html/vendor/illuminate/pipeline/Pipeline.php(180): App\\Middleware\\CrossMiddleware->handle(Object(Laravel\\Lumen\\Http\\Request), Object(Closure))
#25 /var/www/html/vendor/laravel/lumen-framework/src/Routing/Pipeline.php(30): Illuminate\\Pipeline\\Pipeline->Illuminate\\Pipeline\\{closure}(Object(Laravel\\Lumen\\Http\\Request))
#26 /var/www/html/vendor/illuminate/pipeline/Pipeline.php(116): Laravel\\Lumen\\Routing\\Pipeline->Laravel\\Lumen\\Routing\\{closure}(Object(Laravel\\Lumen\\Http\\Request))
#27 /var/www/html/vendor/laravel/lumen-framework/src/Concerns/RoutesRequests.php(428): Illuminate\\Pipeline\\Pipeline->then(Object(Closure))
#28 /var/www/html/vendor/laravel/lumen-framework/src/Concerns/RoutesRequests.php(177): Laravel\\Lumen\\Application->sendThroughPipeline(Array, Object(Closure))
#29 /var/www/html/vendor/laravel/lumen-framework/src/Concerns/RoutesRequests.php(112): Laravel\\Lumen\\Application->dispatch(NULL)
#30 /var/www/html/public/index.php(28): Laravel\\Lumen\\Application->run()
#31 {main}
"} 
[2026-09-23 11:03:54] production.ERROR: 咨询不存在 {"exception":"[object] (App\\Exceptions\\ErrorException(code: 200): 咨询不存在 at /var/www/html/modules/Pt/Services/ProductAskBaseService.php:181)
[stacktrace]
#0 /var/www/html/modules/Pt/Http/Controllers/Manage/ProductAskBaseController.php(62): Modules\\Pt\\Services\\ProductAskBaseService->editAsk(Object(Laravel\\Lumen\\Http\\Request))
#1 /var/www/html/vendor/illuminate/container/BoundMethod.php(36): Modules\\Pt\\Http\\Controllers\\Manage\\ProductAskBaseController->edit(Object(Laravel\\Lumen\\Http\\Request))
#2 /var/www/html/vendor/illuminate/container/Util.php(41): Illuminate\\Container\\BoundMethod::Illuminate\\Container\\{closure}()
#3 /var/www/html/vendor/illuminate/container/BoundMethod.php(93): Illuminate\\Container\\Util::unwrapIfClosure(Object(Closure))
#4 /var/www/html/vendor/illuminate/container/BoundMethod.php(37): Illuminate\\Container\\BoundMethod::callBoundMethod(Object(Laravel\\Lumen\\Application), Array, Object(Closure))
#5 /var/www/html/vendor/illuminate/container/Container.php(661): Illuminate\\Container\\BoundMethod::call(Object(Laravel\\Lumen\\Application), Array, Array, NULL)
#6 /var/www/html/vendor/laravel/lumen-framework/src/Concerns/RoutesRequests.php(391): Illuminate\\Container\\Container->call(Array, Array)
#7 /var/www/html/vendor/laravel/lumen-framework/src/Concerns/RoutesRequests.php(357): Laravel\\Lumen\\Application->callControllerCallable(Array, Array)
#8 /var/www/html/vendor/laravel/lumen-framework/src/Concerns/RoutesRequests.php(331): Laravel\\Lumen\\Application->callLumenController(Object(Modules\\Pt\\Http\\Controllers\\Manage\\ProductAskBaseController), 'edit', Array)
#9 /var/www/html/vendor/laravel/lumen-framework/src/Concerns/RoutesRequests.php(284): Laravel\\Lumen\\Application->callControllerAction(Array)
#10 /var/www/html/vendor/laravel/lumen-framework/src/Concerns/RoutesRequests.php(264): Laravel\\Lumen\\Application->callActionOnArrayBasedRoute(Array)
#11 /var/www/html/vendor/laravel/lumen-framework/src/Routing/Pipeline.php(48): Laravel\\Lumen\\Application->Laravel\\Lumen\\Concerns\\{closure}(Object(Laravel\\Lumen\\Http\\Request))
#12 /var/www/html/app/Middleware/AdminAuthenticate.php(43): Laravel\\Lumen\\Routing\\Pipeline->Laravel\\Lumen\\Routing\\{closure}(Object(Laravel\\Lumen\\Http\\Request))
#13 /var/www/html/vendor/illuminate/pipeline/Pipeline.php(180): App\\Middleware\\AdminAuthenticate->handle(Object(Laravel\\Lumen\\Http\\Request), Object(Closure))
#14 /var/www/html/vendor/laravel/lumen-framework/src/Routing/Pipeline.php(30): Illuminate\\Pipeline\\Pipeline->Illuminate\\Pipeline\\{closure}(Object(Laravel\\Lumen\\Http\\Request))
#15 /var/www/html/app/Middleware/Authenticate.php(45): Laravel\\Lumen\\Routing\\Pipeline->Laravel\\Lumen\\Routing\\{closure}(Object(Laravel\\Lumen\\Http\\Request))
#16 /var/www/html/vendor/illuminate/pipeline/Pipeline.php(180): App\\Middleware\\Authenticate->handle(Object(Laravel\\Lumen\\Http\\Request), Object(Closure))
#17 /var/www/html/vendor/laravel/lumen-framework/src/Routing/Pipeline.php(30): Illuminate\\Pipeline\\Pipeline->Illuminate\\Pipeline\\{closure}(Object(Laravel\\Lumen\\Http\\Request))
#18 /var/www/html/vendor/illuminate/pipeline/Pipeline.php(116): Laravel\\Lumen\\Routing\\Pipeline->Laravel\\Lumen\\Routing\\{closure}(Object(Laravel\\Lumen\\Http\\Request))
#19 /var/www/html/vendor/laravel/lumen-framework/src/Concerns/RoutesRequests.php(428): Illuminate\\Pipeline\\Pipeline->then(Object(Closure))
#20 /var/www/html/vendor/laravel/lumen-framework/src/Concerns/RoutesRequests.php(265): Laravel\\Lumen\\Application->sendThroughPipeline(Array, Object(Closure))
#21 /var/www/html/vendor/laravel/lumen-framework/src/Concerns/RoutesRequests.php(171): Laravel\\Lumen\\Application->handleFoundRoute(Array)
#22 /var/www/html/vendor/laravel/lumen-framework/src/Routing/Pipeline.php(48): Laravel\\Lumen\\Application->Laravel\\Lumen\\Concerns\\{closure}(Object(Laravel\\Lumen\\Http\\Request))
#23 /var/www/html/app/Middleware/CrossMiddleware.php(48): Laravel\\Lumen\\Routing\\Pipeline->Laravel\\Lumen\\Routing\\{closure}(Object(Laravel\\Lumen\\Http\\Request))
#24 /var/www/html/vendor/illuminate/pipeline/Pipeline.php(180): App\\Middleware\\CrossMiddleware->handle(Object(Laravel\\Lumen\\Http\\Request), Object(Closure))
#25 /var/www/html/vendor/laravel/lumen-framework/src/Routing/Pipeline.php(30): Illuminate\\Pipeline\\Pipeline->Illuminate\\Pipeline\\{closure}(Object(Laravel\\Lumen\\Http\\Request))
#26 /var/www/html/vendor/illuminate/pipeline/Pipeline.php(116): Laravel\\Lumen\\Routing\\Pipeline->Laravel\\Lumen\\Routing\\{closure}(Object(Laravel\\Lumen\\Http\\Request))
#27 /var/www/html/vendor/laravel/lumen-framework/src/Concerns/RoutesRequests.php(428): Illuminate\\Pipeline\\Pipeline->then(Object(Closure))
#28 /var/www/html/vendor/laravel/lumen-framework/src/Concerns/RoutesRequests.php(177): Laravel\\Lumen\\Application->sendThroughPipeline(Array, Object(Closure))
#29 /var/www/html/vendor/laravel/lumen-framework/src/Concerns/RoutesRequests.php(112): Laravel\\Lumen\\Application->dispatch(NULL)
#30 /var/www/html/public/index.php(28): Laravel\\Lumen\\Application->run()
#31 {main}
"} 
[2026-09-23 11:03:54] production.ERROR: 请选择要删除的数据 {"exception":"[object] (App\\Exceptions\\ErrorException(code: 200): 请选择要删除的数据 at /var/www/html/modules/Pt/Services/ProductAskBaseService.php:275)
[stacktrace]
#0 /var/www/html/modules/Pt/Http/Controllers/Manage/ProductAskBaseController.php(73): Modules\\Pt\\Services\\ProductAskBaseService->removeAsk(Object(Laravel\\Lumen\\Http\\Request))
#1 /var/www/html/vendor/illuminate/container/BoundMethod.php(36): Modules\\Pt\\Http\\Controllers\\Manage\\ProductAskBaseController->remove(Object(Laravel\\Lumen\\Http\\Request))
#2 /var/www/html/vendor/illuminate/container/Util.php(41): Illuminate\\Container\\BoundMethod::Illuminate\\Container\\{closure}()
#3 /var/www/html/vendor/illuminate/container/BoundMethod.php(93): Illuminate\\Container\\Util::unwrapIfClosure(Object(Closure))
#4 /var/www/html/vendor/illuminate/container/BoundMethod.php(37): Illuminate\\Container\\BoundMethod::callBoundMethod(Object(Laravel\\Lumen\\Application), Array, Object(Closure))
#5 /var/www/html/vendor/illuminate/container/Container.php(661): Illuminate\\Container\\BoundMethod::call(Object(Laravel\\Lumen\\Application), Array, Array, NULL)
#6 /var/www/html/vendor/laravel/lumen-framework/src/Concerns/RoutesRequests.php(391): Illuminate\\Container\\Container->call(Array, Array)
#7 /var/www/html/vendor/laravel/lumen-framework/src/Concerns/RoutesRequests.php(357): Laravel\\Lumen\\Application->callControllerCallable(Array, Array)
#8 /var/www/html/vendor/laravel/lumen-framework/src/Concerns/RoutesRequests.php(331): Laravel\\Lumen\\Application->callLumenController(Object(Modules\\Pt\\Http\\Controllers\\Manage\\ProductAskBaseController), 'remove', Array)
#9 /var/www/html/vendor/laravel/lumen-framework/src/Concerns/RoutesRequests.php(284): Laravel\\Lumen\\Application->callControllerAction(Array)
#10 /var/www/html/vendor/laravel/lumen-framework/src/Concerns/RoutesRequests.php(264): Laravel\\Lumen\\Application->callActionOnArrayBasedRoute(Array)
#11 /var/www/html/vendor/laravel/lumen-framework/src/Routing/Pipeline.php(48): Laravel\\Lumen\\Application->Laravel\\Lumen\\Concerns\\{closure}(Object(Laravel\\Lumen\\Http\\Request))
#12 /var/www/html/app/Middleware/AdminAuthenticate.php(43): Laravel\\Lumen\\Routing\\Pipeline->Laravel\\Lumen\\Routing\\{closure}(Object(Laravel\\Lumen\\Http\\Request))
#13 /var/www/html/vendor/illuminate/pipeline/Pipeline.php(180): App\\Middleware\\AdminAuthenticate->handle(Object(Laravel\\Lumen\\Http\\Request), Object(Closure))
#14 /var/www/html/vendor/laravel/lumen-framework/src/Routing/Pipeline.php(30): Illuminate\\Pipeline\\Pipeline->Illuminate\\Pipeline\\{closure}(Object(Laravel\\Lumen\\Http\\Request))
#15 /var/www/html/app/Middleware/Authenticate.php(45): Laravel\\Lumen\\Routing\\Pipeline->Laravel\\Lumen\\Routing\\{closure}(Object(Laravel\\Lumen\\Http\\Request))
#16 /var/www/html/vendor/illuminate/pipeline/Pipeline.php(180): App\\Middleware\\Authenticate->handle(Object(Laravel\\Lumen\\Http\\Request), Object(Closure))
#17 /var/www/html/vendor/laravel/lumen-framework/src/Routing/Pipeline.php(30): Illuminate\\Pipeline\\Pipeline->Illuminate\\Pipeline\\{closure}(Object(Laravel\\Lumen\\Http\\Request))
#18 /var/www/html/vendor/illuminate/pipeline/Pipeline.php(116): Laravel\\Lumen\\Routing\\Pipeline->Laravel\\Lumen\\Routing\\{closure}(Object(Laravel\\Lumen\\Http\\Request))
#19 /var/www/html/vendor/laravel/lumen-framework/src/Concerns/RoutesRequests.php(428): Illuminate\\Pipeline\\Pipeline->then(Object(Closure))
#20 /var/www/html/vendor/laravel/lumen-framework/src/Concerns/RoutesRequests.php(265): Laravel\\Lumen\\Application->sendThroughPipeline(Array, Object(Closure))
#21 /var/www/html/vendor/laravel/lumen-framework/src/Concerns/RoutesRequests.php(171): Laravel\\Lumen\\Application->handleFoundRoute(Array)
#22 /var/www/html/vendor/laravel/lumen-framework/src/Routing/Pipeline.php(48): Laravel\\Lumen\\Application->Laravel\\Lumen\\Concerns\\{closure}(Object(Laravel\\Lumen\\Http\\Request))
#23 /var/www/html/app/Middleware/CrossMiddleware.php(48): Laravel\\Lumen\\Routing\\Pipeline->Laravel\\Lumen\\Routing\\{closure}(Object(Laravel\\Lumen\\Http\\Request))
#24 /var/www/html/vendor/illuminate/pipeline/Pipeline.php(180): App\\Middleware\\CrossMiddleware->handle(Object(Laravel\\Lumen\\Http\\Request), Object(Closure))
#25 /var/www/html/vendor/laravel/lumen-framework/src/Routing/Pipeline.php(30): Illuminate\\Pipeline\\Pipeline->Illuminate\\Pipeline\\{closure}(Object(Laravel\\Lumen\\Http\\Request))
#26 /var/www/html/vendor/illuminate/pipeline/Pipeline.php(116): Laravel\\Lumen\\Routing\\Pipeline->Laravel\\Lumen\\Routing\\{closure}(Object(Laravel\\Lumen\\Http\\Request))
#27 /var/www/html/vendor/laravel/lumen-framework/src/Concerns/RoutesRequests.php(428): Illuminate\\Pipeline\\Pipeline->then(Object(Closure))
#28 /var/www/html/vendor/laravel/lumen-framework/src/Concerns/RoutesRequests.php(177): Laravel\\Lumen\\Application->sendThroughPipeline(Array, Object(Closure))
#29 /var/www/html/vendor/laravel/lumen-framework/src/Concerns/RoutesRequests.php(112): Laravel\\Lumen\\Application->dispatch(NULL)
#30 /var/www/html/public/index.php(28): Laravel\\Lumen\\Application->run()
#31 {main}
"} 
[2026-09-23 11:03:54] production.ERROR: 请选择要删除的数据 {"exception":"[object] (App\\Exceptions\\ErrorException(code: 200): 请选择要删除的数据 at /var/www/html/modules/Pt/Services/ProductAskBaseService.php:275)
[stacktrace]
#0 /var/www/html/modules/Pt/Http/Controllers/Manage/ProductAskBaseController.php(87): Modules\\Pt\\Services\\ProductAskBaseService->removeAsk(Object(Laravel\\Lumen\\Http\\Request))
#1 /var/www/html/vendor/illuminate/container/BoundMethod.php(36): Modules\\Pt\\Http\\Controllers\\Manage\\ProductAskBaseController->removeBatch(Object(Laravel\\Lumen\\Http\\Request))
#2 /var/www/html/vendor/illuminate/container/Util.php(41): Illuminate\\Container\\BoundMethod::Illuminate\\Container\\{closure}()
#3 /var/www/html/vendor/illuminate/container/BoundMethod.php(93): Illuminate\\Container\\Util::unwrapIfClosure(Object(Closure))
#4 /var/www/html/vendor/illuminate/container/BoundMethod.php(37): Illuminate\\Container\\BoundMethod::callBoundMethod(Object(Laravel\\Lumen\\Application), Array, Object(Closure))
#5 /var/www/html/vendor/illuminate/container/Container.php(661): Illuminate\\Container\\BoundMethod::call(Object(Laravel\\Lumen\\Application), Array, Array, NULL)
#6 /var/www/html/vendor/laravel/lumen-framework/src/Concerns/RoutesRequests.php(391): Illuminate\\Container\\Container->call(Array, Array)
#7 /var/www/html/vendor/laravel/lumen-framework/src/Concerns/RoutesRequests.php(357): Laravel\\Lumen\\Application->callControllerCallable(Array, Array)
#8 /var/www/html/vendor/laravel/lumen-framework/src/Concerns/RoutesRequests.php(331): Laravel\\Lumen\\Application->callLumenController(Object(Modules\\Pt\\Http\\Controllers\\Manage\\ProductAskBaseController), 'removeBatch', Array)
#9 /var/www/html/vendor/laravel/lumen-framework/src/Concerns/RoutesRequests.php(284): Laravel\\Lumen\\Application->callControllerAction(Array)
#10 /var/www/html/vendor/laravel/lumen-framework/src/Concerns/RoutesRequests.php(264): Laravel\\Lumen\\Application->callActionOnArrayBasedRoute(Array)
#11 /var/www/html/vendor/laravel/lumen-framework/src/Routing/Pipeline.php(48): Laravel\\Lumen\\Application->Laravel\\Lumen\\Concerns\\{closure}(Object(Laravel\\Lumen\\Http\\Request))
#12 /var/www/html/app/Middleware/AdminAuthenticate.php(43): Laravel\\Lumen\\Routing\\Pipeline->Laravel\\Lumen\\Routing\\{closure}(Object(Laravel\\Lumen\\Http\\Request))
#13 /var/www/html/vendor/illuminate/pipeline/Pipeline.php(180): App\\Middleware\\AdminAuthenticate->handle(Object(Laravel\\Lumen\\Http\\Request), Object(Closure))
#14 /var/www/html/vendor/laravel/lumen-framework/src/Routing/Pipeline.php(30): Illuminate\\Pipeline\\Pipeline->Illuminate\\Pipeline\\{closure}(Object(Laravel\\Lumen\\Http\\Request))
#15 /var/www/html/app/Middleware/Authenticate.php(45): Laravel\\Lumen\\Routing\\Pipeline->Laravel\\Lumen\\Routing\\{closure}(Object(Laravel\\Lumen\\Http\\Request))
#16 /var/www/html/vendor/illuminate/pipeline/Pipeline.php(180): App\\Middleware\\Authenticate->handle(Object(Laravel\\Lumen\\Http\\Request), Object(Closure))
#17 /var/www/html/vendor/laravel/lumen-framework/src/Routing/Pipeline.php(30): Illuminate\\Pipeline\\Pipeline->Illuminate\\Pipeline\\{closure}(Object(Laravel\\Lumen\\Http\\Request))
#18 /var/www/html/vendor/illuminate/pipeline/Pipeline.php(116): Laravel\\Lumen\\Routing\\Pipeline->Laravel\\Lumen\\Routing\\{closure}(Object(Laravel\\Lumen\\Http\\Request))
#19 /var/www/html/vendor/laravel/lumen-framework/src/Concerns/RoutesRequests.php(428): Illuminate\\Pipeline\\Pipeline->then(Object(Closure))
#20 /var/www/html/vendor/laravel/lumen-framework/src/Concerns/RoutesRequests.php(265): Laravel\\Lumen\\Application->sendThroughPipeline(Array, Object(Closure))
#21 /var/www/html/vendor/laravel/lumen-framework/src/Concerns/RoutesRequests.php(171): Laravel\\Lumen\\Application->handleFoundRoute(Array)
#22 /var/www/html/vendor/laravel/lumen-framework/src/Routing/Pipeline.php(48): Laravel\\Lumen\\Application->Laravel\\Lumen\\Concerns\\{closure}(Object(Laravel\\Lumen\\Http\\Request))
#23 /var/www/html/app/Middleware/CrossMiddleware.php(48): Laravel\\Lumen\\Routing\\Pipeline->Laravel\\Lumen\\Routing\\{closure}(Object(Laravel\\Lumen\\Http\\Request))
#24 /var/www/html/vendor/illuminate/pipeline/Pipeline.php(180): App\\Middleware\\CrossMiddleware->handle(Object(Laravel\\Lumen\\Http\\Request), Object(Closure))
#25 /var/www/html/vendor/laravel/lumen-framework/src/Routing/Pipeline.php(30): Illuminate\\Pipeline\\Pipeline->Illuminate\\Pipeline\\{closure}(Object(Laravel\\Lumen\\Http\\Request))
#26 /var/www/html/vendor/illuminate/pipeline/Pipeline.php(116): Laravel\\Lumen\\Routing\\Pipeline->Laravel\\Lumen\\Routing\\{closure}(Object(Laravel\\Lumen\\Http\\Request))
#27 /var/www/html/vendor/laravel/lumen-framework/src/Concerns/RoutesRequests.php(428): Illuminate\\Pipeline\\Pipeline->then(Object(Closure))
#28 /var/www/html/vendor/laravel/lumen-framework/src/Concerns/RoutesRequests.php(177): Laravel\\Lumen\\Application->sendThroughPipeline(Array, Object(Closure))
#29 /var/www/html/vendor/laravel/lumen-framework/src/Concerns/RoutesRequests.php(112): Laravel\\Lumen\\Application->dispatch(NULL)
#30 /var/www/html/public/index.php(28): Laravel\\Lumen\\Application->run()
#31 {main}
"} 
[2026-09-23 11:03:54] production.ERROR: 请选择充值记录 {"exception":"[object] (App\\Exceptions\\ErrorException(code: 200): 请选择充值记录 at /var/www/html/modules/Pay/Services/ConsumeDepositService.php:172)
[stacktrace]
#0 /var/www/html/modules/Pay/Http/Controllers/Manage/ConsumeDepositController.php(51): Modules\\Pay\\Services\\ConsumeDepositService->editReview(Object(Laravel\\Lumen\\Http\\Request))
#1 /var/www/html/vendor/illuminate/container/BoundMethod.php(36): Modules\\Pay\\Http\\Controllers\\Manage\\ConsumeDepositController->editReview(Object(Laravel\\Lumen\\Http\\Request))
#2 /var/www/html/vendor/illuminate/container/Util.php(41): Illuminate\\Container\\BoundMethod::Illuminate\\Container\\{closure}()
#3 /var/www/html/vendor/illuminate/container/BoundMethod.php(93): Illuminate\\Container\\Util::unwrapIfClosure(Object(Closure))
#4 /var/www/html/vendor/illuminate/container/BoundMethod.php(37): Illuminate\\Container\\BoundMethod::callBoundMethod(Object(Laravel\\Lumen\\Application), Array, Object(Closure))
#5 /var/www/html/vendor/illuminate/container/Container.php(661): Illuminate\\Container\\BoundMethod::call(Object(Laravel\\Lumen\\Application), Array, Array, NULL)
#6 /var/www/html/vendor/laravel/lumen-framework/src/Concerns/RoutesRequests.php(391): Illuminate\\Container\\Container->call(Array, Array)
#7 /var/www/html/vendor/laravel/lumen-framework/src/Concerns/RoutesRequests.php(357): Laravel\\Lumen\\Application->callControllerCallable(Array, Array)
#8 /var/www/html/vendor/laravel/lumen-framework/src/Concerns/RoutesRequests.php(331): Laravel\\Lumen\\Application->callLumenController(Object(Modules\\Pay\\Http\\Controllers\\Manage\\ConsumeDepositController), 'editReview', Array)
#9 /var/www/html/vendor/laravel/lumen-framework/src/Concerns/RoutesRequests.php(284): Laravel\\Lumen\\Application->callControllerAction(Array)
#10 /var/www/html/vendor/laravel/lumen-framework/src/Concerns/RoutesRequests.php(264): Laravel\\Lumen\\Application->callActionOnArrayBasedRoute(Array)
#11 /var/www/html/vendor/laravel/lumen-framework/src/Routing/Pipeline.php(48): Laravel\\Lumen\\Application->Laravel\\Lumen\\Concerns\\{closure}(Object(Laravel\\Lumen\\Http\\Request))
#12 /var/www/html/app/Middleware/AdminAuthenticate.php(43): Laravel\\Lumen\\Routing\\Pipeline->Laravel\\Lumen\\Routing\\{closure}(Object(Laravel\\Lumen\\Http\\Request))
#13 /var/www/html/vendor/illuminate/pipeline/Pipeline.php(180): App\\Middleware\\AdminAuthenticate->handle(Object(Laravel\\Lumen\\Http\\Request), Object(Closure))
#14 /var/www/html/vendor/laravel/lumen-framework/src/Routing/Pipeline.php(30): Illuminate\\Pipeline\\Pipeline->Illuminate\\Pipeline\\{closure}(Object(Laravel\\Lumen\\Http\\Request))
#15 /var/www/html/app/Middleware/Authenticate.php(45): Laravel\\Lumen\\Routing\\Pipeline->Laravel\\Lumen\\Routing\\{closure}(Object(Laravel\\Lumen\\Http\\Request))
#16 /var/www/html/vendor/illuminate/pipeline/Pipeline.php(180): App\\Middleware\\Authenticate->handle(Object(Laravel\\Lumen\\Http\\Request), Object(Closure))
#17 /var/www/html/vendor/laravel/lumen-framework/src/Routing/Pipeline.php(30): Illuminate\\Pipeline\\Pipeline->Illuminate\\Pipeline\\{closure}(Object(Laravel\\Lumen\\Http\\Request))
#18 /var/www/html/vendor/illuminate/pipeline/Pipeline.php(116): Laravel\\Lumen\\Routing\\Pipeline->Laravel\\Lumen\\Routing\\{closure}(Object(Laravel\\Lumen\\Http\\Request))
#19 /var/www/html/vendor/laravel/lumen-framework/src/Concerns/RoutesRequests.php(428): Illuminate\\Pipeline\\Pipeline->then(Object(Closure))
#20 /var/www/html/vendor/laravel/lumen-framework/src/Concerns/RoutesRequests.php(265): Laravel\\Lumen\\Application->sendThroughPipeline(Array, Object(Closure))
#21 /var/www/html/vendor/laravel/lumen-framework/src/Concerns/RoutesRequests.php(171): Laravel\\Lumen\\Application->handleFoundRoute(Array)
#22 /var/www/html/vendor/laravel/lumen-framework/src/Routing/Pipeline.php(48): Laravel\\Lumen\\Application->Laravel\\Lumen\\Concerns\\{closure}(Object(Laravel\\Lumen\\Http\\Request))
#23 /var/www/html/app/Middleware/CrossMiddleware.php(48): Laravel\\Lumen\\Routing\\Pipeline->Laravel\\Lumen\\Routing\\{closure}(Object(Laravel\\Lumen\\Http\\Request))
#24 /var/www/html/vendor/illuminate/pipeline/Pipeline.php(180): App\\Middleware\\CrossMiddleware->handle(Object(Laravel\\Lumen\\Http\\Request), Object(Closure))
#25 /var/www/html/vendor/laravel/lumen-framework/src/Routing/Pipeline.php(30): Illuminate\\Pipeline\\Pipeline->Illuminate\\Pipeline\\{closure}(Object(Laravel\\Lumen\\Http\\Request))
#26 /var/www/html/vendor/illuminate/pipeline/Pipeline.php(116): Laravel\\Lumen\\Routing\\Pipeline->Laravel\\Lumen\\Routing\\{closure}(Object(Laravel\\Lumen\\Http\\Request))
#27 /var/www/html/vendor/laravel/lumen-framework/src/Concerns/RoutesRequests.php(428): Illuminate\\Pipeline\\Pipeline->then(Object(Closure))
#28 /var/www/html/vendor/laravel/lumen-framework/src/Concerns/RoutesRequests.php(177): Laravel\\Lumen\\Application->sendThroughPipeline(Array, Object(Closure))
#29 /var/www/html/vendor/laravel/lumen-framework/src/Concerns/RoutesRequests.php(112): Laravel\\Lumen\\Application->dispatch(NULL)
#30 /var/www/html/public/index.php(28): Laravel\\Lumen\\Application->run()
#31 {main}
"} 
[2026-09-23 11:03:54] production.ERROR: 充值记录不存在 {"exception":"[object] (App\\Exceptions\\ErrorException(code: 200): 充值记录不存在 at /var/www/html/modules/Pay/Services/ConsumeDepositService.php:177)
[stacktrace]
#0 /var/www/html/modules/Pay/Http/Controllers/Manage/ConsumeDepositController.php(51): Modules\\Pay\\Services\\ConsumeDepositService->editReview(Object(Laravel\\Lumen\\Http\\Request))
#1 /var/www/html/vendor/illuminate/container/BoundMethod.php(36): Modules\\Pay\\Http\\Controllers\\Manage\\ConsumeDepositController->editReview(Object(Laravel\\Lumen\\Http\\Request))
#2 /var/www/html/vendor/illuminate/container/Util.php(41): Illuminate\\Container\\BoundMethod::Illuminate\\Container\\{closure}()
#3 /var/www/html/vendor/illuminate/container/BoundMethod.php(93): Illuminate\\Container\\Util::unwrapIfClosure(Object(Closure))
#4 /var/www/html/vendor/illuminate/container/BoundMethod.php(37): Illuminate\\Container\\BoundMethod::callBoundMethod(Object(Laravel\\Lumen\\Application), Array, Object(Closure))
#5 /var/www/html/vendor/illuminate/container/Container.php(661): Illuminate\\Container\\BoundMethod::call(Object(Laravel\\Lumen\\Application), Array, Array, NULL)
#6 /var/www/html/vendor/laravel/lumen-framework/src/Concerns/RoutesRequests.php(391): Illuminate\\Container\\Container->call(Array, Array)
#7 /var/www/html/vendor/laravel/lumen-framework/src/Concerns/RoutesRequests.php(357): Laravel\\Lumen\\Application->callControllerCallable(Array, Array)
#8 /var/www/html/vendor/laravel/lumen-framework/src/Concerns/RoutesRequests.php(331): Laravel\\Lumen\\Application->callLumenController(Object(Modules\\Pay\\Http\\Controllers\\Manage\\ConsumeDepositController), 'editReview', Array)
#9 /var/www/html/vendor/laravel/lumen-framework/src/Concerns/RoutesRequests.php(284): Laravel\\Lumen\\Application->callControllerAction(Array)
#10 /var/www/html/vendor/laravel/lumen-framework/src/Concerns/RoutesRequests.php(264): Laravel\\Lumen\\Application->callActionOnArrayBasedRoute(Array)
#11 /var/www/html/vendor/laravel/lumen-framework/src/Routing/Pipeline.php(48): Laravel\\Lumen\\Application->Laravel\\Lumen\\Concerns\\{closure}(Object(Laravel\\Lumen\\Http\\Request))
#12 /var/www/html/app/Middleware/AdminAuthenticate.php(43): Laravel\\Lumen\\Routing\\Pipeline->Laravel\\Lumen\\Routing\\{closure}(Object(Laravel\\Lumen\\Http\\Request))
#13 /var/www/html/vendor/illuminate/pipeline/Pipeline.php(180): App\\Middleware\\AdminAuthenticate->handle(Object(Laravel\\Lumen\\Http\\Request), Object(Closure))
#14 /var/www/html/vendor/laravel/lumen-framework/src/Routing/Pipeline.php(30): Illuminate\\Pipeline\\Pipeline->Illuminate\\Pipeline\\{closure}(Object(Laravel\\Lumen\\Http\\Request))
#15 /var/www/html/app/Middleware/Authenticate.php(45): Laravel\\Lumen\\Routing\\Pipeline->Laravel\\Lumen\\Routing\\{closure}(Object(Laravel\\Lumen\\Http\\Request))
#16 /var/www/html/vendor/illuminate/pipeline/Pipeline.php(180): App\\Middleware\\Authenticate->handle(Object(Laravel\\Lumen\\Http\\Request), Object(Closure))
#17 /var/www/html/vendor/laravel/lumen-framework/src/Routing/Pipeline.php(30): Illuminate\\Pipeline\\Pipeline->Illuminate\\Pipeline\\{closure}(Object(Laravel\\Lumen\\Http\\Request))
#18 /var/www/html/vendor/illuminate/pipeline/Pipeline.php(116): Laravel\\Lumen\\Routing\\Pipeline->Laravel\\Lumen\\Routing\\{closure}(Object(Laravel\\Lumen\\Http\\Request))
#19 /var/www/html/vendor/laravel/lumen-framework/src/Concerns/RoutesRequests.php(428): Illuminate\\Pipeline\\Pipeline->then(Object(Closure))
#20 /var/www/html/vendor/laravel/lumen-framework/src/Concerns/RoutesRequests.php(265): Laravel\\Lumen\\Application->sendThroughPipeline(Array, Object(Closure))
#21 /var/www/html/vendor/laravel/lumen-framework/src/Concerns/RoutesRequests.php(171): Laravel\\Lumen\\Application->handleFoundRoute(Array)
#22 /var/www/html/vendor/laravel/lumen-framework/src/Routing/Pipeline.php(48): Laravel\\Lumen\\Application->Laravel\\Lumen\\Concerns\\{closure}(Object(Laravel\\Lumen\\Http\\Request))
#23 /var/www/html/app/Middleware/CrossMiddleware.php(48): Laravel\\Lumen\\Routing\\Pipeline->Laravel\\Lumen\\Routing\\{closure}(Object(Laravel\\Lumen\\Http\\Request))
#24 /var/www/html/vendor/illuminate/pipeline/Pipeline.php(180): App\\Middleware\\CrossMiddleware->handle(Object(Laravel\\Lumen\\Http\\Request), Object(Closure))
#25 /var/www/html/vendor/laravel/lumen-framework/src/Routing/Pipeline.php(30): Illuminate\\Pipeline\\Pipeline->Illuminate\\Pipeline\\{closure}(Object(Laravel\\Lumen\\Http\\Request))
#26 /var/www/html/vendor/illuminate/pipeline/Pipeline.php(116): Laravel\\Lumen\\Routing\\Pipeline->Laravel\\Lumen\\Routing\\{closure}(Object(Laravel\\Lumen\\Http\\Request))
#27 /var/www/html/vendor/laravel/lumen-framework/src/Concerns/RoutesRequests.php(428): Illuminate\\Pipeline\\Pipeline->then(Object(Closure))
#28 /var/www/html/vendor/laravel/lumen-framework/src/Concerns/RoutesRequests.php(177): Laravel\\Lumen\\Application->sendThroughPipeline(Array, Object(Closure))
#29 /var/www/html/vendor/laravel/lumen-framework/src/Concerns/RoutesRequests.php(112): Laravel\\Lumen\\Application->dispatch(NULL)
#30 /var/www/html/public/index.php(28): Laravel\\Lumen\\Application->run()
#31 {main}
"} 
