[2026-09-22 00:05:05] production.ERROR: 验证码有误 {"exception":"[object] (App\\Exceptions\\ErrorException(code: 200): 验证码有误 at /var/www/html/app/Support/helpers.php:75)
[stacktrace]
#0 /var/www/html/modules/Account/Http/Controllers/LoginController.php(68): checkVerifyCode(Object(Laravel\\Lumen\\Http\\Request))
#1 /var/www/html/vendor/illuminate/container/BoundMethod.php(36): Modules\\Account\\Http\\Controllers\\LoginController->login(Object(Laravel\\Lumen\\Http\\Request))
#2 /var/www/html/vendor/illuminate/container/Util.php(41): Illuminate\\Container\\BoundMethod::Illuminate\\Container\\{closure}()
#3 /var/www/html/vendor/illuminate/container/BoundMethod.php(93): Illuminate\\Container\\Util::unwrapIfClosure(Object(Closure))
#4 /var/www/html/vendor/illuminate/container/BoundMethod.php(37): Illuminate\\Container\\BoundMethod::callBoundMethod(Object(Laravel\\Lumen\\Application), Array, Object(Closure))
#5 /var/www/html/vendor/illuminate/container/Container.php(661): Illuminate\\Container\\BoundMethod::call(Object(Laravel\\Lumen\\Application), Array, Array, NULL)
#6 /var/www/html/vendor/laravel/lumen-framework/src/Concerns/RoutesRequests.php(391): Illuminate\\Container\\Container->call(Array, Array)
#7 /var/www/html/vendor/laravel/lumen-framework/src/Concerns/RoutesRequests.php(357): Laravel\\Lumen\\Application->callControllerCallable(Array, Array)
#8 /var/www/html/vendor/laravel/lumen-framework/src/Concerns/RoutesRequests.php(331): Laravel\\Lumen\\Application->callLumenController(Object(Modules\\Account\\Http\\Controllers\\LoginController), 'login', Array)
#9 /var/www/html/vendor/laravel/lumen-framework/src/Concerns/RoutesRequests.php(284): Laravel\\Lumen\\Application->callControllerAction(Array)
#10 /var/www/html/vendor/laravel/lumen-framework/src/Concerns/RoutesRequests.php(269): Laravel\\Lumen\\Application->callActionOnArrayBasedRoute(Array)
#11 /var/www/html/vendor/laravel/lumen-framework/src/Concerns/RoutesRequests.php(171): Laravel\\Lumen\\Application->handleFoundRoute(Array)
#12 /var/www/html/vendor/laravel/lumen-framework/src/Routing/Pipeline.php(48): Laravel\\Lumen\\Application->Laravel\\Lumen\\Concerns\\{closure}(Object(Laravel\\Lumen\\Http\\Request))
#13 /var/www/html/app/Middleware/CrossMiddleware.php(68): Laravel\\Lumen\\Routing\\Pipeline->Laravel\\Lumen\\Routing\\{closure}(Object(Laravel\\Lumen\\Http\\Request))
#14 /var/www/html/vendor/illuminate/pipeline/Pipeline.php(180): App\\Middleware\\CrossMiddleware->handle(Object(Laravel\\Lumen\\Http\\Request), Object(Closure))
#15 /var/www/html/vendor/laravel/lumen-framework/src/Routing/Pipeline.php(30): Illuminate\\Pipeline\\Pipeline->Illuminate\\Pipeline\\{closure}(Object(Laravel\\Lumen\\Http\\Request))
#16 /var/www/html/vendor/illuminate/pipeline/Pipeline.php(116): Laravel\\Lumen\\Routing\\Pipeline->Laravel\\Lumen\\Routing\\{closure}(Object(Laravel\\Lumen\\Http\\Request))
#17 /var/www/html/vendor/laravel/lumen-framework/src/Concerns/RoutesRequests.php(428): Illuminate\\Pipeline\\Pipeline->then(Object(Closure))
#18 /var/www/html/vendor/laravel/lumen-framework/src/Concerns/RoutesRequests.php(177): Laravel\\Lumen\\Application->sendThroughPipeline(Array, Object(Closure))
#19 /var/www/html/vendor/laravel/lumen-framework/src/Concerns/RoutesRequests.php(112): Laravel\\Lumen\\Application->dispatch(NULL)
#20 /var/www/html/public/index.php(47): Laravel\\Lumen\\Application->run()
#21 {main}
"} 
[2026-09-22 00:28:33] production.ERROR: There are no commands defined in the "route" namespace. {"exception":"[object] (Symfony\\Component\\Console\\Exception\\NamespaceNotFoundException(code: 0): There are no commands defined in the \"route\" namespace. at /var/www/html/vendor/symfony/console/Application.php:678)
[stacktrace]
#0 /var/www/html/vendor/symfony/console/Application.php(729): Symfony\\Component\\Console\\Application->findNamespace('route')
#1 /var/www/html/vendor/symfony/console/Application.php(266): Symfony\\Component\\Console\\Application->find('route:list')
#2 /var/www/html/vendor/symfony/console/Application.php(175): Symfony\\Component\\Console\\Application->doRun(Object(Symfony\\Component\\Console\\Input\\ArgvInput), Object(Symfony\\Component\\Console\\Output\\ConsoleOutput))
#3 /var/www/html/vendor/illuminate/console/Application.php(102): Symfony\\Component\\Console\\Application->run(Object(Symfony\\Component\\Console\\Input\\ArgvInput), Object(Symfony\\Component\\Console\\Output\\ConsoleOutput))
#4 /var/www/html/vendor/laravel/lumen-framework/src/Console/Kernel.php(116): Illuminate\\Console\\Application->run(Object(Symfony\\Component\\Console\\Input\\ArgvInput), Object(Symfony\\Component\\Console\\Output\\ConsoleOutput))
#5 /var/www/html/artisan(35): Laravel\\Lumen\\Console\\Kernel->handle(Object(Symfony\\Component\\Console\\Input\\ArgvInput), Object(Symfony\\Component\\Console\\Output\\ConsoleOutput))
#6 {main}
"} 
[2026-09-22 01:29:15] production.ERROR: Target class [Modules\Invoicing\Services\InvoicingControllerService] does not exist. {"exception":"[object] (Illuminate\\Contracts\\Container\\BindingResolutionException(code: 0): Target class [Modules\\Invoicing\\Services\\InvoicingControllerService] does not exist. at /var/www/html/vendor/illuminate/container/Container.php:891)
[stacktrace]
#0 /var/www/html/vendor/illuminate/container/Container.php(770): Illuminate\\Container\\Container->build('Modules\\\\Invoici...')
#1 /var/www/html/vendor/illuminate/container/Container.php(706): Illuminate\\Container\\Container->resolve('Modules\\\\Invoici...', Array)
#2 /var/www/html/vendor/laravel/lumen-framework/src/Application.php(327): Illuminate\\Container\\Container->make('Modules\\\\Invoici...', Array)
#3 /var/www/html/vendor/illuminate/container/Container.php(1043): Laravel\\Lumen\\Application->make('Modules\\\\Invoici...')
#4 /var/www/html/vendor/illuminate/container/Container.php(959): Illuminate\\Container\\Container->resolveClass(Object(ReflectionParameter))
#5 /var/www/html/vendor/illuminate/container/Container.php(920): Illuminate\\Container\\Container->resolveDependencies(Array)
#6 /var/www/html/vendor/illuminate/container/Container.php(770): Illuminate\\Container\\Container->build('Modules\\\\Invoici...')
#7 /var/www/html/vendor/illuminate/container/Container.php(706): Illuminate\\Container\\Container->resolve('Modules\\\\Invoici...', Array)
#8 /var/www/html/vendor/laravel/lumen-framework/src/Application.php(327): Illuminate\\Container\\Container->make('Modules\\\\Invoici...', Array)
#9 /var/www/html/vendor/laravel/lumen-framework/src/Concerns/RoutesRequests.php(326): Laravel\\Lumen\\Application->make('Modules\\\\Invoici...')
#10 /var/www/html/vendor/laravel/lumen-framework/src/Concerns/RoutesRequests.php(284): Laravel\\Lumen\\Application->callControllerAction(Array)
#11 /var/www/html/vendor/laravel/lumen-framework/src/Concerns/RoutesRequests.php(269): Laravel\\Lumen\\Application->callActionOnArrayBasedRoute(Array)
#12 /var/www/html/vendor/laravel/lumen-framework/src/Concerns/RoutesRequests.php(171): Laravel\\Lumen\\Application->handleFoundRoute(Array)
#13 /var/www/html/vendor/laravel/lumen-framework/src/Routing/Pipeline.php(48): Laravel\\Lumen\\Application->Laravel\\Lumen\\Concerns\\{closure}(Object(Laravel\\Lumen\\Http\\Request))
#14 /var/www/html/app/Middleware/CrossMiddleware.php(68): Laravel\\Lumen\\Routing\\Pipeline->Laravel\\Lumen\\Routing\\{closure}(Object(Laravel\\Lumen\\Http\\Request))
#15 /var/www/html/vendor/illuminate/pipeline/Pipeline.php(180): App\\Middleware\\CrossMiddleware->handle(Object(Laravel\\Lumen\\Http\\Request), Object(Closure))
#16 /var/www/html/vendor/laravel/lumen-framework/src/Routing/Pipeline.php(30): Illuminate\\Pipeline\\Pipeline->Illuminate\\Pipeline\\{closure}(Object(Laravel\\Lumen\\Http\\Request))
#17 /var/www/html/vendor/illuminate/pipeline/Pipeline.php(116): Laravel\\Lumen\\Routing\\Pipeline->Laravel\\Lumen\\Routing\\{closure}(Object(Laravel\\Lumen\\Http\\Request))
#18 /var/www/html/vendor/laravel/lumen-framework/src/Concerns/RoutesRequests.php(428): Illuminate\\Pipeline\\Pipeline->then(Object(Closure))
#19 /var/www/html/vendor/laravel/lumen-framework/src/Concerns/RoutesRequests.php(177): Laravel\\Lumen\\Application->sendThroughPipeline(Array, Object(Closure))
#20 /var/www/html/vendor/laravel/lumen-framework/src/Concerns/RoutesRequests.php(112): Laravel\\Lumen\\Application->dispatch(NULL)
#21 /var/www/html/public/index.php(47): Laravel\\Lumen\\Application->run()
#22 {main}

[previous exception] [object] (ReflectionException(code: -1): Class \"Modules\\Invoicing\\Services\\InvoicingControllerService\" does not exist at /var/www/html/vendor/illuminate/container/Container.php:889)
[stacktrace]
#0 /var/www/html/vendor/illuminate/container/Container.php(889): ReflectionClass->__construct('Modules\\\\Invoici...')
#1 /var/www/html/vendor/illuminate/container/Container.php(770): Illuminate\\Container\\Container->build('Modules\\\\Invoici...')
#2 /var/www/html/vendor/illuminate/container/Container.php(706): Illuminate\\Container\\Container->resolve('Modules\\\\Invoici...', Array)
#3 /var/www/html/vendor/laravel/lumen-framework/src/Application.php(327): Illuminate\\Container\\Container->make('Modules\\\\Invoici...', Array)
#4 /var/www/html/vendor/illuminate/container/Container.php(1043): Laravel\\Lumen\\Application->make('Modules\\\\Invoici...')
#5 /var/www/html/vendor/illuminate/container/Container.php(959): Illuminate\\Container\\Container->resolveClass(Object(ReflectionParameter))
#6 /var/www/html/vendor/illuminate/container/Container.php(920): Illuminate\\Container\\Container->resolveDependencies(Array)
#7 /var/www/html/vendor/illuminate/container/Container.php(770): Illuminate\\Container\\Container->build('Modules\\\\Invoici...')
#8 /var/www/html/vendor/illuminate/container/Container.php(706): Illuminate\\Container\\Container->resolve('Modules\\\\Invoici...', Array)
#9 /var/www/html/vendor/laravel/lumen-framework/src/Application.php(327): Illuminate\\Container\\Container->make('Modules\\\\Invoici...', Array)
#10 /var/www/html/vendor/laravel/lumen-framework/src/Concerns/RoutesRequests.php(326): Laravel\\Lumen\\Application->make('Modules\\\\Invoici...')
#11 /var/www/html/vendor/laravel/lumen-framework/src/Concerns/RoutesRequests.php(284): Laravel\\Lumen\\Application->callControllerAction(Array)
#12 /var/www/html/vendor/laravel/lumen-framework/src/Concerns/RoutesRequests.php(269): Laravel\\Lumen\\Application->callActionOnArrayBasedRoute(Array)
#13 /var/www/html/vendor/laravel/lumen-framework/src/Concerns/RoutesRequests.php(171): Laravel\\Lumen\\Application->handleFoundRoute(Array)
#14 /var/www/html/vendor/laravel/lumen-framework/src/Routing/Pipeline.php(48): Laravel\\Lumen\\Application->Laravel\\Lumen\\Concerns\\{closure}(Object(Laravel\\Lumen\\Http\\Request))
#15 /var/www/html/app/Middleware/CrossMiddleware.php(68): Laravel\\Lumen\\Routing\\Pipeline->Laravel\\Lumen\\Routing\\{closure}(Object(Laravel\\Lumen\\Http\\Request))
#16 /var/www/html/vendor/illuminate/pipeline/Pipeline.php(180): App\\Middleware\\CrossMiddleware->handle(Object(Laravel\\Lumen\\Http\\Request), Object(Closure))
#17 /var/www/html/vendor/laravel/lumen-framework/src/Routing/Pipeline.php(30): Illuminate\\Pipeline\\Pipeline->Illuminate\\Pipeline\\{closure}(Object(Laravel\\Lumen\\Http\\Request))
#18 /var/www/html/vendor/illuminate/pipeline/Pipeline.php(116): Laravel\\Lumen\\Routing\\Pipeline->Laravel\\Lumen\\Routing\\{closure}(Object(Laravel\\Lumen\\Http\\Request))
#19 /var/www/html/vendor/laravel/lumen-framework/src/Concerns/RoutesRequests.php(428): Illuminate\\Pipeline\\Pipeline->then(Object(Closure))
#20 /var/www/html/vendor/laravel/lumen-framework/src/Concerns/RoutesRequests.php(177): Laravel\\Lumen\\Application->sendThroughPipeline(Array, Object(Closure))
#21 /var/www/html/vendor/laravel/lumen-framework/src/Concerns/RoutesRequests.php(112): Laravel\\Lumen\\Application->dispatch(NULL)
#22 /var/www/html/public/index.php(47): Laravel\\Lumen\\Application->run()
#23 {main}
"} 
[2026-09-22 01:29:23] production.ERROR: View [dataDictionary] not found. {"exception":"[object] (InvalidArgumentException(code: 0): View [dataDictionary] not found. at /var/www/html/vendor/illuminate/view/FileViewFinder.php:137)
[stacktrace]
#0 /var/www/html/vendor/illuminate/view/FileViewFinder.php(79): Illuminate\\View\\FileViewFinder->findInPaths('dataDictionary', Array)
#1 /var/www/html/vendor/illuminate/view/Factory.php(138): Illuminate\\View\\FileViewFinder->find('dataDictionary')
#2 /var/www/html/vendor/laravel/lumen-framework/src/helpers.php(433): Illuminate\\View\\Factory->make('dataDictionary', Array, Array)
#3 /var/www/html/modules/Sys/Http/Controllers/CreateController.php(53): view('dataDictionary', Array)
#4 /var/www/html/vendor/illuminate/container/BoundMethod.php(36): Modules\\Sys\\Http\\Controllers\\CreateController->tables()
#5 /var/www/html/vendor/illuminate/container/Util.php(41): Illuminate\\Container\\BoundMethod::Illuminate\\Container\\{closure}()
#6 /var/www/html/vendor/illuminate/container/BoundMethod.php(93): Illuminate\\Container\\Util::unwrapIfClosure(Object(Closure))
#7 /var/www/html/vendor/illuminate/container/BoundMethod.php(37): Illuminate\\Container\\BoundMethod::callBoundMethod(Object(Laravel\\Lumen\\Application), Array, Object(Closure))
#8 /var/www/html/vendor/illuminate/container/Container.php(661): Illuminate\\Container\\BoundMethod::call(Object(Laravel\\Lumen\\Application), Array, Array, NULL)
#9 /var/www/html/vendor/laravel/lumen-framework/src/Concerns/RoutesRequests.php(391): Illuminate\\Container\\Container->call(Array, Array)
#10 /var/www/html/vendor/laravel/lumen-framework/src/Concerns/RoutesRequests.php(357): Laravel\\Lumen\\Application->callControllerCallable(Array, Array)
#11 /var/www/html/vendor/laravel/lumen-framework/src/Concerns/RoutesRequests.php(331): Laravel\\Lumen\\Application->callLumenController(Object(Modules\\Sys\\Http\\Controllers\\CreateController), 'tables', Array)
#12 /var/www/html/vendor/laravel/lumen-framework/src/Concerns/RoutesRequests.php(284): Laravel\\Lumen\\Application->callControllerAction(Array)
#13 /var/www/html/vendor/laravel/lumen-framework/src/Concerns/RoutesRequests.php(264): Laravel\\Lumen\\Application->callActionOnArrayBasedRoute(Array)
#14 /var/www/html/vendor/laravel/lumen-framework/src/Routing/Pipeline.php(48): Laravel\\Lumen\\Application->Laravel\\Lumen\\Concerns\\{closure}(Object(Laravel\\Lumen\\Http\\Request))
#15 /var/www/html/app/Middleware/Authenticate.php(65): Laravel\\Lumen\\Routing\\Pipeline->Laravel\\Lumen\\Routing\\{closure}(Object(Laravel\\Lumen\\Http\\Request))
#16 /var/www/html/vendor/illuminate/pipeline/Pipeline.php(180): App\\Middleware\\Authenticate->handle(Object(Laravel\\Lumen\\Http\\Request), Object(Closure))
#17 /var/www/html/vendor/laravel/lumen-framework/src/Routing/Pipeline.php(30): Illuminate\\Pipeline\\Pipeline->Illuminate\\Pipeline\\{closure}(Object(Laravel\\Lumen\\Http\\Request))
#18 /var/www/html/vendor/illuminate/pipeline/Pipeline.php(116): Laravel\\Lumen\\Routing\\Pipeline->Laravel\\Lumen\\Routing\\{closure}(Object(Laravel\\Lumen\\Http\\Request))
#19 /var/www/html/vendor/laravel/lumen-framework/src/Concerns/RoutesRequests.php(428): Illuminate\\Pipeline\\Pipeline->then(Object(Closure))
#20 /var/www/html/vendor/laravel/lumen-framework/src/Concerns/RoutesRequests.php(265): Laravel\\Lumen\\Application->sendThroughPipeline(Array, Object(Closure))
#21 /var/www/html/vendor/laravel/lumen-framework/src/Concerns/RoutesRequests.php(171): Laravel\\Lumen\\Application->handleFoundRoute(Array)
#22 /var/www/html/vendor/laravel/lumen-framework/src/Routing/Pipeline.php(48): Laravel\\Lumen\\Application->Laravel\\Lumen\\Concerns\\{closure}(Object(Laravel\\Lumen\\Http\\Request))
#23 /var/www/html/app/Middleware/CrossMiddleware.php(68): Laravel\\Lumen\\Routing\\Pipeline->Laravel\\Lumen\\Routing\\{closure}(Object(Laravel\\Lumen\\Http\\Request))
#24 /var/www/html/vendor/illuminate/pipeline/Pipeline.php(180): App\\Middleware\\CrossMiddleware->handle(Object(Laravel\\Lumen\\Http\\Request), Object(Closure))
#25 /var/www/html/vendor/laravel/lumen-framework/src/Routing/Pipeline.php(30): Illuminate\\Pipeline\\Pipeline->Illuminate\\Pipeline\\{closure}(Object(Laravel\\Lumen\\Http\\Request))
#26 /var/www/html/vendor/illuminate/pipeline/Pipeline.php(116): Laravel\\Lumen\\Routing\\Pipeline->Laravel\\Lumen\\Routing\\{closure}(Object(Laravel\\Lumen\\Http\\Request))
#27 /var/www/html/vendor/laravel/lumen-framework/src/Concerns/RoutesRequests.php(428): Illuminate\\Pipeline\\Pipeline->then(Object(Closure))
#28 /var/www/html/vendor/laravel/lumen-framework/src/Concerns/RoutesRequests.php(177): Laravel\\Lumen\\Application->sendThroughPipeline(Array, Object(Closure))
#29 /var/www/html/vendor/laravel/lumen-framework/src/Concerns/RoutesRequests.php(112): Laravel\\Lumen\\Application->dispatch(NULL)
#30 /var/www/html/public/index.php(47): Laravel\\Lumen\\Application->run()
#31 {main}
"} 
[2026-09-22 01:34:48] production.ERROR: There are no commands defined in the "route" namespace. {"exception":"[object] (Symfony\\Component\\Console\\Exception\\NamespaceNotFoundException(code: 0): There are no commands defined in the \"route\" namespace. at /var/www/html/vendor/symfony/console/Application.php:678)
[stacktrace]
#0 /var/www/html/vendor/symfony/console/Application.php(729): Symfony\\Component\\Console\\Application->findNamespace('route')
#1 /var/www/html/vendor/symfony/console/Application.php(266): Symfony\\Component\\Console\\Application->find('route:list')
#2 /var/www/html/vendor/symfony/console/Application.php(175): Symfony\\Component\\Console\\Application->doRun(Object(Symfony\\Component\\Console\\Input\\ArgvInput), Object(Symfony\\Component\\Console\\Output\\ConsoleOutput))
#3 /var/www/html/vendor/illuminate/console/Application.php(102): Symfony\\Component\\Console\\Application->run(Object(Symfony\\Component\\Console\\Input\\ArgvInput), Object(Symfony\\Component\\Console\\Output\\ConsoleOutput))
#4 /var/www/html/vendor/laravel/lumen-framework/src/Console/Kernel.php(116): Illuminate\\Console\\Application->run(Object(Symfony\\Component\\Console\\Input\\ArgvInput), Object(Symfony\\Component\\Console\\Output\\ConsoleOutput))
#5 /var/www/html/artisan(35): Laravel\\Lumen\\Console\\Kernel->handle(Object(Symfony\\Component\\Console\\Input\\ArgvInput), Object(Symfony\\Component\\Console\\Output\\ConsoleOutput))
#6 {main}
"} 
[2026-09-22 01:35:34] production.ERROR: 活动编号不能为空 {"exception":"[object] (App\\Exceptions\\ErrorException(code: 200): 活动编号不能为空 at /var/www/html/modules/Marketing/Repositories/Validators/ActivityItemValidator.php:49)
[stacktrace]
#0 /var/www/html/modules/Marketing/Http/Controllers/Manage/ActivityItemController.php(94): Modules\\Marketing\\Repositories\\Validators\\ActivityItemValidator->passesOrFail('update')
#1 /var/www/html/vendor/illuminate/container/BoundMethod.php(36): Modules\\Marketing\\Http\\Controllers\\Manage\\ActivityItemController->editActivityItem(Object(Laravel\\Lumen\\Http\\Request))
#2 /var/www/html/vendor/illuminate/container/Util.php(41): Illuminate\\Container\\BoundMethod::Illuminate\\Container\\{closure}()
#3 /var/www/html/vendor/illuminate/container/BoundMethod.php(93): Illuminate\\Container\\Util::unwrapIfClosure(Object(Closure))
#4 /var/www/html/vendor/illuminate/container/BoundMethod.php(37): Illuminate\\Container\\BoundMethod::callBoundMethod(Object(Laravel\\Lumen\\Application), Array, Object(Closure))
#5 /var/www/html/vendor/illuminate/container/Container.php(661): Illuminate\\Container\\BoundMethod::call(Object(Laravel\\Lumen\\Application), Array, Array, NULL)
#6 /var/www/html/vendor/laravel/lumen-framework/src/Concerns/RoutesRequests.php(391): Illuminate\\Container\\Container->call(Array, Array)
#7 /var/www/html/vendor/laravel/lumen-framework/src/Concerns/RoutesRequests.php(357): Laravel\\Lumen\\Application->callControllerCallable(Array, Array)
#8 /var/www/html/vendor/laravel/lumen-framework/src/Concerns/RoutesRequests.php(331): Laravel\\Lumen\\Application->callLumenController(Object(Modules\\Marketing\\Http\\Controllers\\Manage\\ActivityItemController), 'editActivityIte...', Array)
#9 /var/www/html/vendor/laravel/lumen-framework/src/Concerns/RoutesRequests.php(284): Laravel\\Lumen\\Application->callControllerAction(Array)
#10 /var/www/html/vendor/laravel/lumen-framework/src/Concerns/RoutesRequests.php(264): Laravel\\Lumen\\Application->callActionOnArrayBasedRoute(Array)
#11 /var/www/html/vendor/laravel/lumen-framework/src/Routing/Pipeline.php(48): Laravel\\Lumen\\Application->Laravel\\Lumen\\Concerns\\{closure}(Object(Laravel\\Lumen\\Http\\Request))
#12 /var/www/html/app/Middleware/AdminAuthenticate.php(43): Laravel\\Lumen\\Routing\\Pipeline->Laravel\\Lumen\\Routing\\{closure}(Object(Laravel\\Lumen\\Http\\Request))
#13 /var/www/html/vendor/illuminate/pipeline/Pipeline.php(180): App\\Middleware\\AdminAuthenticate->handle(Object(Laravel\\Lumen\\Http\\Request), Object(Closure))
#14 /var/www/html/vendor/laravel/lumen-framework/src/Routing/Pipeline.php(30): Illuminate\\Pipeline\\Pipeline->Illuminate\\Pipeline\\{closure}(Object(Laravel\\Lumen\\Http\\Request))
#15 /var/www/html/app/Middleware/Authenticate.php(65): Laravel\\Lumen\\Routing\\Pipeline->Laravel\\Lumen\\Routing\\{closure}(Object(Laravel\\Lumen\\Http\\Request))
#16 /var/www/html/vendor/illuminate/pipeline/Pipeline.php(180): App\\Middleware\\Authenticate->handle(Object(Laravel\\Lumen\\Http\\Request), Object(Closure))
#17 /var/www/html/vendor/laravel/lumen-framework/src/Routing/Pipeline.php(30): Illuminate\\Pipeline\\Pipeline->Illuminate\\Pipeline\\{closure}(Object(Laravel\\Lumen\\Http\\Request))
#18 /var/www/html/vendor/illuminate/pipeline/Pipeline.php(116): Laravel\\Lumen\\Routing\\Pipeline->Laravel\\Lumen\\Routing\\{closure}(Object(Laravel\\Lumen\\Http\\Request))
#19 /var/www/html/vendor/laravel/lumen-framework/src/Concerns/RoutesRequests.php(428): Illuminate\\Pipeline\\Pipeline->then(Object(Closure))
#20 /var/www/html/vendor/laravel/lumen-framework/src/Concerns/RoutesRequests.php(265): Laravel\\Lumen\\Application->sendThroughPipeline(Array, Object(Closure))
#21 /var/www/html/vendor/laravel/lumen-framework/src/Concerns/RoutesRequests.php(171): Laravel\\Lumen\\Application->handleFoundRoute(Array)
#22 /var/www/html/vendor/laravel/lumen-framework/src/Routing/Pipeline.php(48): Laravel\\Lumen\\Application->Laravel\\Lumen\\Concerns\\{closure}(Object(Laravel\\Lumen\\Http\\Request))
#23 /var/www/html/app/Middleware/CrossMiddleware.php(68): Laravel\\Lumen\\Routing\\Pipeline->Laravel\\Lumen\\Routing\\{closure}(Object(Laravel\\Lumen\\Http\\Request))
#24 /var/www/html/vendor/illuminate/pipeline/Pipeline.php(180): App\\Middleware\\CrossMiddleware->handle(Object(Laravel\\Lumen\\Http\\Request), Object(Closure))
#25 /var/www/html/vendor/laravel/lumen-framework/src/Routing/Pipeline.php(30): Illuminate\\Pipeline\\Pipeline->Illuminate\\Pipeline\\{closure}(Object(Laravel\\Lumen\\Http\\Request))
#26 /var/www/html/vendor/illuminate/pipeline/Pipeline.php(116): Laravel\\Lumen\\Routing\\Pipeline->Laravel\\Lumen\\Routing\\{closure}(Object(Laravel\\Lumen\\Http\\Request))
#27 /var/www/html/vendor/laravel/lumen-framework/src/Concerns/RoutesRequests.php(428): Illuminate\\Pipeline\\Pipeline->then(Object(Closure))
#28 /var/www/html/vendor/laravel/lumen-framework/src/Concerns/RoutesRequests.php(177): Laravel\\Lumen\\Application->sendThroughPipeline(Array, Object(Closure))
#29 /var/www/html/vendor/laravel/lumen-framework/src/Concerns/RoutesRequests.php(112): Laravel\\Lumen\\Application->dispatch(NULL)
#30 /var/www/html/public/index.php(47): Laravel\\Lumen\\Application->run()
#31 {main}
"} 
[2026-09-22 01:56:35] production.ERROR: 订单号不能为空 {"exception":"[object] (App\\Exceptions\\ErrorException(code: 200): 订单号不能为空 at /var/www/html/modules/O2o/Http/Controllers/Manage/ChainOrderController.php:75)
[stacktrace]
#0 /var/www/html/vendor/illuminate/container/BoundMethod.php(36): Modules\\O2o\\Http\\Controllers\\Manage\\ChainOrderController->detail(Object(Laravel\\Lumen\\Http\\Request))
#1 /var/www/html/vendor/illuminate/container/Util.php(41): Illuminate\\Container\\BoundMethod::Illuminate\\Container\\{closure}()
#2 /var/www/html/vendor/illuminate/container/BoundMethod.php(93): Illuminate\\Container\\Util::unwrapIfClosure(Object(Closure))
#3 /var/www/html/vendor/illuminate/container/BoundMethod.php(37): Illuminate\\Container\\BoundMethod::callBoundMethod(Object(Laravel\\Lumen\\Application), Array, Object(Closure))
#4 /var/www/html/vendor/illuminate/container/Container.php(661): Illuminate\\Container\\BoundMethod::call(Object(Laravel\\Lumen\\Application), Array, Array, NULL)
#5 /var/www/html/vendor/laravel/lumen-framework/src/Concerns/RoutesRequests.php(391): Illuminate\\Container\\Container->call(Array, Array)
#6 /var/www/html/vendor/laravel/lumen-framework/src/Concerns/RoutesRequests.php(357): Laravel\\Lumen\\Application->callControllerCallable(Array, Array)
#7 /var/www/html/vendor/laravel/lumen-framework/src/Concerns/RoutesRequests.php(331): Laravel\\Lumen\\Application->callLumenController(Object(Modules\\O2o\\Http\\Controllers\\Manage\\ChainOrderController), 'detail', Array)
#8 /var/www/html/vendor/laravel/lumen-framework/src/Concerns/RoutesRequests.php(284): Laravel\\Lumen\\Application->callControllerAction(Array)
#9 /var/www/html/vendor/laravel/lumen-framework/src/Concerns/RoutesRequests.php(264): Laravel\\Lumen\\Application->callActionOnArrayBasedRoute(Array)
#10 /var/www/html/vendor/laravel/lumen-framework/src/Routing/Pipeline.php(48): Laravel\\Lumen\\Application->Laravel\\Lumen\\Concerns\\{closure}(Object(Laravel\\Lumen\\Http\\Request))
#11 /var/www/html/app/Middleware/AdminAuthenticate.php(43): Laravel\\Lumen\\Routing\\Pipeline->Laravel\\Lumen\\Routing\\{closure}(Object(Laravel\\Lumen\\Http\\Request))
#12 /var/www/html/vendor/illuminate/pipeline/Pipeline.php(180): App\\Middleware\\AdminAuthenticate->handle(Object(Laravel\\Lumen\\Http\\Request), Object(Closure))
#13 /var/www/html/vendor/laravel/lumen-framework/src/Routing/Pipeline.php(30): Illuminate\\Pipeline\\Pipeline->Illuminate\\Pipeline\\{closure}(Object(Laravel\\Lumen\\Http\\Request))
#14 /var/www/html/app/Middleware/Authenticate.php(65): Laravel\\Lumen\\Routing\\Pipeline->Laravel\\Lumen\\Routing\\{closure}(Object(Laravel\\Lumen\\Http\\Request))
#15 /var/www/html/vendor/illuminate/pipeline/Pipeline.php(180): App\\Middleware\\Authenticate->handle(Object(Laravel\\Lumen\\Http\\Request), Object(Closure))
#16 /var/www/html/vendor/laravel/lumen-framework/src/Routing/Pipeline.php(30): Illuminate\\Pipeline\\Pipeline->Illuminate\\Pipeline\\{closure}(Object(Laravel\\Lumen\\Http\\Request))
#17 /var/www/html/vendor/illuminate/pipeline/Pipeline.php(116): Laravel\\Lumen\\Routing\\Pipeline->Laravel\\Lumen\\Routing\\{closure}(Object(Laravel\\Lumen\\Http\\Request))
#18 /var/www/html/vendor/laravel/lumen-framework/src/Concerns/RoutesRequests.php(428): Illuminate\\Pipeline\\Pipeline->then(Object(Closure))
#19 /var/www/html/vendor/laravel/lumen-framework/src/Concerns/RoutesRequests.php(265): Laravel\\Lumen\\Application->sendThroughPipeline(Array, Object(Closure))
#20 /var/www/html/vendor/laravel/lumen-framework/src/Concerns/RoutesRequests.php(171): Laravel\\Lumen\\Application->handleFoundRoute(Array)
#21 /var/www/html/vendor/laravel/lumen-framework/src/Routing/Pipeline.php(48): Laravel\\Lumen\\Application->Laravel\\Lumen\\Concerns\\{closure}(Object(Laravel\\Lumen\\Http\\Request))
#22 /var/www/html/app/Middleware/CrossMiddleware.php(68): Laravel\\Lumen\\Routing\\Pipeline->Laravel\\Lumen\\Routing\\{closure}(Object(Laravel\\Lumen\\Http\\Request))
#23 /var/www/html/vendor/illuminate/pipeline/Pipeline.php(180): App\\Middleware\\CrossMiddleware->handle(Object(Laravel\\Lumen\\Http\\Request), Object(Closure))
#24 /var/www/html/vendor/laravel/lumen-framework/src/Routing/Pipeline.php(30): Illuminate\\Pipeline\\Pipeline->Illuminate\\Pipeline\\{closure}(Object(Laravel\\Lumen\\Http\\Request))
#25 /var/www/html/vendor/illuminate/pipeline/Pipeline.php(116): Laravel\\Lumen\\Routing\\Pipeline->Laravel\\Lumen\\Routing\\{closure}(Object(Laravel\\Lumen\\Http\\Request))
#26 /var/www/html/vendor/laravel/lumen-framework/src/Concerns/RoutesRequests.php(428): Illuminate\\Pipeline\\Pipeline->then(Object(Closure))
#27 /var/www/html/vendor/laravel/lumen-framework/src/Concerns/RoutesRequests.php(177): Laravel\\Lumen\\Application->sendThroughPipeline(Array, Object(Closure))
#28 /var/www/html/vendor/laravel/lumen-framework/src/Concerns/RoutesRequests.php(112): Laravel\\Lumen\\Application->dispatch(NULL)
#29 /var/www/html/public/index.php(47): Laravel\\Lumen\\Application->run()
#30 {main}
"} 
[2026-09-22 01:56:35] production.ERROR: Undefined array key "order_shipping_fee" {"exception":"[object] (ErrorException(code: 0): Undefined array key \"order_shipping_fee\" at /var/www/html/modules/Trade/Services/OrderService.php:1163)
[stacktrace]
#0 /var/www/html/vendor/laravel/lumen-framework/src/Concerns/RegistersExceptionHandlers.php(47): Laravel\\Lumen\\Application->handleError(2, 'Undefined array...', '/var/www/html/m...', 1163)
#1 /var/www/html/modules/Trade/Services/OrderService.php(1163): Laravel\\Lumen\\Application->Laravel\\Lumen\\Concerns\\{closure}(2, 'Undefined array...', '/var/www/html/m...', 1163)
#2 /var/www/html/modules/O2o/Http/Controllers/Manage/ChainOrderController.php(95): Modules\\Trade\\Services\\OrderService->cancel('JD0000000003', '\\xE6\\xB5\\x8B\\xE8\\xAF\\x95\\xE5\\x8F\\x96\\xE6\\xB6\\x88')
#3 /var/www/html/vendor/illuminate/container/BoundMethod.php(36): Modules\\O2o\\Http\\Controllers\\Manage\\ChainOrderController->cancel(Object(Laravel\\Lumen\\Http\\Request))
#4 /var/www/html/vendor/illuminate/container/Util.php(41): Illuminate\\Container\\BoundMethod::Illuminate\\Container\\{closure}()
#5 /var/www/html/vendor/illuminate/container/BoundMethod.php(93): Illuminate\\Container\\Util::unwrapIfClosure(Object(Closure))
#6 /var/www/html/vendor/illuminate/container/BoundMethod.php(37): Illuminate\\Container\\BoundMethod::callBoundMethod(Object(Laravel\\Lumen\\Application), Array, Object(Closure))
#7 /var/www/html/vendor/illuminate/container/Container.php(661): Illuminate\\Container\\BoundMethod::call(Object(Laravel\\Lumen\\Application), Array, Array, NULL)
#8 /var/www/html/vendor/laravel/lumen-framework/src/Concerns/RoutesRequests.php(391): Illuminate\\Container\\Container->call(Array, Array)
#9 /var/www/html/vendor/laravel/lumen-framework/src/Concerns/RoutesRequests.php(357): Laravel\\Lumen\\Application->callControllerCallable(Array, Array)
#10 /var/www/html/vendor/laravel/lumen-framework/src/Concerns/RoutesRequests.php(331): Laravel\\Lumen\\Application->callLumenController(Object(Modules\\O2o\\Http\\Controllers\\Manage\\ChainOrderController), 'cancel', Array)
#11 /var/www/html/vendor/laravel/lumen-framework/src/Concerns/RoutesRequests.php(284): Laravel\\Lumen\\Application->callControllerAction(Array)
#12 /var/www/html/vendor/laravel/lumen-framework/src/Concerns/RoutesRequests.php(264): Laravel\\Lumen\\Application->callActionOnArrayBasedRoute(Array)
#13 /var/www/html/vendor/laravel/lumen-framework/src/Routing/Pipeline.php(48): Laravel\\Lumen\\Application->Laravel\\Lumen\\Concerns\\{closure}(Object(Laravel\\Lumen\\Http\\Request))
#14 /var/www/html/app/Middleware/AdminAuthenticate.php(43): Laravel\\Lumen\\Routing\\Pipeline->Laravel\\Lumen\\Routing\\{closure}(Object(Laravel\\Lumen\\Http\\Request))
#15 /var/www/html/vendor/illuminate/pipeline/Pipeline.php(180): App\\Middleware\\AdminAuthenticate->handle(Object(Laravel\\Lumen\\Http\\Request), Object(Closure))
#16 /var/www/html/vendor/laravel/lumen-framework/src/Routing/Pipeline.php(30): Illuminate\\Pipeline\\Pipeline->Illuminate\\Pipeline\\{closure}(Object(Laravel\\Lumen\\Http\\Request))
#17 /var/www/html/app/Middleware/Authenticate.php(65): Laravel\\Lumen\\Routing\\Pipeline->Laravel\\Lumen\\Routing\\{closure}(Object(Laravel\\Lumen\\Http\\Request))
#18 /var/www/html/vendor/illuminate/pipeline/Pipeline.php(180): App\\Middleware\\Authenticate->handle(Object(Laravel\\Lumen\\Http\\Request), Object(Closure))
#19 /var/www/html/vendor/laravel/lumen-framework/src/Routing/Pipeline.php(30): Illuminate\\Pipeline\\Pipeline->Illuminate\\Pipeline\\{closure}(Object(Laravel\\Lumen\\Http\\Request))
#20 /var/www/html/vendor/illuminate/pipeline/Pipeline.php(116): Laravel\\Lumen\\Routing\\Pipeline->Laravel\\Lumen\\Routing\\{closure}(Object(Laravel\\Lumen\\Http\\Request))
#21 /var/www/html/vendor/laravel/lumen-framework/src/Concerns/RoutesRequests.php(428): Illuminate\\Pipeline\\Pipeline->then(Object(Closure))
#22 /var/www/html/vendor/laravel/lumen-framework/src/Concerns/RoutesRequests.php(265): Laravel\\Lumen\\Application->sendThroughPipeline(Array, Object(Closure))
#23 /var/www/html/vendor/laravel/lumen-framework/src/Concerns/RoutesRequests.php(171): Laravel\\Lumen\\Application->handleFoundRoute(Array)
#24 /var/www/html/vendor/laravel/lumen-framework/src/Routing/Pipeline.php(48): Laravel\\Lumen\\Application->Laravel\\Lumen\\Concerns\\{closure}(Object(Laravel\\Lumen\\Http\\Request))
#25 /var/www/html/app/Middleware/CrossMiddleware.php(68): Laravel\\Lumen\\Routing\\Pipeline->Laravel\\Lumen\\Routing\\{closure}(Object(Laravel\\Lumen\\Http\\Request))
#26 /var/www/html/vendor/illuminate/pipeline/Pipeline.php(180): App\\Middleware\\CrossMiddleware->handle(Object(Laravel\\Lumen\\Http\\Request), Object(Closure))
#27 /var/www/html/vendor/laravel/lumen-framework/src/Routing/Pipeline.php(30): Illuminate\\Pipeline\\Pipeline->Illuminate\\Pipeline\\{closure}(Object(Laravel\\Lumen\\Http\\Request))
#28 /var/www/html/vendor/illuminate/pipeline/Pipeline.php(116): Laravel\\Lumen\\Routing\\Pipeline->Laravel\\Lumen\\Routing\\{closure}(Object(Laravel\\Lumen\\Http\\Request))
#29 /var/www/html/vendor/laravel/lumen-framework/src/Concerns/RoutesRequests.php(428): Illuminate\\Pipeline\\Pipeline->then(Object(Closure))
#30 /var/www/html/vendor/laravel/lumen-framework/src/Concerns/RoutesRequests.php(177): Laravel\\Lumen\\Application->sendThroughPipeline(Array, Object(Closure))
#31 /var/www/html/vendor/laravel/lumen-framework/src/Concerns/RoutesRequests.php(112): Laravel\\Lumen\\Application->dispatch(NULL)
#32 /var/www/html/public/index.php(47): Laravel\\Lumen\\Application->run()
#33 {main}
"} 
[2026-09-22 01:56:45] production.ERROR: Undefined array key "order_shipping_fee" {"exception":"[object] (ErrorException(code: 0): Undefined array key \"order_shipping_fee\" at /var/www/html/modules/Trade/Services/OrderService.php:1163)
[stacktrace]
#0 /var/www/html/vendor/laravel/lumen-framework/src/Concerns/RegistersExceptionHandlers.php(47): Laravel\\Lumen\\Application->handleError(2, 'Undefined array...', '/var/www/html/m...', 1163)
#1 /var/www/html/modules/Trade/Services/OrderService.php(1163): Laravel\\Lumen\\Application->Laravel\\Lumen\\Concerns\\{closure}(2, 'Undefined array...', '/var/www/html/m...', 1163)
#2 /var/www/html/modules/O2o/Http/Controllers/Manage/ChainOrderController.php(95): Modules\\Trade\\Services\\OrderService->cancel('JD0000000003', '\\xE6\\xB5\\x8B\\xE8\\xAF\\x95\\xE5\\x8F\\x96\\xE6\\xB6\\x88')
#3 /var/www/html/vendor/illuminate/container/BoundMethod.php(36): Modules\\O2o\\Http\\Controllers\\Manage\\ChainOrderController->cancel(Object(Laravel\\Lumen\\Http\\Request))
#4 /var/www/html/vendor/illuminate/container/Util.php(41): Illuminate\\Container\\BoundMethod::Illuminate\\Container\\{closure}()
#5 /var/www/html/vendor/illuminate/container/BoundMethod.php(93): Illuminate\\Container\\Util::unwrapIfClosure(Object(Closure))
#6 /var/www/html/vendor/illuminate/container/BoundMethod.php(37): Illuminate\\Container\\BoundMethod::callBoundMethod(Object(Laravel\\Lumen\\Application), Array, Object(Closure))
#7 /var/www/html/vendor/illuminate/container/Container.php(661): Illuminate\\Container\\BoundMethod::call(Object(Laravel\\Lumen\\Application), Array, Array, NULL)
#8 /var/www/html/vendor/laravel/lumen-framework/src/Concerns/RoutesRequests.php(391): Illuminate\\Container\\Container->call(Array, Array)
#9 /var/www/html/vendor/laravel/lumen-framework/src/Concerns/RoutesRequests.php(357): Laravel\\Lumen\\Application->callControllerCallable(Array, Array)
#10 /var/www/html/vendor/laravel/lumen-framework/src/Concerns/RoutesRequests.php(331): Laravel\\Lumen\\Application->callLumenController(Object(Modules\\O2o\\Http\\Controllers\\Manage\\ChainOrderController), 'cancel', Array)
#11 /var/www/html/vendor/laravel/lumen-framework/src/Concerns/RoutesRequests.php(284): Laravel\\Lumen\\Application->callControllerAction(Array)
#12 /var/www/html/vendor/laravel/lumen-framework/src/Concerns/RoutesRequests.php(264): Laravel\\Lumen\\Application->callActionOnArrayBasedRoute(Array)
#13 /var/www/html/vendor/laravel/lumen-framework/src/Routing/Pipeline.php(48): Laravel\\Lumen\\Application->Laravel\\Lumen\\Concerns\\{closure}(Object(Laravel\\Lumen\\Http\\Request))
#14 /var/www/html/app/Middleware/AdminAuthenticate.php(43): Laravel\\Lumen\\Routing\\Pipeline->Laravel\\Lumen\\Routing\\{closure}(Object(Laravel\\Lumen\\Http\\Request))
#15 /var/www/html/vendor/illuminate/pipeline/Pipeline.php(180): App\\Middleware\\AdminAuthenticate->handle(Object(Laravel\\Lumen\\Http\\Request), Object(Closure))
#16 /var/www/html/vendor/laravel/lumen-framework/src/Routing/Pipeline.php(30): Illuminate\\Pipeline\\Pipeline->Illuminate\\Pipeline\\{closure}(Object(Laravel\\Lumen\\Http\\Request))
#17 /var/www/html/app/Middleware/Authenticate.php(65): Laravel\\Lumen\\Routing\\Pipeline->Laravel\\Lumen\\Routing\\{closure}(Object(Laravel\\Lumen\\Http\\Request))
#18 /var/www/html/vendor/illuminate/pipeline/Pipeline.php(180): App\\Middleware\\Authenticate->handle(Object(Laravel\\Lumen\\Http\\Request), Object(Closure))
#19 /var/www/html/vendor/laravel/lumen-framework/src/Routing/Pipeline.php(30): Illuminate\\Pipeline\\Pipeline->Illuminate\\Pipeline\\{closure}(Object(Laravel\\Lumen\\Http\\Request))
#20 /var/www/html/vendor/illuminate/pipeline/Pipeline.php(116): Laravel\\Lumen\\Routing\\Pipeline->Laravel\\Lumen\\Routing\\{closure}(Object(Laravel\\Lumen\\Http\\Request))
#21 /var/www/html/vendor/laravel/lumen-framework/src/Concerns/RoutesRequests.php(428): Illuminate\\Pipeline\\Pipeline->then(Object(Closure))
#22 /var/www/html/vendor/laravel/lumen-framework/src/Concerns/RoutesRequests.php(265): Laravel\\Lumen\\Application->sendThroughPipeline(Array, Object(Closure))
#23 /var/www/html/vendor/laravel/lumen-framework/src/Concerns/RoutesRequests.php(171): Laravel\\Lumen\\Application->handleFoundRoute(Array)
#24 /var/www/html/vendor/laravel/lumen-framework/src/Routing/Pipeline.php(48): Laravel\\Lumen\\Application->Laravel\\Lumen\\Concerns\\{closure}(Object(Laravel\\Lumen\\Http\\Request))
#25 /var/www/html/app/Middleware/CrossMiddleware.php(68): Laravel\\Lumen\\Routing\\Pipeline->Laravel\\Lumen\\Routing\\{closure}(Object(Laravel\\Lumen\\Http\\Request))
#26 /var/www/html/vendor/illuminate/pipeline/Pipeline.php(180): App\\Middleware\\CrossMiddleware->handle(Object(Laravel\\Lumen\\Http\\Request), Object(Closure))
#27 /var/www/html/vendor/laravel/lumen-framework/src/Routing/Pipeline.php(30): Illuminate\\Pipeline\\Pipeline->Illuminate\\Pipeline\\{closure}(Object(Laravel\\Lumen\\Http\\Request))
#28 /var/www/html/vendor/illuminate/pipeline/Pipeline.php(116): Laravel\\Lumen\\Routing\\Pipeline->Laravel\\Lumen\\Routing\\{closure}(Object(Laravel\\Lumen\\Http\\Request))
#29 /var/www/html/vendor/laravel/lumen-framework/src/Concerns/RoutesRequests.php(428): Illuminate\\Pipeline\\Pipeline->then(Object(Closure))
#30 /var/www/html/vendor/laravel/lumen-framework/src/Concerns/RoutesRequests.php(177): Laravel\\Lumen\\Application->sendThroughPipeline(Array, Object(Closure))
#31 /var/www/html/vendor/laravel/lumen-framework/src/Concerns/RoutesRequests.php(112): Laravel\\Lumen\\Application->dispatch(NULL)
#32 /var/www/html/public/index.php(47): Laravel\\Lumen\\Application->run()
#33 {main}
"} 
[2026-09-22 07:58:20] production.ERROR: 订单号不能为空 {"exception":"[object] (App\\Exceptions\\ErrorException(code: 200): 订单号不能为空 at /var/www/html/modules/O2o/Http/Controllers/Manage/ChainOrderController.php:75)
[stacktrace]
#0 /var/www/html/vendor/illuminate/container/BoundMethod.php(36): Modules\\O2o\\Http\\Controllers\\Manage\\ChainOrderController->detail(Object(Laravel\\Lumen\\Http\\Request))
#1 /var/www/html/vendor/illuminate/container/Util.php(41): Illuminate\\Container\\BoundMethod::Illuminate\\Container\\{closure}()
#2 /var/www/html/vendor/illuminate/container/BoundMethod.php(93): Illuminate\\Container\\Util::unwrapIfClosure(Object(Closure))
#3 /var/www/html/vendor/illuminate/container/BoundMethod.php(37): Illuminate\\Container\\BoundMethod::callBoundMethod(Object(Laravel\\Lumen\\Application), Array, Object(Closure))
#4 /var/www/html/vendor/illuminate/container/Container.php(661): Illuminate\\Container\\BoundMethod::call(Object(Laravel\\Lumen\\Application), Array, Array, NULL)
#5 /var/www/html/vendor/laravel/lumen-framework/src/Concerns/RoutesRequests.php(391): Illuminate\\Container\\Container->call(Array, Array)
#6 /var/www/html/vendor/laravel/lumen-framework/src/Concerns/RoutesRequests.php(357): Laravel\\Lumen\\Application->callControllerCallable(Array, Array)
#7 /var/www/html/vendor/laravel/lumen-framework/src/Concerns/RoutesRequests.php(331): Laravel\\Lumen\\Application->callLumenController(Object(Modules\\O2o\\Http\\Controllers\\Manage\\ChainOrderController), 'detail', Array)
#8 /var/www/html/vendor/laravel/lumen-framework/src/Concerns/RoutesRequests.php(284): Laravel\\Lumen\\Application->callControllerAction(Array)
#9 /var/www/html/vendor/laravel/lumen-framework/src/Concerns/RoutesRequests.php(264): Laravel\\Lumen\\Application->callActionOnArrayBasedRoute(Array)
#10 /var/www/html/vendor/laravel/lumen-framework/src/Routing/Pipeline.php(48): Laravel\\Lumen\\Application->Laravel\\Lumen\\Concerns\\{closure}(Object(Laravel\\Lumen\\Http\\Request))
#11 /var/www/html/app/Middleware/AdminAuthenticate.php(43): Laravel\\Lumen\\Routing\\Pipeline->Laravel\\Lumen\\Routing\\{closure}(Object(Laravel\\Lumen\\Http\\Request))
#12 /var/www/html/vendor/illuminate/pipeline/Pipeline.php(180): App\\Middleware\\AdminAuthenticate->handle(Object(Laravel\\Lumen\\Http\\Request), Object(Closure))
#13 /var/www/html/vendor/laravel/lumen-framework/src/Routing/Pipeline.php(30): Illuminate\\Pipeline\\Pipeline->Illuminate\\Pipeline\\{closure}(Object(Laravel\\Lumen\\Http\\Request))
#14 /var/www/html/app/Middleware/Authenticate.php(65): Laravel\\Lumen\\Routing\\Pipeline->Laravel\\Lumen\\Routing\\{closure}(Object(Laravel\\Lumen\\Http\\Request))
#15 /var/www/html/vendor/illuminate/pipeline/Pipeline.php(180): App\\Middleware\\Authenticate->handle(Object(Laravel\\Lumen\\Http\\Request), Object(Closure))
#16 /var/www/html/vendor/laravel/lumen-framework/src/Routing/Pipeline.php(30): Illuminate\\Pipeline\\Pipeline->Illuminate\\Pipeline\\{closure}(Object(Laravel\\Lumen\\Http\\Request))
#17 /var/www/html/vendor/illuminate/pipeline/Pipeline.php(116): Laravel\\Lumen\\Routing\\Pipeline->Laravel\\Lumen\\Routing\\{closure}(Object(Laravel\\Lumen\\Http\\Request))
#18 /var/www/html/vendor/laravel/lumen-framework/src/Concerns/RoutesRequests.php(428): Illuminate\\Pipeline\\Pipeline->then(Object(Closure))
#19 /var/www/html/vendor/laravel/lumen-framework/src/Concerns/RoutesRequests.php(265): Laravel\\Lumen\\Application->sendThroughPipeline(Array, Object(Closure))
#20 /var/www/html/vendor/laravel/lumen-framework/src/Concerns/RoutesRequests.php(171): Laravel\\Lumen\\Application->handleFoundRoute(Array)
#21 /var/www/html/vendor/laravel/lumen-framework/src/Routing/Pipeline.php(48): Laravel\\Lumen\\Application->Laravel\\Lumen\\Concerns\\{closure}(Object(Laravel\\Lumen\\Http\\Request))
#22 /var/www/html/app/Middleware/CrossMiddleware.php(68): Laravel\\Lumen\\Routing\\Pipeline->Laravel\\Lumen\\Routing\\{closure}(Object(Laravel\\Lumen\\Http\\Request))
#23 /var/www/html/vendor/illuminate/pipeline/Pipeline.php(180): App\\Middleware\\CrossMiddleware->handle(Object(Laravel\\Lumen\\Http\\Request), Object(Closure))
#24 /var/www/html/vendor/laravel/lumen-framework/src/Routing/Pipeline.php(30): Illuminate\\Pipeline\\Pipeline->Illuminate\\Pipeline\\{closure}(Object(Laravel\\Lumen\\Http\\Request))
#25 /var/www/html/vendor/illuminate/pipeline/Pipeline.php(116): Laravel\\Lumen\\Routing\\Pipeline->Laravel\\Lumen\\Routing\\{closure}(Object(Laravel\\Lumen\\Http\\Request))
#26 /var/www/html/vendor/laravel/lumen-framework/src/Concerns/RoutesRequests.php(428): Illuminate\\Pipeline\\Pipeline->then(Object(Closure))
#27 /var/www/html/vendor/laravel/lumen-framework/src/Concerns/RoutesRequests.php(177): Laravel\\Lumen\\Application->sendThroughPipeline(Array, Object(Closure))
#28 /var/www/html/vendor/laravel/lumen-framework/src/Concerns/RoutesRequests.php(112): Laravel\\Lumen\\Application->dispatch(NULL)
#29 /var/www/html/public/index.php(47): Laravel\\Lumen\\Application->run()
#30 {main}
"} 
[2026-09-22 07:59:05] production.ERROR: 订单号不能为空 {"exception":"[object] (App\\Exceptions\\ErrorException(code: 200): 订单号不能为空 at /var/www/html/modules/O2o/Http/Controllers/Manage/ChainOrderController.php:75)
[stacktrace]
#0 /var/www/html/vendor/illuminate/container/BoundMethod.php(36): Modules\\O2o\\Http\\Controllers\\Manage\\ChainOrderController->detail(Object(Laravel\\Lumen\\Http\\Request))
#1 /var/www/html/vendor/illuminate/container/Util.php(41): Illuminate\\Container\\BoundMethod::Illuminate\\Container\\{closure}()
#2 /var/www/html/vendor/illuminate/container/BoundMethod.php(93): Illuminate\\Container\\Util::unwrapIfClosure(Object(Closure))
#3 /var/www/html/vendor/illuminate/container/BoundMethod.php(37): Illuminate\\Container\\BoundMethod::callBoundMethod(Object(Laravel\\Lumen\\Application), Array, Object(Closure))
#4 /var/www/html/vendor/illuminate/container/Container.php(661): Illuminate\\Container\\BoundMethod::call(Object(Laravel\\Lumen\\Application), Array, Array, NULL)
#5 /var/www/html/vendor/laravel/lumen-framework/src/Concerns/RoutesRequests.php(391): Illuminate\\Container\\Container->call(Array, Array)
#6 /var/www/html/vendor/laravel/lumen-framework/src/Concerns/RoutesRequests.php(357): Laravel\\Lumen\\Application->callControllerCallable(Array, Array)
#7 /var/www/html/vendor/laravel/lumen-framework/src/Concerns/RoutesRequests.php(331): Laravel\\Lumen\\Application->callLumenController(Object(Modules\\O2o\\Http\\Controllers\\Manage\\ChainOrderController), 'detail', Array)
#8 /var/www/html/vendor/laravel/lumen-framework/src/Concerns/RoutesRequests.php(284): Laravel\\Lumen\\Application->callControllerAction(Array)
#9 /var/www/html/vendor/laravel/lumen-framework/src/Concerns/RoutesRequests.php(264): Laravel\\Lumen\\Application->callActionOnArrayBasedRoute(Array)
#10 /var/www/html/vendor/laravel/lumen-framework/src/Routing/Pipeline.php(48): Laravel\\Lumen\\Application->Laravel\\Lumen\\Concerns\\{closure}(Object(Laravel\\Lumen\\Http\\Request))
#11 /var/www/html/app/Middleware/AdminAuthenticate.php(43): Laravel\\Lumen\\Routing\\Pipeline->Laravel\\Lumen\\Routing\\{closure}(Object(Laravel\\Lumen\\Http\\Request))
#12 /var/www/html/vendor/illuminate/pipeline/Pipeline.php(180): App\\Middleware\\AdminAuthenticate->handle(Object(Laravel\\Lumen\\Http\\Request), Object(Closure))
#13 /var/www/html/vendor/laravel/lumen-framework/src/Routing/Pipeline.php(30): Illuminate\\Pipeline\\Pipeline->Illuminate\\Pipeline\\{closure}(Object(Laravel\\Lumen\\Http\\Request))
#14 /var/www/html/app/Middleware/Authenticate.php(65): Laravel\\Lumen\\Routing\\Pipeline->Laravel\\Lumen\\Routing\\{closure}(Object(Laravel\\Lumen\\Http\\Request))
#15 /var/www/html/vendor/illuminate/pipeline/Pipeline.php(180): App\\Middleware\\Authenticate->handle(Object(Laravel\\Lumen\\Http\\Request), Object(Closure))
#16 /var/www/html/vendor/laravel/lumen-framework/src/Routing/Pipeline.php(30): Illuminate\\Pipeline\\Pipeline->Illuminate\\Pipeline\\{closure}(Object(Laravel\\Lumen\\Http\\Request))
#17 /var/www/html/vendor/illuminate/pipeline/Pipeline.php(116): Laravel\\Lumen\\Routing\\Pipeline->Laravel\\Lumen\\Routing\\{closure}(Object(Laravel\\Lumen\\Http\\Request))
#18 /var/www/html/vendor/laravel/lumen-framework/src/Concerns/RoutesRequests.php(428): Illuminate\\Pipeline\\Pipeline->then(Object(Closure))
#19 /var/www/html/vendor/laravel/lumen-framework/src/Concerns/RoutesRequests.php(265): Laravel\\Lumen\\Application->sendThroughPipeline(Array, Object(Closure))
#20 /var/www/html/vendor/laravel/lumen-framework/src/Concerns/RoutesRequests.php(171): Laravel\\Lumen\\Application->handleFoundRoute(Array)
#21 /var/www/html/vendor/laravel/lumen-framework/src/Routing/Pipeline.php(48): Laravel\\Lumen\\Application->Laravel\\Lumen\\Concerns\\{closure}(Object(Laravel\\Lumen\\Http\\Request))
#22 /var/www/html/app/Middleware/CrossMiddleware.php(68): Laravel\\Lumen\\Routing\\Pipeline->Laravel\\Lumen\\Routing\\{closure}(Object(Laravel\\Lumen\\Http\\Request))
#23 /var/www/html/vendor/illuminate/pipeline/Pipeline.php(180): App\\Middleware\\CrossMiddleware->handle(Object(Laravel\\Lumen\\Http\\Request), Object(Closure))
#24 /var/www/html/vendor/laravel/lumen-framework/src/Routing/Pipeline.php(30): Illuminate\\Pipeline\\Pipeline->Illuminate\\Pipeline\\{closure}(Object(Laravel\\Lumen\\Http\\Request))
#25 /var/www/html/vendor/illuminate/pipeline/Pipeline.php(116): Laravel\\Lumen\\Routing\\Pipeline->Laravel\\Lumen\\Routing\\{closure}(Object(Laravel\\Lumen\\Http\\Request))
#26 /var/www/html/vendor/laravel/lumen-framework/src/Concerns/RoutesRequests.php(428): Illuminate\\Pipeline\\Pipeline->then(Object(Closure))
#27 /var/www/html/vendor/laravel/lumen-framework/src/Concerns/RoutesRequests.php(177): Laravel\\Lumen\\Application->sendThroughPipeline(Array, Object(Closure))
#28 /var/www/html/vendor/laravel/lumen-framework/src/Concerns/RoutesRequests.php(112): Laravel\\Lumen\\Application->dispatch(NULL)
#29 /var/www/html/public/index.php(47): Laravel\\Lumen\\Application->run()
#30 {main}
"} 
[2026-09-22 07:59:05] production.ERROR: 未更改到符合条件的订单！ {"exception":"[object] (App\\Exceptions\\ErrorException(code: 200): 未更改到符合条件的订单！ at /var/www/html/modules/Trade/Services/OrderService.php:1199)
[stacktrace]
#0 /var/www/html/modules/O2o/Http/Controllers/Manage/ChainOrderController.php(95): Modules\\Trade\\Services\\OrderService->cancel('JD0000000003', '\\xE6\\xB5\\x8B\\xE8\\xAF\\x95\\xE5\\x8F\\x96\\xE6\\xB6\\x88')
#1 /var/www/html/vendor/illuminate/container/BoundMethod.php(36): Modules\\O2o\\Http\\Controllers\\Manage\\ChainOrderController->cancel(Object(Laravel\\Lumen\\Http\\Request))
#2 /var/www/html/vendor/illuminate/container/Util.php(41): Illuminate\\Container\\BoundMethod::Illuminate\\Container\\{closure}()
#3 /var/www/html/vendor/illuminate/container/BoundMethod.php(93): Illuminate\\Container\\Util::unwrapIfClosure(Object(Closure))
#4 /var/www/html/vendor/illuminate/container/BoundMethod.php(37): Illuminate\\Container\\BoundMethod::callBoundMethod(Object(Laravel\\Lumen\\Application), Array, Object(Closure))
#5 /var/www/html/vendor/illuminate/container/Container.php(661): Illuminate\\Container\\BoundMethod::call(Object(Laravel\\Lumen\\Application), Array, Array, NULL)
#6 /var/www/html/vendor/laravel/lumen-framework/src/Concerns/RoutesRequests.php(391): Illuminate\\Container\\Container->call(Array, Array)
#7 /var/www/html/vendor/laravel/lumen-framework/src/Concerns/RoutesRequests.php(357): Laravel\\Lumen\\Application->callControllerCallable(Array, Array)
#8 /var/www/html/vendor/laravel/lumen-framework/src/Concerns/RoutesRequests.php(331): Laravel\\Lumen\\Application->callLumenController(Object(Modules\\O2o\\Http\\Controllers\\Manage\\ChainOrderController), 'cancel', Array)
#9 /var/www/html/vendor/laravel/lumen-framework/src/Concerns/RoutesRequests.php(284): Laravel\\Lumen\\Application->callControllerAction(Array)
#10 /var/www/html/vendor/laravel/lumen-framework/src/Concerns/RoutesRequests.php(264): Laravel\\Lumen\\Application->callActionOnArrayBasedRoute(Array)
#11 /var/www/html/vendor/laravel/lumen-framework/src/Routing/Pipeline.php(48): Laravel\\Lumen\\Application->Laravel\\Lumen\\Concerns\\{closure}(Object(Laravel\\Lumen\\Http\\Request))
#12 /var/www/html/app/Middleware/AdminAuthenticate.php(43): Laravel\\Lumen\\Routing\\Pipeline->Laravel\\Lumen\\Routing\\{closure}(Object(Laravel\\Lumen\\Http\\Request))
#13 /var/www/html/vendor/illuminate/pipeline/Pipeline.php(180): App\\Middleware\\AdminAuthenticate->handle(Object(Laravel\\Lumen\\Http\\Request), Object(Closure))
#14 /var/www/html/vendor/laravel/lumen-framework/src/Routing/Pipeline.php(30): Illuminate\\Pipeline\\Pipeline->Illuminate\\Pipeline\\{closure}(Object(Laravel\\Lumen\\Http\\Request))
#15 /var/www/html/app/Middleware/Authenticate.php(65): Laravel\\Lumen\\Routing\\Pipeline->Laravel\\Lumen\\Routing\\{closure}(Object(Laravel\\Lumen\\Http\\Request))
#16 /var/www/html/vendor/illuminate/pipeline/Pipeline.php(180): App\\Middleware\\Authenticate->handle(Object(Laravel\\Lumen\\Http\\Request), Object(Closure))
#17 /var/www/html/vendor/laravel/lumen-framework/src/Routing/Pipeline.php(30): Illuminate\\Pipeline\\Pipeline->Illuminate\\Pipeline\\{closure}(Object(Laravel\\Lumen\\Http\\Request))
#18 /var/www/html/vendor/illuminate/pipeline/Pipeline.php(116): Laravel\\Lumen\\Routing\\Pipeline->Laravel\\Lumen\\Routing\\{closure}(Object(Laravel\\Lumen\\Http\\Request))
#19 /var/www/html/vendor/laravel/lumen-framework/src/Concerns/RoutesRequests.php(428): Illuminate\\Pipeline\\Pipeline->then(Object(Closure))
#20 /var/www/html/vendor/laravel/lumen-framework/src/Concerns/RoutesRequests.php(265): Laravel\\Lumen\\Application->sendThroughPipeline(Array, Object(Closure))
#21 /var/www/html/vendor/laravel/lumen-framework/src/Concerns/RoutesRequests.php(171): Laravel\\Lumen\\Application->handleFoundRoute(Array)
#22 /var/www/html/vendor/laravel/lumen-framework/src/Routing/Pipeline.php(48): Laravel\\Lumen\\Application->Laravel\\Lumen\\Concerns\\{closure}(Object(Laravel\\Lumen\\Http\\Request))
#23 /var/www/html/app/Middleware/CrossMiddleware.php(68): Laravel\\Lumen\\Routing\\Pipeline->Laravel\\Lumen\\Routing\\{closure}(Object(Laravel\\Lumen\\Http\\Request))
#24 /var/www/html/vendor/illuminate/pipeline/Pipeline.php(180): App\\Middleware\\CrossMiddleware->handle(Object(Laravel\\Lumen\\Http\\Request), Object(Closure))
#25 /var/www/html/vendor/laravel/lumen-framework/src/Routing/Pipeline.php(30): Illuminate\\Pipeline\\Pipeline->Illuminate\\Pipeline\\{closure}(Object(Laravel\\Lumen\\Http\\Request))
#26 /var/www/html/vendor/illuminate/pipeline/Pipeline.php(116): Laravel\\Lumen\\Routing\\Pipeline->Laravel\\Lumen\\Routing\\{closure}(Object(Laravel\\Lumen\\Http\\Request))
#27 /var/www/html/vendor/laravel/lumen-framework/src/Concerns/RoutesRequests.php(428): Illuminate\\Pipeline\\Pipeline->then(Object(Closure))
#28 /var/www/html/vendor/laravel/lumen-framework/src/Concerns/RoutesRequests.php(177): Laravel\\Lumen\\Application->sendThroughPipeline(Array, Object(Closure))
#29 /var/www/html/vendor/laravel/lumen-framework/src/Concerns/RoutesRequests.php(112): Laravel\\Lumen\\Application->dispatch(NULL)
#30 /var/www/html/public/index.php(47): Laravel\\Lumen\\Application->run()
#31 {main}
"} 
[2026-09-22 08:50:29] production.ERROR: 当前账号短信可用条数不足 {"exception":"[object] (App\\Exceptions\\ErrorException(code: 200): 当前账号短信可用条数不足 at /var/www/html/modules/Sys/Http/Controllers/Front/CaptchaController.php:138)
[stacktrace]
#0 /var/www/html/vendor/illuminate/container/BoundMethod.php(36): Modules\\Sys\\Http\\Controllers\\Front\\CaptchaController->sendMobileVerifyCode(Object(Laravel\\Lumen\\Http\\Request))
#1 /var/www/html/vendor/illuminate/container/Util.php(41): Illuminate\\Container\\BoundMethod::Illuminate\\Container\\{closure}()
#2 /var/www/html/vendor/illuminate/container/BoundMethod.php(93): Illuminate\\Container\\Util::unwrapIfClosure(Object(Closure))
#3 /var/www/html/vendor/illuminate/container/BoundMethod.php(37): Illuminate\\Container\\BoundMethod::callBoundMethod(Object(Laravel\\Lumen\\Application), Array, Object(Closure))
#4 /var/www/html/vendor/illuminate/container/Container.php(661): Illuminate\\Container\\BoundMethod::call(Object(Laravel\\Lumen\\Application), Array, Array, NULL)
#5 /var/www/html/vendor/laravel/lumen-framework/src/Concerns/RoutesRequests.php(391): Illuminate\\Container\\Container->call(Array, Array)
#6 /var/www/html/vendor/laravel/lumen-framework/src/Concerns/RoutesRequests.php(357): Laravel\\Lumen\\Application->callControllerCallable(Array, Array)
#7 /var/www/html/vendor/laravel/lumen-framework/src/Concerns/RoutesRequests.php(331): Laravel\\Lumen\\Application->callLumenController(Object(Modules\\Sys\\Http\\Controllers\\Front\\CaptchaController), 'sendMobileVerif...', Array)
#8 /var/www/html/vendor/laravel/lumen-framework/src/Concerns/RoutesRequests.php(284): Laravel\\Lumen\\Application->callControllerAction(Array)
#9 /var/www/html/vendor/laravel/lumen-framework/src/Concerns/RoutesRequests.php(269): Laravel\\Lumen\\Application->callActionOnArrayBasedRoute(Array)
#10 /var/www/html/vendor/laravel/lumen-framework/src/Concerns/RoutesRequests.php(171): Laravel\\Lumen\\Application->handleFoundRoute(Array)
#11 /var/www/html/vendor/laravel/lumen-framework/src/Routing/Pipeline.php(48): Laravel\\Lumen\\Application->Laravel\\Lumen\\Concerns\\{closure}(Object(Laravel\\Lumen\\Http\\Request))
#12 /var/www/html/app/Middleware/CrossMiddleware.php(68): Laravel\\Lumen\\Routing\\Pipeline->Laravel\\Lumen\\Routing\\{closure}(Object(Laravel\\Lumen\\Http\\Request))
#13 /var/www/html/vendor/illuminate/pipeline/Pipeline.php(180): App\\Middleware\\CrossMiddleware->handle(Object(Laravel\\Lumen\\Http\\Request), Object(Closure))
#14 /var/www/html/vendor/laravel/lumen-framework/src/Routing/Pipeline.php(30): Illuminate\\Pipeline\\Pipeline->Illuminate\\Pipeline\\{closure}(Object(Laravel\\Lumen\\Http\\Request))
#15 /var/www/html/vendor/illuminate/pipeline/Pipeline.php(116): Laravel\\Lumen\\Routing\\Pipeline->Laravel\\Lumen\\Routing\\{closure}(Object(Laravel\\Lumen\\Http\\Request))
#16 /var/www/html/vendor/laravel/lumen-framework/src/Concerns/RoutesRequests.php(428): Illuminate\\Pipeline\\Pipeline->then(Object(Closure))
#17 /var/www/html/vendor/laravel/lumen-framework/src/Concerns/RoutesRequests.php(177): Laravel\\Lumen\\Application->sendThroughPipeline(Array, Object(Closure))
#18 /var/www/html/vendor/laravel/lumen-framework/src/Concerns/RoutesRequests.php(112): Laravel\\Lumen\\Application->dispatch(NULL)
#19 /var/www/html/public/index.php(47): Laravel\\Lumen\\Application->run()
#20 {main}
"} 
[2026-09-22 08:50:37] production.ERROR: 验证码有误 {"exception":"[object] (App\\Exceptions\\ErrorException(code: 200): 验证码有误 at /var/www/html/app/Support/helpers.php:89)
[stacktrace]
#0 /var/www/html/modules/Account/Http/Controllers/LoginController.php(68): checkVerifyCode(Object(Laravel\\Lumen\\Http\\Request))
#1 /var/www/html/vendor/illuminate/container/BoundMethod.php(36): Modules\\Account\\Http\\Controllers\\LoginController->login(Object(Laravel\\Lumen\\Http\\Request))
#2 /var/www/html/vendor/illuminate/container/Util.php(41): Illuminate\\Container\\BoundMethod::Illuminate\\Container\\{closure}()
#3 /var/www/html/vendor/illuminate/container/BoundMethod.php(93): Illuminate\\Container\\Util::unwrapIfClosure(Object(Closure))
#4 /var/www/html/vendor/illuminate/container/BoundMethod.php(37): Illuminate\\Container\\BoundMethod::callBoundMethod(Object(Laravel\\Lumen\\Application), Array, Object(Closure))
#5 /var/www/html/vendor/illuminate/container/Container.php(661): Illuminate\\Container\\BoundMethod::call(Object(Laravel\\Lumen\\Application), Array, Array, NULL)
#6 /var/www/html/vendor/laravel/lumen-framework/src/Concerns/RoutesRequests.php(391): Illuminate\\Container\\Container->call(Array, Array)
#7 /var/www/html/vendor/laravel/lumen-framework/src/Concerns/RoutesRequests.php(357): Laravel\\Lumen\\Application->callControllerCallable(Array, Array)
#8 /var/www/html/vendor/laravel/lumen-framework/src/Concerns/RoutesRequests.php(331): Laravel\\Lumen\\Application->callLumenController(Object(Modules\\Account\\Http\\Controllers\\LoginController), 'login', Array)
#9 /var/www/html/vendor/laravel/lumen-framework/src/Concerns/RoutesRequests.php(284): Laravel\\Lumen\\Application->callControllerAction(Array)
#10 /var/www/html/vendor/laravel/lumen-framework/src/Concerns/RoutesRequests.php(269): Laravel\\Lumen\\Application->callActionOnArrayBasedRoute(Array)
#11 /var/www/html/vendor/laravel/lumen-framework/src/Concerns/RoutesRequests.php(171): Laravel\\Lumen\\Application->handleFoundRoute(Array)
#12 /var/www/html/vendor/laravel/lumen-framework/src/Routing/Pipeline.php(48): Laravel\\Lumen\\Application->Laravel\\Lumen\\Concerns\\{closure}(Object(Laravel\\Lumen\\Http\\Request))
#13 /var/www/html/app/Middleware/CrossMiddleware.php(68): Laravel\\Lumen\\Routing\\Pipeline->Laravel\\Lumen\\Routing\\{closure}(Object(Laravel\\Lumen\\Http\\Request))
#14 /var/www/html/vendor/illuminate/pipeline/Pipeline.php(180): App\\Middleware\\CrossMiddleware->handle(Object(Laravel\\Lumen\\Http\\Request), Object(Closure))
#15 /var/www/html/vendor/laravel/lumen-framework/src/Routing/Pipeline.php(30): Illuminate\\Pipeline\\Pipeline->Illuminate\\Pipeline\\{closure}(Object(Laravel\\Lumen\\Http\\Request))
#16 /var/www/html/vendor/illuminate/pipeline/Pipeline.php(116): Laravel\\Lumen\\Routing\\Pipeline->Laravel\\Lumen\\Routing\\{closure}(Object(Laravel\\Lumen\\Http\\Request))
#17 /var/www/html/vendor/laravel/lumen-framework/src/Concerns/RoutesRequests.php(428): Illuminate\\Pipeline\\Pipeline->then(Object(Closure))
#18 /var/www/html/vendor/laravel/lumen-framework/src/Concerns/RoutesRequests.php(177): Laravel\\Lumen\\Application->sendThroughPipeline(Array, Object(Closure))
#19 /var/www/html/vendor/laravel/lumen-framework/src/Concerns/RoutesRequests.php(112): Laravel\\Lumen\\Application->dispatch(NULL)
#20 /var/www/html/public/index.php(47): Laravel\\Lumen\\Application->run()
#21 {main}
"} 
[2026-09-22 08:50:37] production.ERROR: 验证码有误 {"exception":"[object] (App\\Exceptions\\ErrorException(code: 200): 验证码有误 at /var/www/html/app/Support/helpers.php:89)
[stacktrace]
#0 /var/www/html/modules/Account/Http/Controllers/LoginController.php(68): checkVerifyCode(Object(Laravel\\Lumen\\Http\\Request))
#1 /var/www/html/vendor/illuminate/container/BoundMethod.php(36): Modules\\Account\\Http\\Controllers\\LoginController->login(Object(Laravel\\Lumen\\Http\\Request))
#2 /var/www/html/vendor/illuminate/container/Util.php(41): Illuminate\\Container\\BoundMethod::Illuminate\\Container\\{closure}()
#3 /var/www/html/vendor/illuminate/container/BoundMethod.php(93): Illuminate\\Container\\Util::unwrapIfClosure(Object(Closure))
#4 /var/www/html/vendor/illuminate/container/BoundMethod.php(37): Illuminate\\Container\\BoundMethod::callBoundMethod(Object(Laravel\\Lumen\\Application), Array, Object(Closure))
#5 /var/www/html/vendor/illuminate/container/Container.php(661): Illuminate\\Container\\BoundMethod::call(Object(Laravel\\Lumen\\Application), Array, Array, NULL)
#6 /var/www/html/vendor/laravel/lumen-framework/src/Concerns/RoutesRequests.php(391): Illuminate\\Container\\Container->call(Array, Array)
#7 /var/www/html/vendor/laravel/lumen-framework/src/Concerns/RoutesRequests.php(357): Laravel\\Lumen\\Application->callControllerCallable(Array, Array)
#8 /var/www/html/vendor/laravel/lumen-framework/src/Concerns/RoutesRequests.php(331): Laravel\\Lumen\\Application->callLumenController(Object(Modules\\Account\\Http\\Controllers\\LoginController), 'login', Array)
#9 /var/www/html/vendor/laravel/lumen-framework/src/Concerns/RoutesRequests.php(284): Laravel\\Lumen\\Application->callControllerAction(Array)
#10 /var/www/html/vendor/laravel/lumen-framework/src/Concerns/RoutesRequests.php(269): Laravel\\Lumen\\Application->callActionOnArrayBasedRoute(Array)
#11 /var/www/html/vendor/laravel/lumen-framework/src/Concerns/RoutesRequests.php(171): Laravel\\Lumen\\Application->handleFoundRoute(Array)
#12 /var/www/html/vendor/laravel/lumen-framework/src/Routing/Pipeline.php(48): Laravel\\Lumen\\Application->Laravel\\Lumen\\Concerns\\{closure}(Object(Laravel\\Lumen\\Http\\Request))
#13 /var/www/html/app/Middleware/CrossMiddleware.php(68): Laravel\\Lumen\\Routing\\Pipeline->Laravel\\Lumen\\Routing\\{closure}(Object(Laravel\\Lumen\\Http\\Request))
#14 /var/www/html/vendor/illuminate/pipeline/Pipeline.php(180): App\\Middleware\\CrossMiddleware->handle(Object(Laravel\\Lumen\\Http\\Request), Object(Closure))
#15 /var/www/html/vendor/laravel/lumen-framework/src/Routing/Pipeline.php(30): Illuminate\\Pipeline\\Pipeline->Illuminate\\Pipeline\\{closure}(Object(Laravel\\Lumen\\Http\\Request))
#16 /var/www/html/vendor/illuminate/pipeline/Pipeline.php(116): Laravel\\Lumen\\Routing\\Pipeline->Laravel\\Lumen\\Routing\\{closure}(Object(Laravel\\Lumen\\Http\\Request))
#17 /var/www/html/vendor/laravel/lumen-framework/src/Concerns/RoutesRequests.php(428): Illuminate\\Pipeline\\Pipeline->then(Object(Closure))
#18 /var/www/html/vendor/laravel/lumen-framework/src/Concerns/RoutesRequests.php(177): Laravel\\Lumen\\Application->sendThroughPipeline(Array, Object(Closure))
#19 /var/www/html/vendor/laravel/lumen-framework/src/Concerns/RoutesRequests.php(112): Laravel\\Lumen\\Application->dispatch(NULL)
#20 /var/www/html/public/index.php(47): Laravel\\Lumen\\Application->run()
#21 {main}
"} 
[2026-09-22 08:50:37] production.ERROR: 验证码有误 {"exception":"[object] (App\\Exceptions\\ErrorException(code: 200): 验证码有误 at /var/www/html/app/Support/helpers.php:89)
[stacktrace]
#0 /var/www/html/modules/Account/Http/Controllers/LoginController.php(68): checkVerifyCode(Object(Laravel\\Lumen\\Http\\Request))
#1 /var/www/html/vendor/illuminate/container/BoundMethod.php(36): Modules\\Account\\Http\\Controllers\\LoginController->login(Object(Laravel\\Lumen\\Http\\Request))
#2 /var/www/html/vendor/illuminate/container/Util.php(41): Illuminate\\Container\\BoundMethod::Illuminate\\Container\\{closure}()
#3 /var/www/html/vendor/illuminate/container/BoundMethod.php(93): Illuminate\\Container\\Util::unwrapIfClosure(Object(Closure))
#4 /var/www/html/vendor/illuminate/container/BoundMethod.php(37): Illuminate\\Container\\BoundMethod::callBoundMethod(Object(Laravel\\Lumen\\Application), Array, Object(Closure))
#5 /var/www/html/vendor/illuminate/container/Container.php(661): Illuminate\\Container\\BoundMethod::call(Object(Laravel\\Lumen\\Application), Array, Array, NULL)
#6 /var/www/html/vendor/laravel/lumen-framework/src/Concerns/RoutesRequests.php(391): Illuminate\\Container\\Container->call(Array, Array)
#7 /var/www/html/vendor/laravel/lumen-framework/src/Concerns/RoutesRequests.php(357): Laravel\\Lumen\\Application->callControllerCallable(Array, Array)
#8 /var/www/html/vendor/laravel/lumen-framework/src/Concerns/RoutesRequests.php(331): Laravel\\Lumen\\Application->callLumenController(Object(Modules\\Account\\Http\\Controllers\\LoginController), 'login', Array)
#9 /var/www/html/vendor/laravel/lumen-framework/src/Concerns/RoutesRequests.php(284): Laravel\\Lumen\\Application->callControllerAction(Array)
#10 /var/www/html/vendor/laravel/lumen-framework/src/Concerns/RoutesRequests.php(269): Laravel\\Lumen\\Application->callActionOnArrayBasedRoute(Array)
#11 /var/www/html/vendor/laravel/lumen-framework/src/Concerns/RoutesRequests.php(171): Laravel\\Lumen\\Application->handleFoundRoute(Array)
#12 /var/www/html/vendor/laravel/lumen-framework/src/Routing/Pipeline.php(48): Laravel\\Lumen\\Application->Laravel\\Lumen\\Concerns\\{closure}(Object(Laravel\\Lumen\\Http\\Request))
#13 /var/www/html/app/Middleware/CrossMiddleware.php(68): Laravel\\Lumen\\Routing\\Pipeline->Laravel\\Lumen\\Routing\\{closure}(Object(Laravel\\Lumen\\Http\\Request))
#14 /var/www/html/vendor/illuminate/pipeline/Pipeline.php(180): App\\Middleware\\CrossMiddleware->handle(Object(Laravel\\Lumen\\Http\\Request), Object(Closure))
#15 /var/www/html/vendor/laravel/lumen-framework/src/Routing/Pipeline.php(30): Illuminate\\Pipeline\\Pipeline->Illuminate\\Pipeline\\{closure}(Object(Laravel\\Lumen\\Http\\Request))
#16 /var/www/html/vendor/illuminate/pipeline/Pipeline.php(116): Laravel\\Lumen\\Routing\\Pipeline->Laravel\\Lumen\\Routing\\{closure}(Object(Laravel\\Lumen\\Http\\Request))
#17 /var/www/html/vendor/laravel/lumen-framework/src/Concerns/RoutesRequests.php(428): Illuminate\\Pipeline\\Pipeline->then(Object(Closure))
#18 /var/www/html/vendor/laravel/lumen-framework/src/Concerns/RoutesRequests.php(177): Laravel\\Lumen\\Application->sendThroughPipeline(Array, Object(Closure))
#19 /var/www/html/vendor/laravel/lumen-framework/src/Concerns/RoutesRequests.php(112): Laravel\\Lumen\\Application->dispatch(NULL)
#20 /var/www/html/public/index.php(47): Laravel\\Lumen\\Application->run()
#21 {main}
"} 
[2026-09-22 08:50:37] production.ERROR: 验证码有误 {"exception":"[object] (App\\Exceptions\\ErrorException(code: 200): 验证码有误 at /var/www/html/app/Support/helpers.php:89)
[stacktrace]
#0 /var/www/html/modules/Account/Http/Controllers/LoginController.php(68): checkVerifyCode(Object(Laravel\\Lumen\\Http\\Request))
#1 /var/www/html/vendor/illuminate/container/BoundMethod.php(36): Modules\\Account\\Http\\Controllers\\LoginController->login(Object(Laravel\\Lumen\\Http\\Request))
#2 /var/www/html/vendor/illuminate/container/Util.php(41): Illuminate\\Container\\BoundMethod::Illuminate\\Container\\{closure}()
#3 /var/www/html/vendor/illuminate/container/BoundMethod.php(93): Illuminate\\Container\\Util::unwrapIfClosure(Object(Closure))
#4 /var/www/html/vendor/illuminate/container/BoundMethod.php(37): Illuminate\\Container\\BoundMethod::callBoundMethod(Object(Laravel\\Lumen\\Application), Array, Object(Closure))
#5 /var/www/html/vendor/illuminate/container/Container.php(661): Illuminate\\Container\\BoundMethod::call(Object(Laravel\\Lumen\\Application), Array, Array, NULL)
#6 /var/www/html/vendor/laravel/lumen-framework/src/Concerns/RoutesRequests.php(391): Illuminate\\Container\\Container->call(Array, Array)
#7 /var/www/html/vendor/laravel/lumen-framework/src/Concerns/RoutesRequests.php(357): Laravel\\Lumen\\Application->callControllerCallable(Array, Array)
#8 /var/www/html/vendor/laravel/lumen-framework/src/Concerns/RoutesRequests.php(331): Laravel\\Lumen\\Application->callLumenController(Object(Modules\\Account\\Http\\Controllers\\LoginController), 'login', Array)
#9 /var/www/html/vendor/laravel/lumen-framework/src/Concerns/RoutesRequests.php(284): Laravel\\Lumen\\Application->callControllerAction(Array)
#10 /var/www/html/vendor/laravel/lumen-framework/src/Concerns/RoutesRequests.php(269): Laravel\\Lumen\\Application->callActionOnArrayBasedRoute(Array)
#11 /var/www/html/vendor/laravel/lumen-framework/src/Concerns/RoutesRequests.php(171): Laravel\\Lumen\\Application->handleFoundRoute(Array)
#12 /var/www/html/vendor/laravel/lumen-framework/src/Routing/Pipeline.php(48): Laravel\\Lumen\\Application->Laravel\\Lumen\\Concerns\\{closure}(Object(Laravel\\Lumen\\Http\\Request))
#13 /var/www/html/app/Middleware/CrossMiddleware.php(68): Laravel\\Lumen\\Routing\\Pipeline->Laravel\\Lumen\\Routing\\{closure}(Object(Laravel\\Lumen\\Http\\Request))
#14 /var/www/html/vendor/illuminate/pipeline/Pipeline.php(180): App\\Middleware\\CrossMiddleware->handle(Object(Laravel\\Lumen\\Http\\Request), Object(Closure))
#15 /var/www/html/vendor/laravel/lumen-framework/src/Routing/Pipeline.php(30): Illuminate\\Pipeline\\Pipeline->Illuminate\\Pipeline\\{closure}(Object(Laravel\\Lumen\\Http\\Request))
#16 /var/www/html/vendor/illuminate/pipeline/Pipeline.php(116): Laravel\\Lumen\\Routing\\Pipeline->Laravel\\Lumen\\Routing\\{closure}(Object(Laravel\\Lumen\\Http\\Request))
#17 /var/www/html/vendor/laravel/lumen-framework/src/Concerns/RoutesRequests.php(428): Illuminate\\Pipeline\\Pipeline->then(Object(Closure))
#18 /var/www/html/vendor/laravel/lumen-framework/src/Concerns/RoutesRequests.php(177): Laravel\\Lumen\\Application->sendThroughPipeline(Array, Object(Closure))
#19 /var/www/html/vendor/laravel/lumen-framework/src/Concerns/RoutesRequests.php(112): Laravel\\Lumen\\Application->dispatch(NULL)
#20 /var/www/html/public/index.php(47): Laravel\\Lumen\\Application->run()
#21 {main}
"} 
[2026-09-22 08:50:37] production.ERROR: 验证码有误 {"exception":"[object] (App\\Exceptions\\ErrorException(code: 200): 验证码有误 at /var/www/html/app/Support/helpers.php:89)
[stacktrace]
#0 /var/www/html/modules/Account/Http/Controllers/LoginController.php(68): checkVerifyCode(Object(Laravel\\Lumen\\Http\\Request))
#1 /var/www/html/vendor/illuminate/container/BoundMethod.php(36): Modules\\Account\\Http\\Controllers\\LoginController->login(Object(Laravel\\Lumen\\Http\\Request))
#2 /var/www/html/vendor/illuminate/container/Util.php(41): Illuminate\\Container\\BoundMethod::Illuminate\\Container\\{closure}()
#3 /var/www/html/vendor/illuminate/container/BoundMethod.php(93): Illuminate\\Container\\Util::unwrapIfClosure(Object(Closure))
#4 /var/www/html/vendor/illuminate/container/BoundMethod.php(37): Illuminate\\Container\\BoundMethod::callBoundMethod(Object(Laravel\\Lumen\\Application), Array, Object(Closure))
#5 /var/www/html/vendor/illuminate/container/Container.php(661): Illuminate\\Container\\BoundMethod::call(Object(Laravel\\Lumen\\Application), Array, Array, NULL)
#6 /var/www/html/vendor/laravel/lumen-framework/src/Concerns/RoutesRequests.php(391): Illuminate\\Container\\Container->call(Array, Array)
#7 /var/www/html/vendor/laravel/lumen-framework/src/Concerns/RoutesRequests.php(357): Laravel\\Lumen\\Application->callControllerCallable(Array, Array)
#8 /var/www/html/vendor/laravel/lumen-framework/src/Concerns/RoutesRequests.php(331): Laravel\\Lumen\\Application->callLumenController(Object(Modules\\Account\\Http\\Controllers\\LoginController), 'login', Array)
#9 /var/www/html/vendor/laravel/lumen-framework/src/Concerns/RoutesRequests.php(284): Laravel\\Lumen\\Application->callControllerAction(Array)
#10 /var/www/html/vendor/laravel/lumen-framework/src/Concerns/RoutesRequests.php(269): Laravel\\Lumen\\Application->callActionOnArrayBasedRoute(Array)
#11 /var/www/html/vendor/laravel/lumen-framework/src/Concerns/RoutesRequests.php(171): Laravel\\Lumen\\Application->handleFoundRoute(Array)
#12 /var/www/html/vendor/laravel/lumen-framework/src/Routing/Pipeline.php(48): Laravel\\Lumen\\Application->Laravel\\Lumen\\Concerns\\{closure}(Object(Laravel\\Lumen\\Http\\Request))
#13 /var/www/html/app/Middleware/CrossMiddleware.php(68): Laravel\\Lumen\\Routing\\Pipeline->Laravel\\Lumen\\Routing\\{closure}(Object(Laravel\\Lumen\\Http\\Request))
#14 /var/www/html/vendor/illuminate/pipeline/Pipeline.php(180): App\\Middleware\\CrossMiddleware->handle(Object(Laravel\\Lumen\\Http\\Request), Object(Closure))
#15 /var/www/html/vendor/laravel/lumen-framework/src/Routing/Pipeline.php(30): Illuminate\\Pipeline\\Pipeline->Illuminate\\Pipeline\\{closure}(Object(Laravel\\Lumen\\Http\\Request))
#16 /var/www/html/vendor/illuminate/pipeline/Pipeline.php(116): Laravel\\Lumen\\Routing\\Pipeline->Laravel\\Lumen\\Routing\\{closure}(Object(Laravel\\Lumen\\Http\\Request))
#17 /var/www/html/vendor/laravel/lumen-framework/src/Concerns/RoutesRequests.php(428): Illuminate\\Pipeline\\Pipeline->then(Object(Closure))
#18 /var/www/html/vendor/laravel/lumen-framework/src/Concerns/RoutesRequests.php(177): Laravel\\Lumen\\Application->sendThroughPipeline(Array, Object(Closure))
#19 /var/www/html/vendor/laravel/lumen-framework/src/Concerns/RoutesRequests.php(112): Laravel\\Lumen\\Application->dispatch(NULL)
#20 /var/www/html/public/index.php(47): Laravel\\Lumen\\Application->run()
#21 {main}
"} 
[2026-09-22 08:50:37] production.ERROR: 验证码有误 {"exception":"[object] (App\\Exceptions\\ErrorException(code: 200): 验证码有误 at /var/www/html/app/Support/helpers.php:75)
[stacktrace]
#0 /var/www/html/modules/Account/Http/Controllers/LoginController.php(68): checkVerifyCode(Object(Laravel\\Lumen\\Http\\Request))
#1 /var/www/html/vendor/illuminate/container/BoundMethod.php(36): Modules\\Account\\Http\\Controllers\\LoginController->login(Object(Laravel\\Lumen\\Http\\Request))
#2 /var/www/html/vendor/illuminate/container/Util.php(41): Illuminate\\Container\\BoundMethod::Illuminate\\Container\\{closure}()
#3 /var/www/html/vendor/illuminate/container/BoundMethod.php(93): Illuminate\\Container\\Util::unwrapIfClosure(Object(Closure))
#4 /var/www/html/vendor/illuminate/container/BoundMethod.php(37): Illuminate\\Container\\BoundMethod::callBoundMethod(Object(Laravel\\Lumen\\Application), Array, Object(Closure))
#5 /var/www/html/vendor/illuminate/container/Container.php(661): Illuminate\\Container\\BoundMethod::call(Object(Laravel\\Lumen\\Application), Array, Array, NULL)
#6 /var/www/html/vendor/laravel/lumen-framework/src/Concerns/RoutesRequests.php(391): Illuminate\\Container\\Container->call(Array, Array)
#7 /var/www/html/vendor/laravel/lumen-framework/src/Concerns/RoutesRequests.php(357): Laravel\\Lumen\\Application->callControllerCallable(Array, Array)
#8 /var/www/html/vendor/laravel/lumen-framework/src/Concerns/RoutesRequests.php(331): Laravel\\Lumen\\Application->callLumenController(Object(Modules\\Account\\Http\\Controllers\\LoginController), 'login', Array)
#9 /var/www/html/vendor/laravel/lumen-framework/src/Concerns/RoutesRequests.php(284): Laravel\\Lumen\\Application->callControllerAction(Array)
#10 /var/www/html/vendor/laravel/lumen-framework/src/Concerns/RoutesRequests.php(269): Laravel\\Lumen\\Application->callActionOnArrayBasedRoute(Array)
#11 /var/www/html/vendor/laravel/lumen-framework/src/Concerns/RoutesRequests.php(171): Laravel\\Lumen\\Application->handleFoundRoute(Array)
#12 /var/www/html/vendor/laravel/lumen-framework/src/Routing/Pipeline.php(48): Laravel\\Lumen\\Application->Laravel\\Lumen\\Concerns\\{closure}(Object(Laravel\\Lumen\\Http\\Request))
#13 /var/www/html/app/Middleware/CrossMiddleware.php(68): Laravel\\Lumen\\Routing\\Pipeline->Laravel\\Lumen\\Routing\\{closure}(Object(Laravel\\Lumen\\Http\\Request))
#14 /var/www/html/vendor/illuminate/pipeline/Pipeline.php(180): App\\Middleware\\CrossMiddleware->handle(Object(Laravel\\Lumen\\Http\\Request), Object(Closure))
#15 /var/www/html/vendor/laravel/lumen-framework/src/Routing/Pipeline.php(30): Illuminate\\Pipeline\\Pipeline->Illuminate\\Pipeline\\{closure}(Object(Laravel\\Lumen\\Http\\Request))
#16 /var/www/html/vendor/illuminate/pipeline/Pipeline.php(116): Laravel\\Lumen\\Routing\\Pipeline->Laravel\\Lumen\\Routing\\{closure}(Object(Laravel\\Lumen\\Http\\Request))
#17 /var/www/html/vendor/laravel/lumen-framework/src/Concerns/RoutesRequests.php(428): Illuminate\\Pipeline\\Pipeline->then(Object(Closure))
#18 /var/www/html/vendor/laravel/lumen-framework/src/Concerns/RoutesRequests.php(177): Laravel\\Lumen\\Application->sendThroughPipeline(Array, Object(Closure))
#19 /var/www/html/vendor/laravel/lumen-framework/src/Concerns/RoutesRequests.php(112): Laravel\\Lumen\\Application->dispatch(NULL)
#20 /var/www/html/public/index.php(47): Laravel\\Lumen\\Application->run()
#21 {main}
"} 
[2026-09-22 08:50:47] production.ERROR: 验证码有误 {"exception":"[object] (App\\Exceptions\\ErrorException(code: 200): 验证码有误 at /var/www/html/app/Support/helpers.php:89)
[stacktrace]
#0 /var/www/html/modules/Account/Http/Controllers/LoginController.php(68): checkVerifyCode(Object(Laravel\\Lumen\\Http\\Request))
#1 /var/www/html/vendor/illuminate/container/BoundMethod.php(36): Modules\\Account\\Http\\Controllers\\LoginController->login(Object(Laravel\\Lumen\\Http\\Request))
#2 /var/www/html/vendor/illuminate/container/Util.php(41): Illuminate\\Container\\BoundMethod::Illuminate\\Container\\{closure}()
#3 /var/www/html/vendor/illuminate/container/BoundMethod.php(93): Illuminate\\Container\\Util::unwrapIfClosure(Object(Closure))
#4 /var/www/html/vendor/illuminate/container/BoundMethod.php(37): Illuminate\\Container\\BoundMethod::callBoundMethod(Object(Laravel\\Lumen\\Application), Array, Object(Closure))
#5 /var/www/html/vendor/illuminate/container/Container.php(661): Illuminate\\Container\\BoundMethod::call(Object(Laravel\\Lumen\\Application), Array, Array, NULL)
#6 /var/www/html/vendor/laravel/lumen-framework/src/Concerns/RoutesRequests.php(391): Illuminate\\Container\\Container->call(Array, Array)
#7 /var/www/html/vendor/laravel/lumen-framework/src/Concerns/RoutesRequests.php(357): Laravel\\Lumen\\Application->callControllerCallable(Array, Array)
#8 /var/www/html/vendor/laravel/lumen-framework/src/Concerns/RoutesRequests.php(331): Laravel\\Lumen\\Application->callLumenController(Object(Modules\\Account\\Http\\Controllers\\LoginController), 'login', Array)
#9 /var/www/html/vendor/laravel/lumen-framework/src/Concerns/RoutesRequests.php(284): Laravel\\Lumen\\Application->callControllerAction(Array)
#10 /var/www/html/vendor/laravel/lumen-framework/src/Concerns/RoutesRequests.php(269): Laravel\\Lumen\\Application->callActionOnArrayBasedRoute(Array)
#11 /var/www/html/vendor/laravel/lumen-framework/src/Concerns/RoutesRequests.php(171): Laravel\\Lumen\\Application->handleFoundRoute(Array)
#12 /var/www/html/vendor/laravel/lumen-framework/src/Routing/Pipeline.php(48): Laravel\\Lumen\\Application->Laravel\\Lumen\\Concerns\\{closure}(Object(Laravel\\Lumen\\Http\\Request))
#13 /var/www/html/app/Middleware/CrossMiddleware.php(68): Laravel\\Lumen\\Routing\\Pipeline->Laravel\\Lumen\\Routing\\{closure}(Object(Laravel\\Lumen\\Http\\Request))
#14 /var/www/html/vendor/illuminate/pipeline/Pipeline.php(180): App\\Middleware\\CrossMiddleware->handle(Object(Laravel\\Lumen\\Http\\Request), Object(Closure))
#15 /var/www/html/vendor/laravel/lumen-framework/src/Routing/Pipeline.php(30): Illuminate\\Pipeline\\Pipeline->Illuminate\\Pipeline\\{closure}(Object(Laravel\\Lumen\\Http\\Request))
#16 /var/www/html/vendor/illuminate/pipeline/Pipeline.php(116): Laravel\\Lumen\\Routing\\Pipeline->Laravel\\Lumen\\Routing\\{closure}(Object(Laravel\\Lumen\\Http\\Request))
#17 /var/www/html/vendor/laravel/lumen-framework/src/Concerns/RoutesRequests.php(428): Illuminate\\Pipeline\\Pipeline->then(Object(Closure))
#18 /var/www/html/vendor/laravel/lumen-framework/src/Concerns/RoutesRequests.php(177): Laravel\\Lumen\\Application->sendThroughPipeline(Array, Object(Closure))
#19 /var/www/html/vendor/laravel/lumen-framework/src/Concerns/RoutesRequests.php(112): Laravel\\Lumen\\Application->dispatch(NULL)
#20 /var/www/html/public/index.php(47): Laravel\\Lumen\\Application->run()
#21 {main}
"} 
[2026-09-22 08:50:47] production.ERROR: 验证码有误 {"exception":"[object] (App\\Exceptions\\ErrorException(code: 200): 验证码有误 at /var/www/html/app/Support/helpers.php:89)
[stacktrace]
#0 /var/www/html/modules/Account/Http/Controllers/LoginController.php(68): checkVerifyCode(Object(Laravel\\Lumen\\Http\\Request))
#1 /var/www/html/vendor/illuminate/container/BoundMethod.php(36): Modules\\Account\\Http\\Controllers\\LoginController->login(Object(Laravel\\Lumen\\Http\\Request))
#2 /var/www/html/vendor/illuminate/container/Util.php(41): Illuminate\\Container\\BoundMethod::Illuminate\\Container\\{closure}()
#3 /var/www/html/vendor/illuminate/container/BoundMethod.php(93): Illuminate\\Container\\Util::unwrapIfClosure(Object(Closure))
#4 /var/www/html/vendor/illuminate/container/BoundMethod.php(37): Illuminate\\Container\\BoundMethod::callBoundMethod(Object(Laravel\\Lumen\\Application), Array, Object(Closure))
#5 /var/www/html/vendor/illuminate/container/Container.php(661): Illuminate\\Container\\BoundMethod::call(Object(Laravel\\Lumen\\Application), Array, Array, NULL)
#6 /var/www/html/vendor/laravel/lumen-framework/src/Concerns/RoutesRequests.php(391): Illuminate\\Container\\Container->call(Array, Array)
#7 /var/www/html/vendor/laravel/lumen-framework/src/Concerns/RoutesRequests.php(357): Laravel\\Lumen\\Application->callControllerCallable(Array, Array)
#8 /var/www/html/vendor/laravel/lumen-framework/src/Concerns/RoutesRequests.php(331): Laravel\\Lumen\\Application->callLumenController(Object(Modules\\Account\\Http\\Controllers\\LoginController), 'login', Array)
#9 /var/www/html/vendor/laravel/lumen-framework/src/Concerns/RoutesRequests.php(284): Laravel\\Lumen\\Application->callControllerAction(Array)
#10 /var/www/html/vendor/laravel/lumen-framework/src/Concerns/RoutesRequests.php(269): Laravel\\Lumen\\Application->callActionOnArrayBasedRoute(Array)
#11 /var/www/html/vendor/laravel/lumen-framework/src/Concerns/RoutesRequests.php(171): Laravel\\Lumen\\Application->handleFoundRoute(Array)
#12 /var/www/html/vendor/laravel/lumen-framework/src/Routing/Pipeline.php(48): Laravel\\Lumen\\Application->Laravel\\Lumen\\Concerns\\{closure}(Object(Laravel\\Lumen\\Http\\Request))
#13 /var/www/html/app/Middleware/CrossMiddleware.php(68): Laravel\\Lumen\\Routing\\Pipeline->Laravel\\Lumen\\Routing\\{closure}(Object(Laravel\\Lumen\\Http\\Request))
#14 /var/www/html/vendor/illuminate/pipeline/Pipeline.php(180): App\\Middleware\\CrossMiddleware->handle(Object(Laravel\\Lumen\\Http\\Request), Object(Closure))
#15 /var/www/html/vendor/laravel/lumen-framework/src/Routing/Pipeline.php(30): Illuminate\\Pipeline\\Pipeline->Illuminate\\Pipeline\\{closure}(Object(Laravel\\Lumen\\Http\\Request))
#16 /var/www/html/vendor/illuminate/pipeline/Pipeline.php(116): Laravel\\Lumen\\Routing\\Pipeline->Laravel\\Lumen\\Routing\\{closure}(Object(Laravel\\Lumen\\Http\\Request))
#17 /var/www/html/vendor/laravel/lumen-framework/src/Concerns/RoutesRequests.php(428): Illuminate\\Pipeline\\Pipeline->then(Object(Closure))
#18 /var/www/html/vendor/laravel/lumen-framework/src/Concerns/RoutesRequests.php(177): Laravel\\Lumen\\Application->sendThroughPipeline(Array, Object(Closure))
#19 /var/www/html/vendor/laravel/lumen-framework/src/Concerns/RoutesRequests.php(112): Laravel\\Lumen\\Application->dispatch(NULL)
#20 /var/www/html/public/index.php(47): Laravel\\Lumen\\Application->run()
#21 {main}
"} 
[2026-09-22 08:50:47] production.ERROR: 验证码有误 {"exception":"[object] (App\\Exceptions\\ErrorException(code: 200): 验证码有误 at /var/www/html/app/Support/helpers.php:89)
[stacktrace]
#0 /var/www/html/modules/Account/Http/Controllers/LoginController.php(68): checkVerifyCode(Object(Laravel\\Lumen\\Http\\Request))
#1 /var/www/html/vendor/illuminate/container/BoundMethod.php(36): Modules\\Account\\Http\\Controllers\\LoginController->login(Object(Laravel\\Lumen\\Http\\Request))
#2 /var/www/html/vendor/illuminate/container/Util.php(41): Illuminate\\Container\\BoundMethod::Illuminate\\Container\\{closure}()
#3 /var/www/html/vendor/illuminate/container/BoundMethod.php(93): Illuminate\\Container\\Util::unwrapIfClosure(Object(Closure))
#4 /var/www/html/vendor/illuminate/container/BoundMethod.php(37): Illuminate\\Container\\BoundMethod::callBoundMethod(Object(Laravel\\Lumen\\Application), Array, Object(Closure))
#5 /var/www/html/vendor/illuminate/container/Container.php(661): Illuminate\\Container\\BoundMethod::call(Object(Laravel\\Lumen\\Application), Array, Array, NULL)
#6 /var/www/html/vendor/laravel/lumen-framework/src/Concerns/RoutesRequests.php(391): Illuminate\\Container\\Container->call(Array, Array)
#7 /var/www/html/vendor/laravel/lumen-framework/src/Concerns/RoutesRequests.php(357): Laravel\\Lumen\\Application->callControllerCallable(Array, Array)
#8 /var/www/html/vendor/laravel/lumen-framework/src/Concerns/RoutesRequests.php(331): Laravel\\Lumen\\Application->callLumenController(Object(Modules\\Account\\Http\\Controllers\\LoginController), 'login', Array)
#9 /var/www/html/vendor/laravel/lumen-framework/src/Concerns/RoutesRequests.php(284): Laravel\\Lumen\\Application->callControllerAction(Array)
#10 /var/www/html/vendor/laravel/lumen-framework/src/Concerns/RoutesRequests.php(269): Laravel\\Lumen\\Application->callActionOnArrayBasedRoute(Array)
#11 /var/www/html/vendor/laravel/lumen-framework/src/Concerns/RoutesRequests.php(171): Laravel\\Lumen\\Application->handleFoundRoute(Array)
#12 /var/www/html/vendor/laravel/lumen-framework/src/Routing/Pipeline.php(48): Laravel\\Lumen\\Application->Laravel\\Lumen\\Concerns\\{closure}(Object(Laravel\\Lumen\\Http\\Request))
#13 /var/www/html/app/Middleware/CrossMiddleware.php(68): Laravel\\Lumen\\Routing\\Pipeline->Laravel\\Lumen\\Routing\\{closure}(Object(Laravel\\Lumen\\Http\\Request))
#14 /var/www/html/vendor/illuminate/pipeline/Pipeline.php(180): App\\Middleware\\CrossMiddleware->handle(Object(Laravel\\Lumen\\Http\\Request), Object(Closure))
#15 /var/www/html/vendor/laravel/lumen-framework/src/Routing/Pipeline.php(30): Illuminate\\Pipeline\\Pipeline->Illuminate\\Pipeline\\{closure}(Object(Laravel\\Lumen\\Http\\Request))
#16 /var/www/html/vendor/illuminate/pipeline/Pipeline.php(116): Laravel\\Lumen\\Routing\\Pipeline->Laravel\\Lumen\\Routing\\{closure}(Object(Laravel\\Lumen\\Http\\Request))
#17 /var/www/html/vendor/laravel/lumen-framework/src/Concerns/RoutesRequests.php(428): Illuminate\\Pipeline\\Pipeline->then(Object(Closure))
#18 /var/www/html/vendor/laravel/lumen-framework/src/Concerns/RoutesRequests.php(177): Laravel\\Lumen\\Application->sendThroughPipeline(Array, Object(Closure))
#19 /var/www/html/vendor/laravel/lumen-framework/src/Concerns/RoutesRequests.php(112): Laravel\\Lumen\\Application->dispatch(NULL)
#20 /var/www/html/public/index.php(47): Laravel\\Lumen\\Application->run()
#21 {main}
"} 
[2026-09-22 08:50:47] production.ERROR: 验证码有误 {"exception":"[object] (App\\Exceptions\\ErrorException(code: 200): 验证码有误 at /var/www/html/app/Support/helpers.php:89)
[stacktrace]
#0 /var/www/html/modules/Account/Http/Controllers/LoginController.php(68): checkVerifyCode(Object(Laravel\\Lumen\\Http\\Request))
#1 /var/www/html/vendor/illuminate/container/BoundMethod.php(36): Modules\\Account\\Http\\Controllers\\LoginController->login(Object(Laravel\\Lumen\\Http\\Request))
#2 /var/www/html/vendor/illuminate/container/Util.php(41): Illuminate\\Container\\BoundMethod::Illuminate\\Container\\{closure}()
#3 /var/www/html/vendor/illuminate/container/BoundMethod.php(93): Illuminate\\Container\\Util::unwrapIfClosure(Object(Closure))
#4 /var/www/html/vendor/illuminate/container/BoundMethod.php(37): Illuminate\\Container\\BoundMethod::callBoundMethod(Object(Laravel\\Lumen\\Application), Array, Object(Closure))
#5 /var/www/html/vendor/illuminate/container/Container.php(661): Illuminate\\Container\\BoundMethod::call(Object(Laravel\\Lumen\\Application), Array, Array, NULL)
#6 /var/www/html/vendor/laravel/lumen-framework/src/Concerns/RoutesRequests.php(391): Illuminate\\Container\\Container->call(Array, Array)
#7 /var/www/html/vendor/laravel/lumen-framework/src/Concerns/RoutesRequests.php(357): Laravel\\Lumen\\Application->callControllerCallable(Array, Array)
#8 /var/www/html/vendor/laravel/lumen-framework/src/Concerns/RoutesRequests.php(331): Laravel\\Lumen\\Application->callLumenController(Object(Modules\\Account\\Http\\Controllers\\LoginController), 'login', Array)
#9 /var/www/html/vendor/laravel/lumen-framework/src/Concerns/RoutesRequests.php(284): Laravel\\Lumen\\Application->callControllerAction(Array)
#10 /var/www/html/vendor/laravel/lumen-framework/src/Concerns/RoutesRequests.php(269): Laravel\\Lumen\\Application->callActionOnArrayBasedRoute(Array)
#11 /var/www/html/vendor/laravel/lumen-framework/src/Concerns/RoutesRequests.php(171): Laravel\\Lumen\\Application->handleFoundRoute(Array)
#12 /var/www/html/vendor/laravel/lumen-framework/src/Routing/Pipeline.php(48): Laravel\\Lumen\\Application->Laravel\\Lumen\\Concerns\\{closure}(Object(Laravel\\Lumen\\Http\\Request))
#13 /var/www/html/app/Middleware/CrossMiddleware.php(68): Laravel\\Lumen\\Routing\\Pipeline->Laravel\\Lumen\\Routing\\{closure}(Object(Laravel\\Lumen\\Http\\Request))
#14 /var/www/html/vendor/illuminate/pipeline/Pipeline.php(180): App\\Middleware\\CrossMiddleware->handle(Object(Laravel\\Lumen\\Http\\Request), Object(Closure))
#15 /var/www/html/vendor/laravel/lumen-framework/src/Routing/Pipeline.php(30): Illuminate\\Pipeline\\Pipeline->Illuminate\\Pipeline\\{closure}(Object(Laravel\\Lumen\\Http\\Request))
#16 /var/www/html/vendor/illuminate/pipeline/Pipeline.php(116): Laravel\\Lumen\\Routing\\Pipeline->Laravel\\Lumen\\Routing\\{closure}(Object(Laravel\\Lumen\\Http\\Request))
#17 /var/www/html/vendor/laravel/lumen-framework/src/Concerns/RoutesRequests.php(428): Illuminate\\Pipeline\\Pipeline->then(Object(Closure))
#18 /var/www/html/vendor/laravel/lumen-framework/src/Concerns/RoutesRequests.php(177): Laravel\\Lumen\\Application->sendThroughPipeline(Array, Object(Closure))
#19 /var/www/html/vendor/laravel/lumen-framework/src/Concerns/RoutesRequests.php(112): Laravel\\Lumen\\Application->dispatch(NULL)
#20 /var/www/html/public/index.php(47): Laravel\\Lumen\\Application->run()
#21 {main}
"} 
[2026-09-22 08:50:47] production.ERROR: 验证码有误 {"exception":"[object] (App\\Exceptions\\ErrorException(code: 200): 验证码有误 at /var/www/html/app/Support/helpers.php:89)
[stacktrace]
#0 /var/www/html/modules/Account/Http/Controllers/LoginController.php(68): checkVerifyCode(Object(Laravel\\Lumen\\Http\\Request))
#1 /var/www/html/vendor/illuminate/container/BoundMethod.php(36): Modules\\Account\\Http\\Controllers\\LoginController->login(Object(Laravel\\Lumen\\Http\\Request))
#2 /var/www/html/vendor/illuminate/container/Util.php(41): Illuminate\\Container\\BoundMethod::Illuminate\\Container\\{closure}()
#3 /var/www/html/vendor/illuminate/container/BoundMethod.php(93): Illuminate\\Container\\Util::unwrapIfClosure(Object(Closure))
#4 /var/www/html/vendor/illuminate/container/BoundMethod.php(37): Illuminate\\Container\\BoundMethod::callBoundMethod(Object(Laravel\\Lumen\\Application), Array, Object(Closure))
#5 /var/www/html/vendor/illuminate/container/Container.php(661): Illuminate\\Container\\BoundMethod::call(Object(Laravel\\Lumen\\Application), Array, Array, NULL)
#6 /var/www/html/vendor/laravel/lumen-framework/src/Concerns/RoutesRequests.php(391): Illuminate\\Container\\Container->call(Array, Array)
#7 /var/www/html/vendor/laravel/lumen-framework/src/Concerns/RoutesRequests.php(357): Laravel\\Lumen\\Application->callControllerCallable(Array, Array)
#8 /var/www/html/vendor/laravel/lumen-framework/src/Concerns/RoutesRequests.php(331): Laravel\\Lumen\\Application->callLumenController(Object(Modules\\Account\\Http\\Controllers\\LoginController), 'login', Array)
#9 /var/www/html/vendor/laravel/lumen-framework/src/Concerns/RoutesRequests.php(284): Laravel\\Lumen\\Application->callControllerAction(Array)
#10 /var/www/html/vendor/laravel/lumen-framework/src/Concerns/RoutesRequests.php(269): Laravel\\Lumen\\Application->callActionOnArrayBasedRoute(Array)
#11 /var/www/html/vendor/laravel/lumen-framework/src/Concerns/RoutesRequests.php(171): Laravel\\Lumen\\Application->handleFoundRoute(Array)
#12 /var/www/html/vendor/laravel/lumen-framework/src/Routing/Pipeline.php(48): Laravel\\Lumen\\Application->Laravel\\Lumen\\Concerns\\{closure}(Object(Laravel\\Lumen\\Http\\Request))
#13 /var/www/html/app/Middleware/CrossMiddleware.php(68): Laravel\\Lumen\\Routing\\Pipeline->Laravel\\Lumen\\Routing\\{closure}(Object(Laravel\\Lumen\\Http\\Request))
#14 /var/www/html/vendor/illuminate/pipeline/Pipeline.php(180): App\\Middleware\\CrossMiddleware->handle(Object(Laravel\\Lumen\\Http\\Request), Object(Closure))
#15 /var/www/html/vendor/laravel/lumen-framework/src/Routing/Pipeline.php(30): Illuminate\\Pipeline\\Pipeline->Illuminate\\Pipeline\\{closure}(Object(Laravel\\Lumen\\Http\\Request))
#16 /var/www/html/vendor/illuminate/pipeline/Pipeline.php(116): Laravel\\Lumen\\Routing\\Pipeline->Laravel\\Lumen\\Routing\\{closure}(Object(Laravel\\Lumen\\Http\\Request))
#17 /var/www/html/vendor/laravel/lumen-framework/src/Concerns/RoutesRequests.php(428): Illuminate\\Pipeline\\Pipeline->then(Object(Closure))
#18 /var/www/html/vendor/laravel/lumen-framework/src/Concerns/RoutesRequests.php(177): Laravel\\Lumen\\Application->sendThroughPipeline(Array, Object(Closure))
#19 /var/www/html/vendor/laravel/lumen-framework/src/Concerns/RoutesRequests.php(112): Laravel\\Lumen\\Application->dispatch(NULL)
#20 /var/www/html/public/index.php(47): Laravel\\Lumen\\Application->run()
#21 {main}
"} 
[2026-09-22 08:50:47] production.ERROR: 验证码有误 {"exception":"[object] (App\\Exceptions\\ErrorException(code: 200): 验证码有误 at /var/www/html/app/Support/helpers.php:75)
[stacktrace]
#0 /var/www/html/modules/Account/Http/Controllers/LoginController.php(68): checkVerifyCode(Object(Laravel\\Lumen\\Http\\Request))
#1 /var/www/html/vendor/illuminate/container/BoundMethod.php(36): Modules\\Account\\Http\\Controllers\\LoginController->login(Object(Laravel\\Lumen\\Http\\Request))
#2 /var/www/html/vendor/illuminate/container/Util.php(41): Illuminate\\Container\\BoundMethod::Illuminate\\Container\\{closure}()
#3 /var/www/html/vendor/illuminate/container/BoundMethod.php(93): Illuminate\\Container\\Util::unwrapIfClosure(Object(Closure))
#4 /var/www/html/vendor/illuminate/container/BoundMethod.php(37): Illuminate\\Container\\BoundMethod::callBoundMethod(Object(Laravel\\Lumen\\Application), Array, Object(Closure))
#5 /var/www/html/vendor/illuminate/container/Container.php(661): Illuminate\\Container\\BoundMethod::call(Object(Laravel\\Lumen\\Application), Array, Array, NULL)
#6 /var/www/html/vendor/laravel/lumen-framework/src/Concerns/RoutesRequests.php(391): Illuminate\\Container\\Container->call(Array, Array)
#7 /var/www/html/vendor/laravel/lumen-framework/src/Concerns/RoutesRequests.php(357): Laravel\\Lumen\\Application->callControllerCallable(Array, Array)
#8 /var/www/html/vendor/laravel/lumen-framework/src/Concerns/RoutesRequests.php(331): Laravel\\Lumen\\Application->callLumenController(Object(Modules\\Account\\Http\\Controllers\\LoginController), 'login', Array)
#9 /var/www/html/vendor/laravel/lumen-framework/src/Concerns/RoutesRequests.php(284): Laravel\\Lumen\\Application->callControllerAction(Array)
#10 /var/www/html/vendor/laravel/lumen-framework/src/Concerns/RoutesRequests.php(269): Laravel\\Lumen\\Application->callActionOnArrayBasedRoute(Array)
#11 /var/www/html/vendor/laravel/lumen-framework/src/Concerns/RoutesRequests.php(171): Laravel\\Lumen\\Application->handleFoundRoute(Array)
#12 /var/www/html/vendor/laravel/lumen-framework/src/Routing/Pipeline.php(48): Laravel\\Lumen\\Application->Laravel\\Lumen\\Concerns\\{closure}(Object(Laravel\\Lumen\\Http\\Request))
#13 /var/www/html/app/Middleware/CrossMiddleware.php(68): Laravel\\Lumen\\Routing\\Pipeline->Laravel\\Lumen\\Routing\\{closure}(Object(Laravel\\Lumen\\Http\\Request))
#14 /var/www/html/vendor/illuminate/pipeline/Pipeline.php(180): App\\Middleware\\CrossMiddleware->handle(Object(Laravel\\Lumen\\Http\\Request), Object(Closure))
#15 /var/www/html/vendor/laravel/lumen-framework/src/Routing/Pipeline.php(30): Illuminate\\Pipeline\\Pipeline->Illuminate\\Pipeline\\{closure}(Object(Laravel\\Lumen\\Http\\Request))
#16 /var/www/html/vendor/illuminate/pipeline/Pipeline.php(116): Laravel\\Lumen\\Routing\\Pipeline->Laravel\\Lumen\\Routing\\{closure}(Object(Laravel\\Lumen\\Http\\Request))
#17 /var/www/html/vendor/laravel/lumen-framework/src/Concerns/RoutesRequests.php(428): Illuminate\\Pipeline\\Pipeline->then(Object(Closure))
#18 /var/www/html/vendor/laravel/lumen-framework/src/Concerns/RoutesRequests.php(177): Laravel\\Lumen\\Application->sendThroughPipeline(Array, Object(Closure))
#19 /var/www/html/vendor/laravel/lumen-framework/src/Concerns/RoutesRequests.php(112): Laravel\\Lumen\\Application->dispatch(NULL)
#20 /var/www/html/public/index.php(47): Laravel\\Lumen\\Application->run()
#21 {main}
"} 
[2026-09-22 08:51:00] production.ERROR: 验证码有误 {"exception":"[object] (App\\Exceptions\\ErrorException(code: 200): 验证码有误 at /var/www/html/app/Support/helpers.php:89)
[stacktrace]
#0 /var/www/html/modules/Account/Http/Controllers/LoginController.php(68): checkVerifyCode(Object(Laravel\\Lumen\\Http\\Request))
#1 /var/www/html/vendor/illuminate/container/BoundMethod.php(36): Modules\\Account\\Http\\Controllers\\LoginController->login(Object(Laravel\\Lumen\\Http\\Request))
#2 /var/www/html/vendor/illuminate/container/Util.php(41): Illuminate\\Container\\BoundMethod::Illuminate\\Container\\{closure}()
#3 /var/www/html/vendor/illuminate/container/BoundMethod.php(93): Illuminate\\Container\\Util::unwrapIfClosure(Object(Closure))
#4 /var/www/html/vendor/illuminate/container/BoundMethod.php(37): Illuminate\\Container\\BoundMethod::callBoundMethod(Object(Laravel\\Lumen\\Application), Array, Object(Closure))
#5 /var/www/html/vendor/illuminate/container/Container.php(661): Illuminate\\Container\\BoundMethod::call(Object(Laravel\\Lumen\\Application), Array, Array, NULL)
#6 /var/www/html/vendor/laravel/lumen-framework/src/Concerns/RoutesRequests.php(391): Illuminate\\Container\\Container->call(Array, Array)
#7 /var/www/html/vendor/laravel/lumen-framework/src/Concerns/RoutesRequests.php(357): Laravel\\Lumen\\Application->callControllerCallable(Array, Array)
#8 /var/www/html/vendor/laravel/lumen-framework/src/Concerns/RoutesRequests.php(331): Laravel\\Lumen\\Application->callLumenController(Object(Modules\\Account\\Http\\Controllers\\LoginController), 'login', Array)
#9 /var/www/html/vendor/laravel/lumen-framework/src/Concerns/RoutesRequests.php(284): Laravel\\Lumen\\Application->callControllerAction(Array)
#10 /var/www/html/vendor/laravel/lumen-framework/src/Concerns/RoutesRequests.php(269): Laravel\\Lumen\\Application->callActionOnArrayBasedRoute(Array)
#11 /var/www/html/vendor/laravel/lumen-framework/src/Concerns/RoutesRequests.php(171): Laravel\\Lumen\\Application->handleFoundRoute(Array)
#12 /var/www/html/vendor/laravel/lumen-framework/src/Routing/Pipeline.php(48): Laravel\\Lumen\\Application->Laravel\\Lumen\\Concerns\\{closure}(Object(Laravel\\Lumen\\Http\\Request))
#13 /var/www/html/app/Middleware/CrossMiddleware.php(68): Laravel\\Lumen\\Routing\\Pipeline->Laravel\\Lumen\\Routing\\{closure}(Object(Laravel\\Lumen\\Http\\Request))
#14 /var/www/html/vendor/illuminate/pipeline/Pipeline.php(180): App\\Middleware\\CrossMiddleware->handle(Object(Laravel\\Lumen\\Http\\Request), Object(Closure))
#15 /var/www/html/vendor/laravel/lumen-framework/src/Routing/Pipeline.php(30): Illuminate\\Pipeline\\Pipeline->Illuminate\\Pipeline\\{closure}(Object(Laravel\\Lumen\\Http\\Request))
#16 /var/www/html/vendor/illuminate/pipeline/Pipeline.php(116): Laravel\\Lumen\\Routing\\Pipeline->Laravel\\Lumen\\Routing\\{closure}(Object(Laravel\\Lumen\\Http\\Request))
#17 /var/www/html/vendor/laravel/lumen-framework/src/Concerns/RoutesRequests.php(428): Illuminate\\Pipeline\\Pipeline->then(Object(Closure))
#18 /var/www/html/vendor/laravel/lumen-framework/src/Concerns/RoutesRequests.php(177): Laravel\\Lumen\\Application->sendThroughPipeline(Array, Object(Closure))
#19 /var/www/html/vendor/laravel/lumen-framework/src/Concerns/RoutesRequests.php(112): Laravel\\Lumen\\Application->dispatch(NULL)
#20 /var/www/html/public/index.php(47): Laravel\\Lumen\\Application->run()
#21 {main}
"} 
[2026-09-22 08:51:00] production.ERROR: 验证码有误 {"exception":"[object] (App\\Exceptions\\ErrorException(code: 200): 验证码有误 at /var/www/html/app/Support/helpers.php:89)
[stacktrace]
#0 /var/www/html/modules/Account/Http/Controllers/LoginController.php(68): checkVerifyCode(Object(Laravel\\Lumen\\Http\\Request))
#1 /var/www/html/vendor/illuminate/container/BoundMethod.php(36): Modules\\Account\\Http\\Controllers\\LoginController->login(Object(Laravel\\Lumen\\Http\\Request))
#2 /var/www/html/vendor/illuminate/container/Util.php(41): Illuminate\\Container\\BoundMethod::Illuminate\\Container\\{closure}()
#3 /var/www/html/vendor/illuminate/container/BoundMethod.php(93): Illuminate\\Container\\Util::unwrapIfClosure(Object(Closure))
#4 /var/www/html/vendor/illuminate/container/BoundMethod.php(37): Illuminate\\Container\\BoundMethod::callBoundMethod(Object(Laravel\\Lumen\\Application), Array, Object(Closure))
#5 /var/www/html/vendor/illuminate/container/Container.php(661): Illuminate\\Container\\BoundMethod::call(Object(Laravel\\Lumen\\Application), Array, Array, NULL)
#6 /var/www/html/vendor/laravel/lumen-framework/src/Concerns/RoutesRequests.php(391): Illuminate\\Container\\Container->call(Array, Array)
#7 /var/www/html/vendor/laravel/lumen-framework/src/Concerns/RoutesRequests.php(357): Laravel\\Lumen\\Application->callControllerCallable(Array, Array)
#8 /var/www/html/vendor/laravel/lumen-framework/src/Concerns/RoutesRequests.php(331): Laravel\\Lumen\\Application->callLumenController(Object(Modules\\Account\\Http\\Controllers\\LoginController), 'login', Array)
#9 /var/www/html/vendor/laravel/lumen-framework/src/Concerns/RoutesRequests.php(284): Laravel\\Lumen\\Application->callControllerAction(Array)
#10 /var/www/html/vendor/laravel/lumen-framework/src/Concerns/RoutesRequests.php(269): Laravel\\Lumen\\Application->callActionOnArrayBasedRoute(Array)
#11 /var/www/html/vendor/laravel/lumen-framework/src/Concerns/RoutesRequests.php(171): Laravel\\Lumen\\Application->handleFoundRoute(Array)
#12 /var/www/html/vendor/laravel/lumen-framework/src/Routing/Pipeline.php(48): Laravel\\Lumen\\Application->Laravel\\Lumen\\Concerns\\{closure}(Object(Laravel\\Lumen\\Http\\Request))
#13 /var/www/html/app/Middleware/CrossMiddleware.php(68): Laravel\\Lumen\\Routing\\Pipeline->Laravel\\Lumen\\Routing\\{closure}(Object(Laravel\\Lumen\\Http\\Request))
#14 /var/www/html/vendor/illuminate/pipeline/Pipeline.php(180): App\\Middleware\\CrossMiddleware->handle(Object(Laravel\\Lumen\\Http\\Request), Object(Closure))
#15 /var/www/html/vendor/laravel/lumen-framework/src/Routing/Pipeline.php(30): Illuminate\\Pipeline\\Pipeline->Illuminate\\Pipeline\\{closure}(Object(Laravel\\Lumen\\Http\\Request))
#16 /var/www/html/vendor/illuminate/pipeline/Pipeline.php(116): Laravel\\Lumen\\Routing\\Pipeline->Laravel\\Lumen\\Routing\\{closure}(Object(Laravel\\Lumen\\Http\\Request))
#17 /var/www/html/vendor/laravel/lumen-framework/src/Concerns/RoutesRequests.php(428): Illuminate\\Pipeline\\Pipeline->then(Object(Closure))
#18 /var/www/html/vendor/laravel/lumen-framework/src/Concerns/RoutesRequests.php(177): Laravel\\Lumen\\Application->sendThroughPipeline(Array, Object(Closure))
#19 /var/www/html/vendor/laravel/lumen-framework/src/Concerns/RoutesRequests.php(112): Laravel\\Lumen\\Application->dispatch(NULL)
#20 /var/www/html/public/index.php(47): Laravel\\Lumen\\Application->run()
#21 {main}
"} 
[2026-09-22 08:51:00] production.ERROR: 验证码有误 {"exception":"[object] (App\\Exceptions\\ErrorException(code: 200): 验证码有误 at /var/www/html/app/Support/helpers.php:89)
[stacktrace]
#0 /var/www/html/modules/Account/Http/Controllers/LoginController.php(68): checkVerifyCode(Object(Laravel\\Lumen\\Http\\Request))
#1 /var/www/html/vendor/illuminate/container/BoundMethod.php(36): Modules\\Account\\Http\\Controllers\\LoginController->login(Object(Laravel\\Lumen\\Http\\Request))
#2 /var/www/html/vendor/illuminate/container/Util.php(41): Illuminate\\Container\\BoundMethod::Illuminate\\Container\\{closure}()
#3 /var/www/html/vendor/illuminate/container/BoundMethod.php(93): Illuminate\\Container\\Util::unwrapIfClosure(Object(Closure))
#4 /var/www/html/vendor/illuminate/container/BoundMethod.php(37): Illuminate\\Container\\BoundMethod::callBoundMethod(Object(Laravel\\Lumen\\Application), Array, Object(Closure))
#5 /var/www/html/vendor/illuminate/container/Container.php(661): Illuminate\\Container\\BoundMethod::call(Object(Laravel\\Lumen\\Application), Array, Array, NULL)
#6 /var/www/html/vendor/laravel/lumen-framework/src/Concerns/RoutesRequests.php(391): Illuminate\\Container\\Container->call(Array, Array)
#7 /var/www/html/vendor/laravel/lumen-framework/src/Concerns/RoutesRequests.php(357): Laravel\\Lumen\\Application->callControllerCallable(Array, Array)
#8 /var/www/html/vendor/laravel/lumen-framework/src/Concerns/RoutesRequests.php(331): Laravel\\Lumen\\Application->callLumenController(Object(Modules\\Account\\Http\\Controllers\\LoginController), 'login', Array)
#9 /var/www/html/vendor/laravel/lumen-framework/src/Concerns/RoutesRequests.php(284): Laravel\\Lumen\\Application->callControllerAction(Array)
#10 /var/www/html/vendor/laravel/lumen-framework/src/Concerns/RoutesRequests.php(269): Laravel\\Lumen\\Application->callActionOnArrayBasedRoute(Array)
#11 /var/www/html/vendor/laravel/lumen-framework/src/Concerns/RoutesRequests.php(171): Laravel\\Lumen\\Application->handleFoundRoute(Array)
#12 /var/www/html/vendor/laravel/lumen-framework/src/Routing/Pipeline.php(48): Laravel\\Lumen\\Application->Laravel\\Lumen\\Concerns\\{closure}(Object(Laravel\\Lumen\\Http\\Request))
#13 /var/www/html/app/Middleware/CrossMiddleware.php(68): Laravel\\Lumen\\Routing\\Pipeline->Laravel\\Lumen\\Routing\\{closure}(Object(Laravel\\Lumen\\Http\\Request))
#14 /var/www/html/vendor/illuminate/pipeline/Pipeline.php(180): App\\Middleware\\CrossMiddleware->handle(Object(Laravel\\Lumen\\Http\\Request), Object(Closure))
#15 /var/www/html/vendor/laravel/lumen-framework/src/Routing/Pipeline.php(30): Illuminate\\Pipeline\\Pipeline->Illuminate\\Pipeline\\{closure}(Object(Laravel\\Lumen\\Http\\Request))
#16 /var/www/html/vendor/illuminate/pipeline/Pipeline.php(116): Laravel\\Lumen\\Routing\\Pipeline->Laravel\\Lumen\\Routing\\{closure}(Object(Laravel\\Lumen\\Http\\Request))
#17 /var/www/html/vendor/laravel/lumen-framework/src/Concerns/RoutesRequests.php(428): Illuminate\\Pipeline\\Pipeline->then(Object(Closure))
#18 /var/www/html/vendor/laravel/lumen-framework/src/Concerns/RoutesRequests.php(177): Laravel\\Lumen\\Application->sendThroughPipeline(Array, Object(Closure))
#19 /var/www/html/vendor/laravel/lumen-framework/src/Concerns/RoutesRequests.php(112): Laravel\\Lumen\\Application->dispatch(NULL)
#20 /var/www/html/public/index.php(47): Laravel\\Lumen\\Application->run()
#21 {main}
"} 
[2026-09-22 08:51:00] production.ERROR: 验证码有误 {"exception":"[object] (App\\Exceptions\\ErrorException(code: 200): 验证码有误 at /var/www/html/app/Support/helpers.php:89)
[stacktrace]
#0 /var/www/html/modules/Account/Http/Controllers/LoginController.php(68): checkVerifyCode(Object(Laravel\\Lumen\\Http\\Request))
#1 /var/www/html/vendor/illuminate/container/BoundMethod.php(36): Modules\\Account\\Http\\Controllers\\LoginController->login(Object(Laravel\\Lumen\\Http\\Request))
#2 /var/www/html/vendor/illuminate/container/Util.php(41): Illuminate\\Container\\BoundMethod::Illuminate\\Container\\{closure}()
#3 /var/www/html/vendor/illuminate/container/BoundMethod.php(93): Illuminate\\Container\\Util::unwrapIfClosure(Object(Closure))
#4 /var/www/html/vendor/illuminate/container/BoundMethod.php(37): Illuminate\\Container\\BoundMethod::callBoundMethod(Object(Laravel\\Lumen\\Application), Array, Object(Closure))
#5 /var/www/html/vendor/illuminate/container/Container.php(661): Illuminate\\Container\\BoundMethod::call(Object(Laravel\\Lumen\\Application), Array, Array, NULL)
#6 /var/www/html/vendor/laravel/lumen-framework/src/Concerns/RoutesRequests.php(391): Illuminate\\Container\\Container->call(Array, Array)
#7 /var/www/html/vendor/laravel/lumen-framework/src/Concerns/RoutesRequests.php(357): Laravel\\Lumen\\Application->callControllerCallable(Array, Array)
#8 /var/www/html/vendor/laravel/lumen-framework/src/Concerns/RoutesRequests.php(331): Laravel\\Lumen\\Application->callLumenController(Object(Modules\\Account\\Http\\Controllers\\LoginController), 'login', Array)
#9 /var/www/html/vendor/laravel/lumen-framework/src/Concerns/RoutesRequests.php(284): Laravel\\Lumen\\Application->callControllerAction(Array)
#10 /var/www/html/vendor/laravel/lumen-framework/src/Concerns/RoutesRequests.php(269): Laravel\\Lumen\\Application->callActionOnArrayBasedRoute(Array)
#11 /var/www/html/vendor/laravel/lumen-framework/src/Concerns/RoutesRequests.php(171): Laravel\\Lumen\\Application->handleFoundRoute(Array)
#12 /var/www/html/vendor/laravel/lumen-framework/src/Routing/Pipeline.php(48): Laravel\\Lumen\\Application->Laravel\\Lumen\\Concerns\\{closure}(Object(Laravel\\Lumen\\Http\\Request))
#13 /var/www/html/app/Middleware/CrossMiddleware.php(68): Laravel\\Lumen\\Routing\\Pipeline->Laravel\\Lumen\\Routing\\{closure}(Object(Laravel\\Lumen\\Http\\Request))
#14 /var/www/html/vendor/illuminate/pipeline/Pipeline.php(180): App\\Middleware\\CrossMiddleware->handle(Object(Laravel\\Lumen\\Http\\Request), Object(Closure))
#15 /var/www/html/vendor/laravel/lumen-framework/src/Routing/Pipeline.php(30): Illuminate\\Pipeline\\Pipeline->Illuminate\\Pipeline\\{closure}(Object(Laravel\\Lumen\\Http\\Request))
#16 /var/www/html/vendor/illuminate/pipeline/Pipeline.php(116): Laravel\\Lumen\\Routing\\Pipeline->Laravel\\Lumen\\Routing\\{closure}(Object(Laravel\\Lumen\\Http\\Request))
#17 /var/www/html/vendor/laravel/lumen-framework/src/Concerns/RoutesRequests.php(428): Illuminate\\Pipeline\\Pipeline->then(Object(Closure))
#18 /var/www/html/vendor/laravel/lumen-framework/src/Concerns/RoutesRequests.php(177): Laravel\\Lumen\\Application->sendThroughPipeline(Array, Object(Closure))
#19 /var/www/html/vendor/laravel/lumen-framework/src/Concerns/RoutesRequests.php(112): Laravel\\Lumen\\Application->dispatch(NULL)
#20 /var/www/html/public/index.php(47): Laravel\\Lumen\\Application->run()
#21 {main}
"} 
[2026-09-22 08:51:00] production.ERROR: 验证码有误 {"exception":"[object] (App\\Exceptions\\ErrorException(code: 200): 验证码有误 at /var/www/html/app/Support/helpers.php:89)
[stacktrace]
#0 /var/www/html/modules/Account/Http/Controllers/LoginController.php(68): checkVerifyCode(Object(Laravel\\Lumen\\Http\\Request))
#1 /var/www/html/vendor/illuminate/container/BoundMethod.php(36): Modules\\Account\\Http\\Controllers\\LoginController->login(Object(Laravel\\Lumen\\Http\\Request))
#2 /var/www/html/vendor/illuminate/container/Util.php(41): Illuminate\\Container\\BoundMethod::Illuminate\\Container\\{closure}()
#3 /var/www/html/vendor/illuminate/container/BoundMethod.php(93): Illuminate\\Container\\Util::unwrapIfClosure(Object(Closure))
#4 /var/www/html/vendor/illuminate/container/BoundMethod.php(37): Illuminate\\Container\\BoundMethod::callBoundMethod(Object(Laravel\\Lumen\\Application), Array, Object(Closure))
#5 /var/www/html/vendor/illuminate/container/Container.php(661): Illuminate\\Container\\BoundMethod::call(Object(Laravel\\Lumen\\Application), Array, Array, NULL)
#6 /var/www/html/vendor/laravel/lumen-framework/src/Concerns/RoutesRequests.php(391): Illuminate\\Container\\Container->call(Array, Array)
#7 /var/www/html/vendor/laravel/lumen-framework/src/Concerns/RoutesRequests.php(357): Laravel\\Lumen\\Application->callControllerCallable(Array, Array)
#8 /var/www/html/vendor/laravel/lumen-framework/src/Concerns/RoutesRequests.php(331): Laravel\\Lumen\\Application->callLumenController(Object(Modules\\Account\\Http\\Controllers\\LoginController), 'login', Array)
#9 /var/www/html/vendor/laravel/lumen-framework/src/Concerns/RoutesRequests.php(284): Laravel\\Lumen\\Application->callControllerAction(Array)
#10 /var/www/html/vendor/laravel/lumen-framework/src/Concerns/RoutesRequests.php(269): Laravel\\Lumen\\Application->callActionOnArrayBasedRoute(Array)
#11 /var/www/html/vendor/laravel/lumen-framework/src/Concerns/RoutesRequests.php(171): Laravel\\Lumen\\Application->handleFoundRoute(Array)
#12 /var/www/html/vendor/laravel/lumen-framework/src/Routing/Pipeline.php(48): Laravel\\Lumen\\Application->Laravel\\Lumen\\Concerns\\{closure}(Object(Laravel\\Lumen\\Http\\Request))
#13 /var/www/html/app/Middleware/CrossMiddleware.php(68): Laravel\\Lumen\\Routing\\Pipeline->Laravel\\Lumen\\Routing\\{closure}(Object(Laravel\\Lumen\\Http\\Request))
#14 /var/www/html/vendor/illuminate/pipeline/Pipeline.php(180): App\\Middleware\\CrossMiddleware->handle(Object(Laravel\\Lumen\\Http\\Request), Object(Closure))
#15 /var/www/html/vendor/laravel/lumen-framework/src/Routing/Pipeline.php(30): Illuminate\\Pipeline\\Pipeline->Illuminate\\Pipeline\\{closure}(Object(Laravel\\Lumen\\Http\\Request))
#16 /var/www/html/vendor/illuminate/pipeline/Pipeline.php(116): Laravel\\Lumen\\Routing\\Pipeline->Laravel\\Lumen\\Routing\\{closure}(Object(Laravel\\Lumen\\Http\\Request))
#17 /var/www/html/vendor/laravel/lumen-framework/src/Concerns/RoutesRequests.php(428): Illuminate\\Pipeline\\Pipeline->then(Object(Closure))
#18 /var/www/html/vendor/laravel/lumen-framework/src/Concerns/RoutesRequests.php(177): Laravel\\Lumen\\Application->sendThroughPipeline(Array, Object(Closure))
#19 /var/www/html/vendor/laravel/lumen-framework/src/Concerns/RoutesRequests.php(112): Laravel\\Lumen\\Application->dispatch(NULL)
#20 /var/www/html/public/index.php(47): Laravel\\Lumen\\Application->run()
#21 {main}
"} 
[2026-09-22 08:51:01] production.ERROR: 验证码有误 {"exception":"[object] (App\\Exceptions\\ErrorException(code: 200): 验证码有误 at /var/www/html/app/Support/helpers.php:75)
[stacktrace]
#0 /var/www/html/modules/Account/Http/Controllers/LoginController.php(68): checkVerifyCode(Object(Laravel\\Lumen\\Http\\Request))
#1 /var/www/html/vendor/illuminate/container/BoundMethod.php(36): Modules\\Account\\Http\\Controllers\\LoginController->login(Object(Laravel\\Lumen\\Http\\Request))
#2 /var/www/html/vendor/illuminate/container/Util.php(41): Illuminate\\Container\\BoundMethod::Illuminate\\Container\\{closure}()
#3 /var/www/html/vendor/illuminate/container/BoundMethod.php(93): Illuminate\\Container\\Util::unwrapIfClosure(Object(Closure))
#4 /var/www/html/vendor/illuminate/container/BoundMethod.php(37): Illuminate\\Container\\BoundMethod::callBoundMethod(Object(Laravel\\Lumen\\Application), Array, Object(Closure))
#5 /var/www/html/vendor/illuminate/container/Container.php(661): Illuminate\\Container\\BoundMethod::call(Object(Laravel\\Lumen\\Application), Array, Array, NULL)
#6 /var/www/html/vendor/laravel/lumen-framework/src/Concerns/RoutesRequests.php(391): Illuminate\\Container\\Container->call(Array, Array)
#7 /var/www/html/vendor/laravel/lumen-framework/src/Concerns/RoutesRequests.php(357): Laravel\\Lumen\\Application->callControllerCallable(Array, Array)
#8 /var/www/html/vendor/laravel/lumen-framework/src/Concerns/RoutesRequests.php(331): Laravel\\Lumen\\Application->callLumenController(Object(Modules\\Account\\Http\\Controllers\\LoginController), 'login', Array)
#9 /var/www/html/vendor/laravel/lumen-framework/src/Concerns/RoutesRequests.php(284): Laravel\\Lumen\\Application->callControllerAction(Array)
#10 /var/www/html/vendor/laravel/lumen-framework/src/Concerns/RoutesRequests.php(269): Laravel\\Lumen\\Application->callActionOnArrayBasedRoute(Array)
#11 /var/www/html/vendor/laravel/lumen-framework/src/Concerns/RoutesRequests.php(171): Laravel\\Lumen\\Application->handleFoundRoute(Array)
#12 /var/www/html/vendor/laravel/lumen-framework/src/Routing/Pipeline.php(48): Laravel\\Lumen\\Application->Laravel\\Lumen\\Concerns\\{closure}(Object(Laravel\\Lumen\\Http\\Request))
#13 /var/www/html/app/Middleware/CrossMiddleware.php(68): Laravel\\Lumen\\Routing\\Pipeline->Laravel\\Lumen\\Routing\\{closure}(Object(Laravel\\Lumen\\Http\\Request))
#14 /var/www/html/vendor/illuminate/pipeline/Pipeline.php(180): App\\Middleware\\CrossMiddleware->handle(Object(Laravel\\Lumen\\Http\\Request), Object(Closure))
#15 /var/www/html/vendor/laravel/lumen-framework/src/Routing/Pipeline.php(30): Illuminate\\Pipeline\\Pipeline->Illuminate\\Pipeline\\{closure}(Object(Laravel\\Lumen\\Http\\Request))
#16 /var/www/html/vendor/illuminate/pipeline/Pipeline.php(116): Laravel\\Lumen\\Routing\\Pipeline->Laravel\\Lumen\\Routing\\{closure}(Object(Laravel\\Lumen\\Http\\Request))
#17 /var/www/html/vendor/laravel/lumen-framework/src/Concerns/RoutesRequests.php(428): Illuminate\\Pipeline\\Pipeline->then(Object(Closure))
#18 /var/www/html/vendor/laravel/lumen-framework/src/Concerns/RoutesRequests.php(177): Laravel\\Lumen\\Application->sendThroughPipeline(Array, Object(Closure))
#19 /var/www/html/vendor/laravel/lumen-framework/src/Concerns/RoutesRequests.php(112): Laravel\\Lumen\\Application->dispatch(NULL)
#20 /var/www/html/public/index.php(47): Laravel\\Lumen\\Application->run()
#21 {main}
"} 
[2026-09-22 08:51:02] production.ERROR: 验证码有误 {"exception":"[object] (App\\Exceptions\\ErrorException(code: 200): 验证码有误 at /var/www/html/app/Support/helpers.php:89)
[stacktrace]
#0 /var/www/html/modules/Account/Http/Controllers/LoginController.php(68): checkVerifyCode(Object(Laravel\\Lumen\\Http\\Request))
#1 /var/www/html/vendor/illuminate/container/BoundMethod.php(36): Modules\\Account\\Http\\Controllers\\LoginController->login(Object(Laravel\\Lumen\\Http\\Request))
#2 /var/www/html/vendor/illuminate/container/Util.php(41): Illuminate\\Container\\BoundMethod::Illuminate\\Container\\{closure}()
#3 /var/www/html/vendor/illuminate/container/BoundMethod.php(93): Illuminate\\Container\\Util::unwrapIfClosure(Object(Closure))
#4 /var/www/html/vendor/illuminate/container/BoundMethod.php(37): Illuminate\\Container\\BoundMethod::callBoundMethod(Object(Laravel\\Lumen\\Application), Array, Object(Closure))
#5 /var/www/html/vendor/illuminate/container/Container.php(661): Illuminate\\Container\\BoundMethod::call(Object(Laravel\\Lumen\\Application), Array, Array, NULL)
#6 /var/www/html/vendor/laravel/lumen-framework/src/Concerns/RoutesRequests.php(391): Illuminate\\Container\\Container->call(Array, Array)
#7 /var/www/html/vendor/laravel/lumen-framework/src/Concerns/RoutesRequests.php(357): Laravel\\Lumen\\Application->callControllerCallable(Array, Array)
#8 /var/www/html/vendor/laravel/lumen-framework/src/Concerns/RoutesRequests.php(331): Laravel\\Lumen\\Application->callLumenController(Object(Modules\\Account\\Http\\Controllers\\LoginController), 'login', Array)
#9 /var/www/html/vendor/laravel/lumen-framework/src/Concerns/RoutesRequests.php(284): Laravel\\Lumen\\Application->callControllerAction(Array)
#10 /var/www/html/vendor/laravel/lumen-framework/src/Concerns/RoutesRequests.php(269): Laravel\\Lumen\\Application->callActionOnArrayBasedRoute(Array)
#11 /var/www/html/vendor/laravel/lumen-framework/src/Concerns/RoutesRequests.php(171): Laravel\\Lumen\\Application->handleFoundRoute(Array)
#12 /var/www/html/vendor/laravel/lumen-framework/src/Routing/Pipeline.php(48): Laravel\\Lumen\\Application->Laravel\\Lumen\\Concerns\\{closure}(Object(Laravel\\Lumen\\Http\\Request))
#13 /var/www/html/app/Middleware/CrossMiddleware.php(68): Laravel\\Lumen\\Routing\\Pipeline->Laravel\\Lumen\\Routing\\{closure}(Object(Laravel\\Lumen\\Http\\Request))
#14 /var/www/html/vendor/illuminate/pipeline/Pipeline.php(180): App\\Middleware\\CrossMiddleware->handle(Object(Laravel\\Lumen\\Http\\Request), Object(Closure))
#15 /var/www/html/vendor/laravel/lumen-framework/src/Routing/Pipeline.php(30): Illuminate\\Pipeline\\Pipeline->Illuminate\\Pipeline\\{closure}(Object(Laravel\\Lumen\\Http\\Request))
#16 /var/www/html/vendor/illuminate/pipeline/Pipeline.php(116): Laravel\\Lumen\\Routing\\Pipeline->Laravel\\Lumen\\Routing\\{closure}(Object(Laravel\\Lumen\\Http\\Request))
#17 /var/www/html/vendor/laravel/lumen-framework/src/Concerns/RoutesRequests.php(428): Illuminate\\Pipeline\\Pipeline->then(Object(Closure))
#18 /var/www/html/vendor/laravel/lumen-framework/src/Concerns/RoutesRequests.php(177): Laravel\\Lumen\\Application->sendThroughPipeline(Array, Object(Closure))
#19 /var/www/html/vendor/laravel/lumen-framework/src/Concerns/RoutesRequests.php(112): Laravel\\Lumen\\Application->dispatch(NULL)
#20 /var/www/html/public/index.php(47): Laravel\\Lumen\\Application->run()
#21 {main}
"} 
[2026-09-22 08:51:10] production.ERROR: 用户不存在 {"exception":"[object] (App\\Exceptions\\ErrorException(code: 200): 用户不存在 at /var/www/html/modules/Account/Services/LoginService.php:86)
[stacktrace]
#0 /var/www/html/modules/Account/Http/Controllers/LoginController.php(70): Modules\\Account\\Services\\LoginService->login(Object(Laravel\\Lumen\\Http\\Request))
#1 /var/www/html/vendor/illuminate/container/BoundMethod.php(36): Modules\\Account\\Http\\Controllers\\LoginController->login(Object(Laravel\\Lumen\\Http\\Request))
#2 /var/www/html/vendor/illuminate/container/Util.php(41): Illuminate\\Container\\BoundMethod::Illuminate\\Container\\{closure}()
#3 /var/www/html/vendor/illuminate/container/BoundMethod.php(93): Illuminate\\Container\\Util::unwrapIfClosure(Object(Closure))
#4 /var/www/html/vendor/illuminate/container/BoundMethod.php(37): Illuminate\\Container\\BoundMethod::callBoundMethod(Object(Laravel\\Lumen\\Application), Array, Object(Closure))
#5 /var/www/html/vendor/illuminate/container/Container.php(661): Illuminate\\Container\\BoundMethod::call(Object(Laravel\\Lumen\\Application), Array, Array, NULL)
#6 /var/www/html/vendor/laravel/lumen-framework/src/Concerns/RoutesRequests.php(391): Illuminate\\Container\\Container->call(Array, Array)
#7 /var/www/html/vendor/laravel/lumen-framework/src/Concerns/RoutesRequests.php(357): Laravel\\Lumen\\Application->callControllerCallable(Array, Array)
#8 /var/www/html/vendor/laravel/lumen-framework/src/Concerns/RoutesRequests.php(331): Laravel\\Lumen\\Application->callLumenController(Object(Modules\\Account\\Http\\Controllers\\LoginController), 'login', Array)
#9 /var/www/html/vendor/laravel/lumen-framework/src/Concerns/RoutesRequests.php(284): Laravel\\Lumen\\Application->callControllerAction(Array)
#10 /var/www/html/vendor/laravel/lumen-framework/src/Concerns/RoutesRequests.php(269): Laravel\\Lumen\\Application->callActionOnArrayBasedRoute(Array)
#11 /var/www/html/vendor/laravel/lumen-framework/src/Concerns/RoutesRequests.php(171): Laravel\\Lumen\\Application->handleFoundRoute(Array)
#12 /var/www/html/vendor/laravel/lumen-framework/src/Routing/Pipeline.php(48): Laravel\\Lumen\\Application->Laravel\\Lumen\\Concerns\\{closure}(Object(Laravel\\Lumen\\Http\\Request))
#13 /var/www/html/app/Middleware/CrossMiddleware.php(68): Laravel\\Lumen\\Routing\\Pipeline->Laravel\\Lumen\\Routing\\{closure}(Object(Laravel\\Lumen\\Http\\Request))
#14 /var/www/html/vendor/illuminate/pipeline/Pipeline.php(180): App\\Middleware\\CrossMiddleware->handle(Object(Laravel\\Lumen\\Http\\Request), Object(Closure))
#15 /var/www/html/vendor/laravel/lumen-framework/src/Routing/Pipeline.php(30): Illuminate\\Pipeline\\Pipeline->Illuminate\\Pipeline\\{closure}(Object(Laravel\\Lumen\\Http\\Request))
#16 /var/www/html/vendor/illuminate/pipeline/Pipeline.php(116): Laravel\\Lumen\\Routing\\Pipeline->Laravel\\Lumen\\Routing\\{closure}(Object(Laravel\\Lumen\\Http\\Request))
#17 /var/www/html/vendor/laravel/lumen-framework/src/Concerns/RoutesRequests.php(428): Illuminate\\Pipeline\\Pipeline->then(Object(Closure))
#18 /var/www/html/vendor/laravel/lumen-framework/src/Concerns/RoutesRequests.php(177): Laravel\\Lumen\\Application->sendThroughPipeline(Array, Object(Closure))
#19 /var/www/html/vendor/laravel/lumen-framework/src/Concerns/RoutesRequests.php(112): Laravel\\Lumen\\Application->dispatch(NULL)
#20 /var/www/html/public/index.php(47): Laravel\\Lumen\\Application->run()
#21 {main}
"} 
[2026-09-22 08:51:11] production.ERROR: 验证码有误 {"exception":"[object] (App\\Exceptions\\ErrorException(code: 200): 验证码有误 at /var/www/html/app/Support/helpers.php:89)
[stacktrace]
#0 /var/www/html/modules/Account/Http/Controllers/LoginController.php(68): checkVerifyCode(Object(Laravel\\Lumen\\Http\\Request))
#1 /var/www/html/vendor/illuminate/container/BoundMethod.php(36): Modules\\Account\\Http\\Controllers\\LoginController->login(Object(Laravel\\Lumen\\Http\\Request))
#2 /var/www/html/vendor/illuminate/container/Util.php(41): Illuminate\\Container\\BoundMethod::Illuminate\\Container\\{closure}()
#3 /var/www/html/vendor/illuminate/container/BoundMethod.php(93): Illuminate\\Container\\Util::unwrapIfClosure(Object(Closure))
#4 /var/www/html/vendor/illuminate/container/BoundMethod.php(37): Illuminate\\Container\\BoundMethod::callBoundMethod(Object(Laravel\\Lumen\\Application), Array, Object(Closure))
#5 /var/www/html/vendor/illuminate/container/Container.php(661): Illuminate\\Container\\BoundMethod::call(Object(Laravel\\Lumen\\Application), Array, Array, NULL)
#6 /var/www/html/vendor/laravel/lumen-framework/src/Concerns/RoutesRequests.php(391): Illuminate\\Container\\Container->call(Array, Array)
#7 /var/www/html/vendor/laravel/lumen-framework/src/Concerns/RoutesRequests.php(357): Laravel\\Lumen\\Application->callControllerCallable(Array, Array)
#8 /var/www/html/vendor/laravel/lumen-framework/src/Concerns/RoutesRequests.php(331): Laravel\\Lumen\\Application->callLumenController(Object(Modules\\Account\\Http\\Controllers\\LoginController), 'login', Array)
#9 /var/www/html/vendor/laravel/lumen-framework/src/Concerns/RoutesRequests.php(284): Laravel\\Lumen\\Application->callControllerAction(Array)
#10 /var/www/html/vendor/laravel/lumen-framework/src/Concerns/RoutesRequests.php(269): Laravel\\Lumen\\Application->callActionOnArrayBasedRoute(Array)
#11 /var/www/html/vendor/laravel/lumen-framework/src/Concerns/RoutesRequests.php(171): Laravel\\Lumen\\Application->handleFoundRoute(Array)
#12 /var/www/html/vendor/laravel/lumen-framework/src/Routing/Pipeline.php(48): Laravel\\Lumen\\Application->Laravel\\Lumen\\Concerns\\{closure}(Object(Laravel\\Lumen\\Http\\Request))
#13 /var/www/html/app/Middleware/CrossMiddleware.php(68): Laravel\\Lumen\\Routing\\Pipeline->Laravel\\Lumen\\Routing\\{closure}(Object(Laravel\\Lumen\\Http\\Request))
#14 /var/www/html/vendor/illuminate/pipeline/Pipeline.php(180): App\\Middleware\\CrossMiddleware->handle(Object(Laravel\\Lumen\\Http\\Request), Object(Closure))
#15 /var/www/html/vendor/laravel/lumen-framework/src/Routing/Pipeline.php(30): Illuminate\\Pipeline\\Pipeline->Illuminate\\Pipeline\\{closure}(Object(Laravel\\Lumen\\Http\\Request))
#16 /var/www/html/vendor/illuminate/pipeline/Pipeline.php(116): Laravel\\Lumen\\Routing\\Pipeline->Laravel\\Lumen\\Routing\\{closure}(Object(Laravel\\Lumen\\Http\\Request))
#17 /var/www/html/vendor/laravel/lumen-framework/src/Concerns/RoutesRequests.php(428): Illuminate\\Pipeline\\Pipeline->then(Object(Closure))
#18 /var/www/html/vendor/laravel/lumen-framework/src/Concerns/RoutesRequests.php(177): Laravel\\Lumen\\Application->sendThroughPipeline(Array, Object(Closure))
#19 /var/www/html/vendor/laravel/lumen-framework/src/Concerns/RoutesRequests.php(112): Laravel\\Lumen\\Application->dispatch(NULL)
#20 /var/www/html/public/index.php(47): Laravel\\Lumen\\Application->run()
#21 {main}
"} 
[2026-09-22 08:51:11] production.ERROR: 验证码有误 {"exception":"[object] (App\\Exceptions\\ErrorException(code: 200): 验证码有误 at /var/www/html/app/Support/helpers.php:89)
[stacktrace]
#0 /var/www/html/modules/Account/Http/Controllers/LoginController.php(68): checkVerifyCode(Object(Laravel\\Lumen\\Http\\Request))
#1 /var/www/html/vendor/illuminate/container/BoundMethod.php(36): Modules\\Account\\Http\\Controllers\\LoginController->login(Object(Laravel\\Lumen\\Http\\Request))
#2 /var/www/html/vendor/illuminate/container/Util.php(41): Illuminate\\Container\\BoundMethod::Illuminate\\Container\\{closure}()
#3 /var/www/html/vendor/illuminate/container/BoundMethod.php(93): Illuminate\\Container\\Util::unwrapIfClosure(Object(Closure))
#4 /var/www/html/vendor/illuminate/container/BoundMethod.php(37): Illuminate\\Container\\BoundMethod::callBoundMethod(Object(Laravel\\Lumen\\Application), Array, Object(Closure))
#5 /var/www/html/vendor/illuminate/container/Container.php(661): Illuminate\\Container\\BoundMethod::call(Object(Laravel\\Lumen\\Application), Array, Array, NULL)
#6 /var/www/html/vendor/laravel/lumen-framework/src/Concerns/RoutesRequests.php(391): Illuminate\\Container\\Container->call(Array, Array)
#7 /var/www/html/vendor/laravel/lumen-framework/src/Concerns/RoutesRequests.php(357): Laravel\\Lumen\\Application->callControllerCallable(Array, Array)
#8 /var/www/html/vendor/laravel/lumen-framework/src/Concerns/RoutesRequests.php(331): Laravel\\Lumen\\Application->callLumenController(Object(Modules\\Account\\Http\\Controllers\\LoginController), 'login', Array)
#9 /var/www/html/vendor/laravel/lumen-framework/src/Concerns/RoutesRequests.php(284): Laravel\\Lumen\\Application->callControllerAction(Array)
#10 /var/www/html/vendor/laravel/lumen-framework/src/Concerns/RoutesRequests.php(269): Laravel\\Lumen\\Application->callActionOnArrayBasedRoute(Array)
#11 /var/www/html/vendor/laravel/lumen-framework/src/Concerns/RoutesRequests.php(171): Laravel\\Lumen\\Application->handleFoundRoute(Array)
#12 /var/www/html/vendor/laravel/lumen-framework/src/Routing/Pipeline.php(48): Laravel\\Lumen\\Application->Laravel\\Lumen\\Concerns\\{closure}(Object(Laravel\\Lumen\\Http\\Request))
#13 /var/www/html/app/Middleware/CrossMiddleware.php(68): Laravel\\Lumen\\Routing\\Pipeline->Laravel\\Lumen\\Routing\\{closure}(Object(Laravel\\Lumen\\Http\\Request))
#14 /var/www/html/vendor/illuminate/pipeline/Pipeline.php(180): App\\Middleware\\CrossMiddleware->handle(Object(Laravel\\Lumen\\Http\\Request), Object(Closure))
#15 /var/www/html/vendor/laravel/lumen-framework/src/Routing/Pipeline.php(30): Illuminate\\Pipeline\\Pipeline->Illuminate\\Pipeline\\{closure}(Object(Laravel\\Lumen\\Http\\Request))
#16 /var/www/html/vendor/illuminate/pipeline/Pipeline.php(116): Laravel\\Lumen\\Routing\\Pipeline->Laravel\\Lumen\\Routing\\{closure}(Object(Laravel\\Lumen\\Http\\Request))
#17 /var/www/html/vendor/laravel/lumen-framework/src/Concerns/RoutesRequests.php(428): Illuminate\\Pipeline\\Pipeline->then(Object(Closure))
#18 /var/www/html/vendor/laravel/lumen-framework/src/Concerns/RoutesRequests.php(177): Laravel\\Lumen\\Application->sendThroughPipeline(Array, Object(Closure))
#19 /var/www/html/vendor/laravel/lumen-framework/src/Concerns/RoutesRequests.php(112): Laravel\\Lumen\\Application->dispatch(NULL)
#20 /var/www/html/public/index.php(47): Laravel\\Lumen\\Application->run()
#21 {main}
"} 
[2026-09-22 08:51:11] production.ERROR: 验证码有误 {"exception":"[object] (App\\Exceptions\\ErrorException(code: 200): 验证码有误 at /var/www/html/app/Support/helpers.php:89)
[stacktrace]
#0 /var/www/html/modules/Account/Http/Controllers/LoginController.php(68): checkVerifyCode(Object(Laravel\\Lumen\\Http\\Request))
#1 /var/www/html/vendor/illuminate/container/BoundMethod.php(36): Modules\\Account\\Http\\Controllers\\LoginController->login(Object(Laravel\\Lumen\\Http\\Request))
#2 /var/www/html/vendor/illuminate/container/Util.php(41): Illuminate\\Container\\BoundMethod::Illuminate\\Container\\{closure}()
#3 /var/www/html/vendor/illuminate/container/BoundMethod.php(93): Illuminate\\Container\\Util::unwrapIfClosure(Object(Closure))
#4 /var/www/html/vendor/illuminate/container/BoundMethod.php(37): Illuminate\\Container\\BoundMethod::callBoundMethod(Object(Laravel\\Lumen\\Application), Array, Object(Closure))
#5 /var/www/html/vendor/illuminate/container/Container.php(661): Illuminate\\Container\\BoundMethod::call(Object(Laravel\\Lumen\\Application), Array, Array, NULL)
#6 /var/www/html/vendor/laravel/lumen-framework/src/Concerns/RoutesRequests.php(391): Illuminate\\Container\\Container->call(Array, Array)
#7 /var/www/html/vendor/laravel/lumen-framework/src/Concerns/RoutesRequests.php(357): Laravel\\Lumen\\Application->callControllerCallable(Array, Array)
#8 /var/www/html/vendor/laravel/lumen-framework/src/Concerns/RoutesRequests.php(331): Laravel\\Lumen\\Application->callLumenController(Object(Modules\\Account\\Http\\Controllers\\LoginController), 'login', Array)
#9 /var/www/html/vendor/laravel/lumen-framework/src/Concerns/RoutesRequests.php(284): Laravel\\Lumen\\Application->callControllerAction(Array)
#10 /var/www/html/vendor/laravel/lumen-framework/src/Concerns/RoutesRequests.php(269): Laravel\\Lumen\\Application->callActionOnArrayBasedRoute(Array)
#11 /var/www/html/vendor/laravel/lumen-framework/src/Concerns/RoutesRequests.php(171): Laravel\\Lumen\\Application->handleFoundRoute(Array)
#12 /var/www/html/vendor/laravel/lumen-framework/src/Routing/Pipeline.php(48): Laravel\\Lumen\\Application->Laravel\\Lumen\\Concerns\\{closure}(Object(Laravel\\Lumen\\Http\\Request))
#13 /var/www/html/app/Middleware/CrossMiddleware.php(68): Laravel\\Lumen\\Routing\\Pipeline->Laravel\\Lumen\\Routing\\{closure}(Object(Laravel\\Lumen\\Http\\Request))
#14 /var/www/html/vendor/illuminate/pipeline/Pipeline.php(180): App\\Middleware\\CrossMiddleware->handle(Object(Laravel\\Lumen\\Http\\Request), Object(Closure))
#15 /var/www/html/vendor/laravel/lumen-framework/src/Routing/Pipeline.php(30): Illuminate\\Pipeline\\Pipeline->Illuminate\\Pipeline\\{closure}(Object(Laravel\\Lumen\\Http\\Request))
#16 /var/www/html/vendor/illuminate/pipeline/Pipeline.php(116): Laravel\\Lumen\\Routing\\Pipeline->Laravel\\Lumen\\Routing\\{closure}(Object(Laravel\\Lumen\\Http\\Request))
#17 /var/www/html/vendor/laravel/lumen-framework/src/Concerns/RoutesRequests.php(428): Illuminate\\Pipeline\\Pipeline->then(Object(Closure))
#18 /var/www/html/vendor/laravel/lumen-framework/src/Concerns/RoutesRequests.php(177): Laravel\\Lumen\\Application->sendThroughPipeline(Array, Object(Closure))
#19 /var/www/html/vendor/laravel/lumen-framework/src/Concerns/RoutesRequests.php(112): Laravel\\Lumen\\Application->dispatch(NULL)
#20 /var/www/html/public/index.php(47): Laravel\\Lumen\\Application->run()
#21 {main}
"} 
[2026-09-22 08:51:11] production.ERROR: 验证码有误 {"exception":"[object] (App\\Exceptions\\ErrorException(code: 200): 验证码有误 at /var/www/html/app/Support/helpers.php:89)
[stacktrace]
#0 /var/www/html/modules/Account/Http/Controllers/LoginController.php(68): checkVerifyCode(Object(Laravel\\Lumen\\Http\\Request))
#1 /var/www/html/vendor/illuminate/container/BoundMethod.php(36): Modules\\Account\\Http\\Controllers\\LoginController->login(Object(Laravel\\Lumen\\Http\\Request))
#2 /var/www/html/vendor/illuminate/container/Util.php(41): Illuminate\\Container\\BoundMethod::Illuminate\\Container\\{closure}()
#3 /var/www/html/vendor/illuminate/container/BoundMethod.php(93): Illuminate\\Container\\Util::unwrapIfClosure(Object(Closure))
#4 /var/www/html/vendor/illuminate/container/BoundMethod.php(37): Illuminate\\Container\\BoundMethod::callBoundMethod(Object(Laravel\\Lumen\\Application), Array, Object(Closure))
#5 /var/www/html/vendor/illuminate/container/Container.php(661): Illuminate\\Container\\BoundMethod::call(Object(Laravel\\Lumen\\Application), Array, Array, NULL)
#6 /var/www/html/vendor/laravel/lumen-framework/src/Concerns/RoutesRequests.php(391): Illuminate\\Container\\Container->call(Array, Array)
#7 /var/www/html/vendor/laravel/lumen-framework/src/Concerns/RoutesRequests.php(357): Laravel\\Lumen\\Application->callControllerCallable(Array, Array)
#8 /var/www/html/vendor/laravel/lumen-framework/src/Concerns/RoutesRequests.php(331): Laravel\\Lumen\\Application->callLumenController(Object(Modules\\Account\\Http\\Controllers\\LoginController), 'login', Array)
#9 /var/www/html/vendor/laravel/lumen-framework/src/Concerns/RoutesRequests.php(284): Laravel\\Lumen\\Application->callControllerAction(Array)
#10 /var/www/html/vendor/laravel/lumen-framework/src/Concerns/RoutesRequests.php(269): Laravel\\Lumen\\Application->callActionOnArrayBasedRoute(Array)
#11 /var/www/html/vendor/laravel/lumen-framework/src/Concerns/RoutesRequests.php(171): Laravel\\Lumen\\Application->handleFoundRoute(Array)
#12 /var/www/html/vendor/laravel/lumen-framework/src/Routing/Pipeline.php(48): Laravel\\Lumen\\Application->Laravel\\Lumen\\Concerns\\{closure}(Object(Laravel\\Lumen\\Http\\Request))
#13 /var/www/html/app/Middleware/CrossMiddleware.php(68): Laravel\\Lumen\\Routing\\Pipeline->Laravel\\Lumen\\Routing\\{closure}(Object(Laravel\\Lumen\\Http\\Request))
#14 /var/www/html/vendor/illuminate/pipeline/Pipeline.php(180): App\\Middleware\\CrossMiddleware->handle(Object(Laravel\\Lumen\\Http\\Request), Object(Closure))
#15 /var/www/html/vendor/laravel/lumen-framework/src/Routing/Pipeline.php(30): Illuminate\\Pipeline\\Pipeline->Illuminate\\Pipeline\\{closure}(Object(Laravel\\Lumen\\Http\\Request))
#16 /var/www/html/vendor/illuminate/pipeline/Pipeline.php(116): Laravel\\Lumen\\Routing\\Pipeline->Laravel\\Lumen\\Routing\\{closure}(Object(Laravel\\Lumen\\Http\\Request))
#17 /var/www/html/vendor/laravel/lumen-framework/src/Concerns/RoutesRequests.php(428): Illuminate\\Pipeline\\Pipeline->then(Object(Closure))
#18 /var/www/html/vendor/laravel/lumen-framework/src/Concerns/RoutesRequests.php(177): Laravel\\Lumen\\Application->sendThroughPipeline(Array, Object(Closure))
#19 /var/www/html/vendor/laravel/lumen-framework/src/Concerns/RoutesRequests.php(112): Laravel\\Lumen\\Application->dispatch(NULL)
#20 /var/www/html/public/index.php(47): Laravel\\Lumen\\Application->run()
#21 {main}
"} 
[2026-09-22 08:51:11] production.ERROR: 验证码有误 {"exception":"[object] (App\\Exceptions\\ErrorException(code: 200): 验证码有误 at /var/www/html/app/Support/helpers.php:89)
[stacktrace]
#0 /var/www/html/modules/Account/Http/Controllers/LoginController.php(68): checkVerifyCode(Object(Laravel\\Lumen\\Http\\Request))
#1 /var/www/html/vendor/illuminate/container/BoundMethod.php(36): Modules\\Account\\Http\\Controllers\\LoginController->login(Object(Laravel\\Lumen\\Http\\Request))
#2 /var/www/html/vendor/illuminate/container/Util.php(41): Illuminate\\Container\\BoundMethod::Illuminate\\Container\\{closure}()
#3 /var/www/html/vendor/illuminate/container/BoundMethod.php(93): Illuminate\\Container\\Util::unwrapIfClosure(Object(Closure))
#4 /var/www/html/vendor/illuminate/container/BoundMethod.php(37): Illuminate\\Container\\BoundMethod::callBoundMethod(Object(Laravel\\Lumen\\Application), Array, Object(Closure))
#5 /var/www/html/vendor/illuminate/container/Container.php(661): Illuminate\\Container\\BoundMethod::call(Object(Laravel\\Lumen\\Application), Array, Array, NULL)
#6 /var/www/html/vendor/laravel/lumen-framework/src/Concerns/RoutesRequests.php(391): Illuminate\\Container\\Container->call(Array, Array)
#7 /var/www/html/vendor/laravel/lumen-framework/src/Concerns/RoutesRequests.php(357): Laravel\\Lumen\\Application->callControllerCallable(Array, Array)
#8 /var/www/html/vendor/laravel/lumen-framework/src/Concerns/RoutesRequests.php(331): Laravel\\Lumen\\Application->callLumenController(Object(Modules\\Account\\Http\\Controllers\\LoginController), 'login', Array)
#9 /var/www/html/vendor/laravel/lumen-framework/src/Concerns/RoutesRequests.php(284): Laravel\\Lumen\\Application->callControllerAction(Array)
#10 /var/www/html/vendor/laravel/lumen-framework/src/Concerns/RoutesRequests.php(269): Laravel\\Lumen\\Application->callActionOnArrayBasedRoute(Array)
#11 /var/www/html/vendor/laravel/lumen-framework/src/Concerns/RoutesRequests.php(171): Laravel\\Lumen\\Application->handleFoundRoute(Array)
#12 /var/www/html/vendor/laravel/lumen-framework/src/Routing/Pipeline.php(48): Laravel\\Lumen\\Application->Laravel\\Lumen\\Concerns\\{closure}(Object(Laravel\\Lumen\\Http\\Request))
#13 /var/www/html/app/Middleware/CrossMiddleware.php(68): Laravel\\Lumen\\Routing\\Pipeline->Laravel\\Lumen\\Routing\\{closure}(Object(Laravel\\Lumen\\Http\\Request))
#14 /var/www/html/vendor/illuminate/pipeline/Pipeline.php(180): App\\Middleware\\CrossMiddleware->handle(Object(Laravel\\Lumen\\Http\\Request), Object(Closure))
#15 /var/www/html/vendor/laravel/lumen-framework/src/Routing/Pipeline.php(30): Illuminate\\Pipeline\\Pipeline->Illuminate\\Pipeline\\{closure}(Object(Laravel\\Lumen\\Http\\Request))
#16 /var/www/html/vendor/illuminate/pipeline/Pipeline.php(116): Laravel\\Lumen\\Routing\\Pipeline->Laravel\\Lumen\\Routing\\{closure}(Object(Laravel\\Lumen\\Http\\Request))
#17 /var/www/html/vendor/laravel/lumen-framework/src/Concerns/RoutesRequests.php(428): Illuminate\\Pipeline\\Pipeline->then(Object(Closure))
#18 /var/www/html/vendor/laravel/lumen-framework/src/Concerns/RoutesRequests.php(177): Laravel\\Lumen\\Application->sendThroughPipeline(Array, Object(Closure))
#19 /var/www/html/vendor/laravel/lumen-framework/src/Concerns/RoutesRequests.php(112): Laravel\\Lumen\\Application->dispatch(NULL)
#20 /var/www/html/public/index.php(47): Laravel\\Lumen\\Application->run()
#21 {main}
"} 
[2026-09-22 08:51:11] production.ERROR: 用户不存在 {"exception":"[object] (App\\Exceptions\\ErrorException(code: 200): 用户不存在 at /var/www/html/modules/Account/Services/LoginService.php:86)
[stacktrace]
#0 /var/www/html/modules/Account/Http/Controllers/LoginController.php(70): Modules\\Account\\Services\\LoginService->login(Object(Laravel\\Lumen\\Http\\Request))
#1 /var/www/html/vendor/illuminate/container/BoundMethod.php(36): Modules\\Account\\Http\\Controllers\\LoginController->login(Object(Laravel\\Lumen\\Http\\Request))
#2 /var/www/html/vendor/illuminate/container/Util.php(41): Illuminate\\Container\\BoundMethod::Illuminate\\Container\\{closure}()
#3 /var/www/html/vendor/illuminate/container/BoundMethod.php(93): Illuminate\\Container\\Util::unwrapIfClosure(Object(Closure))
#4 /var/www/html/vendor/illuminate/container/BoundMethod.php(37): Illuminate\\Container\\BoundMethod::callBoundMethod(Object(Laravel\\Lumen\\Application), Array, Object(Closure))
#5 /var/www/html/vendor/illuminate/container/Container.php(661): Illuminate\\Container\\BoundMethod::call(Object(Laravel\\Lumen\\Application), Array, Array, NULL)
#6 /var/www/html/vendor/laravel/lumen-framework/src/Concerns/RoutesRequests.php(391): Illuminate\\Container\\Container->call(Array, Array)
#7 /var/www/html/vendor/laravel/lumen-framework/src/Concerns/RoutesRequests.php(357): Laravel\\Lumen\\Application->callControllerCallable(Array, Array)
#8 /var/www/html/vendor/laravel/lumen-framework/src/Concerns/RoutesRequests.php(331): Laravel\\Lumen\\Application->callLumenController(Object(Modules\\Account\\Http\\Controllers\\LoginController), 'login', Array)
#9 /var/www/html/vendor/laravel/lumen-framework/src/Concerns/RoutesRequests.php(284): Laravel\\Lumen\\Application->callControllerAction(Array)
#10 /var/www/html/vendor/laravel/lumen-framework/src/Concerns/RoutesRequests.php(269): Laravel\\Lumen\\Application->callActionOnArrayBasedRoute(Array)
#11 /var/www/html/vendor/laravel/lumen-framework/src/Concerns/RoutesRequests.php(171): Laravel\\Lumen\\Application->handleFoundRoute(Array)
#12 /var/www/html/vendor/laravel/lumen-framework/src/Routing/Pipeline.php(48): Laravel\\Lumen\\Application->Laravel\\Lumen\\Concerns\\{closure}(Object(Laravel\\Lumen\\Http\\Request))
#13 /var/www/html/app/Middleware/CrossMiddleware.php(68): Laravel\\Lumen\\Routing\\Pipeline->Laravel\\Lumen\\Routing\\{closure}(Object(Laravel\\Lumen\\Http\\Request))
#14 /var/www/html/vendor/illuminate/pipeline/Pipeline.php(180): App\\Middleware\\CrossMiddleware->handle(Object(Laravel\\Lumen\\Http\\Request), Object(Closure))
#15 /var/www/html/vendor/laravel/lumen-framework/src/Routing/Pipeline.php(30): Illuminate\\Pipeline\\Pipeline->Illuminate\\Pipeline\\{closure}(Object(Laravel\\Lumen\\Http\\Request))
#16 /var/www/html/vendor/illuminate/pipeline/Pipeline.php(116): Laravel\\Lumen\\Routing\\Pipeline->Laravel\\Lumen\\Routing\\{closure}(Object(Laravel\\Lumen\\Http\\Request))
#17 /var/www/html/vendor/laravel/lumen-framework/src/Concerns/RoutesRequests.php(428): Illuminate\\Pipeline\\Pipeline->then(Object(Closure))
#18 /var/www/html/vendor/laravel/lumen-framework/src/Concerns/RoutesRequests.php(177): Laravel\\Lumen\\Application->sendThroughPipeline(Array, Object(Closure))
#19 /var/www/html/vendor/laravel/lumen-framework/src/Concerns/RoutesRequests.php(112): Laravel\\Lumen\\Application->dispatch(NULL)
#20 /var/www/html/public/index.php(47): Laravel\\Lumen\\Application->run()
#21 {main}
"} 
[2026-09-22 08:51:25] production.ERROR: 用户不存在 {"exception":"[object] (App\\Exceptions\\ErrorException(code: 200): 用户不存在 at /var/www/html/modules/Account/Services/LoginService.php:86)
[stacktrace]
#0 /var/www/html/modules/Account/Http/Controllers/LoginController.php(70): Modules\\Account\\Services\\LoginService->login(Object(Laravel\\Lumen\\Http\\Request))
#1 /var/www/html/vendor/illuminate/container/BoundMethod.php(36): Modules\\Account\\Http\\Controllers\\LoginController->login(Object(Laravel\\Lumen\\Http\\Request))
#2 /var/www/html/vendor/illuminate/container/Util.php(41): Illuminate\\Container\\BoundMethod::Illuminate\\Container\\{closure}()
#3 /var/www/html/vendor/illuminate/container/BoundMethod.php(93): Illuminate\\Container\\Util::unwrapIfClosure(Object(Closure))
#4 /var/www/html/vendor/illuminate/container/BoundMethod.php(37): Illuminate\\Container\\BoundMethod::callBoundMethod(Object(Laravel\\Lumen\\Application), Array, Object(Closure))
#5 /var/www/html/vendor/illuminate/container/Container.php(661): Illuminate\\Container\\BoundMethod::call(Object(Laravel\\Lumen\\Application), Array, Array, NULL)
#6 /var/www/html/vendor/laravel/lumen-framework/src/Concerns/RoutesRequests.php(391): Illuminate\\Container\\Container->call(Array, Array)
#7 /var/www/html/vendor/laravel/lumen-framework/src/Concerns/RoutesRequests.php(357): Laravel\\Lumen\\Application->callControllerCallable(Array, Array)
#8 /var/www/html/vendor/laravel/lumen-framework/src/Concerns/RoutesRequests.php(331): Laravel\\Lumen\\Application->callLumenController(Object(Modules\\Account\\Http\\Controllers\\LoginController), 'login', Array)
#9 /var/www/html/vendor/laravel/lumen-framework/src/Concerns/RoutesRequests.php(284): Laravel\\Lumen\\Application->callControllerAction(Array)
#10 /var/www/html/vendor/laravel/lumen-framework/src/Concerns/RoutesRequests.php(269): Laravel\\Lumen\\Application->callActionOnArrayBasedRoute(Array)
#11 /var/www/html/vendor/laravel/lumen-framework/src/Concerns/RoutesRequests.php(171): Laravel\\Lumen\\Application->handleFoundRoute(Array)
#12 /var/www/html/vendor/laravel/lumen-framework/src/Routing/Pipeline.php(48): Laravel\\Lumen\\Application->Laravel\\Lumen\\Concerns\\{closure}(Object(Laravel\\Lumen\\Http\\Request))
#13 /var/www/html/app/Middleware/CrossMiddleware.php(68): Laravel\\Lumen\\Routing\\Pipeline->Laravel\\Lumen\\Routing\\{closure}(Object(Laravel\\Lumen\\Http\\Request))
#14 /var/www/html/vendor/illuminate/pipeline/Pipeline.php(180): App\\Middleware\\CrossMiddleware->handle(Object(Laravel\\Lumen\\Http\\Request), Object(Closure))
#15 /var/www/html/vendor/laravel/lumen-framework/src/Routing/Pipeline.php(30): Illuminate\\Pipeline\\Pipeline->Illuminate\\Pipeline\\{closure}(Object(Laravel\\Lumen\\Http\\Request))
#16 /var/www/html/vendor/illuminate/pipeline/Pipeline.php(116): Laravel\\Lumen\\Routing\\Pipeline->Laravel\\Lumen\\Routing\\{closure}(Object(Laravel\\Lumen\\Http\\Request))
#17 /var/www/html/vendor/laravel/lumen-framework/src/Concerns/RoutesRequests.php(428): Illuminate\\Pipeline\\Pipeline->then(Object(Closure))
#18 /var/www/html/vendor/laravel/lumen-framework/src/Concerns/RoutesRequests.php(177): Laravel\\Lumen\\Application->sendThroughPipeline(Array, Object(Closure))
#19 /var/www/html/vendor/laravel/lumen-framework/src/Concerns/RoutesRequests.php(112): Laravel\\Lumen\\Application->dispatch(NULL)
#20 /var/www/html/public/index.php(47): Laravel\\Lumen\\Application->run()
#21 {main}
"} 
[2026-09-22 08:51:26] production.ERROR: 验证码有误 {"exception":"[object] (App\\Exceptions\\ErrorException(code: 200): 验证码有误 at /var/www/html/app/Support/helpers.php:89)
[stacktrace]
#0 /var/www/html/modules/Account/Http/Controllers/LoginController.php(68): checkVerifyCode(Object(Laravel\\Lumen\\Http\\Request))
#1 /var/www/html/vendor/illuminate/container/BoundMethod.php(36): Modules\\Account\\Http\\Controllers\\LoginController->login(Object(Laravel\\Lumen\\Http\\Request))
#2 /var/www/html/vendor/illuminate/container/Util.php(41): Illuminate\\Container\\BoundMethod::Illuminate\\Container\\{closure}()
#3 /var/www/html/vendor/illuminate/container/BoundMethod.php(93): Illuminate\\Container\\Util::unwrapIfClosure(Object(Closure))
#4 /var/www/html/vendor/illuminate/container/BoundMethod.php(37): Illuminate\\Container\\BoundMethod::callBoundMethod(Object(Laravel\\Lumen\\Application), Array, Object(Closure))
#5 /var/www/html/vendor/illuminate/container/Container.php(661): Illuminate\\Container\\BoundMethod::call(Object(Laravel\\Lumen\\Application), Array, Array, NULL)
#6 /var/www/html/vendor/laravel/lumen-framework/src/Concerns/RoutesRequests.php(391): Illuminate\\Container\\Container->call(Array, Array)
#7 /var/www/html/vendor/laravel/lumen-framework/src/Concerns/RoutesRequests.php(357): Laravel\\Lumen\\Application->callControllerCallable(Array, Array)
#8 /var/www/html/vendor/laravel/lumen-framework/src/Concerns/RoutesRequests.php(331): Laravel\\Lumen\\Application->callLumenController(Object(Modules\\Account\\Http\\Controllers\\LoginController), 'login', Array)
#9 /var/www/html/vendor/laravel/lumen-framework/src/Concerns/RoutesRequests.php(284): Laravel\\Lumen\\Application->callControllerAction(Array)
#10 /var/www/html/vendor/laravel/lumen-framework/src/Concerns/RoutesRequests.php(269): Laravel\\Lumen\\Application->callActionOnArrayBasedRoute(Array)
#11 /var/www/html/vendor/laravel/lumen-framework/src/Concerns/RoutesRequests.php(171): Laravel\\Lumen\\Application->handleFoundRoute(Array)
#12 /var/www/html/vendor/laravel/lumen-framework/src/Routing/Pipeline.php(48): Laravel\\Lumen\\Application->Laravel\\Lumen\\Concerns\\{closure}(Object(Laravel\\Lumen\\Http\\Request))
#13 /var/www/html/app/Middleware/CrossMiddleware.php(68): Laravel\\Lumen\\Routing\\Pipeline->Laravel\\Lumen\\Routing\\{closure}(Object(Laravel\\Lumen\\Http\\Request))
#14 /var/www/html/vendor/illuminate/pipeline/Pipeline.php(180): App\\Middleware\\CrossMiddleware->handle(Object(Laravel\\Lumen\\Http\\Request), Object(Closure))
#15 /var/www/html/vendor/laravel/lumen-framework/src/Routing/Pipeline.php(30): Illuminate\\Pipeline\\Pipeline->Illuminate\\Pipeline\\{closure}(Object(Laravel\\Lumen\\Http\\Request))
#16 /var/www/html/vendor/illuminate/pipeline/Pipeline.php(116): Laravel\\Lumen\\Routing\\Pipeline->Laravel\\Lumen\\Routing\\{closure}(Object(Laravel\\Lumen\\Http\\Request))
#17 /var/www/html/vendor/laravel/lumen-framework/src/Concerns/RoutesRequests.php(428): Illuminate\\Pipeline\\Pipeline->then(Object(Closure))
#18 /var/www/html/vendor/laravel/lumen-framework/src/Concerns/RoutesRequests.php(177): Laravel\\Lumen\\Application->sendThroughPipeline(Array, Object(Closure))
#19 /var/www/html/vendor/laravel/lumen-framework/src/Concerns/RoutesRequests.php(112): Laravel\\Lumen\\Application->dispatch(NULL)
#20 /var/www/html/public/index.php(47): Laravel\\Lumen\\Application->run()
#21 {main}
"} 
[2026-09-22 08:51:26] production.ERROR: 验证码有误 {"exception":"[object] (App\\Exceptions\\ErrorException(code: 200): 验证码有误 at /var/www/html/app/Support/helpers.php:89)
[stacktrace]
#0 /var/www/html/modules/Account/Http/Controllers/LoginController.php(68): checkVerifyCode(Object(Laravel\\Lumen\\Http\\Request))
#1 /var/www/html/vendor/illuminate/container/BoundMethod.php(36): Modules\\Account\\Http\\Controllers\\LoginController->login(Object(Laravel\\Lumen\\Http\\Request))
#2 /var/www/html/vendor/illuminate/container/Util.php(41): Illuminate\\Container\\BoundMethod::Illuminate\\Container\\{closure}()
#3 /var/www/html/vendor/illuminate/container/BoundMethod.php(93): Illuminate\\Container\\Util::unwrapIfClosure(Object(Closure))
#4 /var/www/html/vendor/illuminate/container/BoundMethod.php(37): Illuminate\\Container\\BoundMethod::callBoundMethod(Object(Laravel\\Lumen\\Application), Array, Object(Closure))
#5 /var/www/html/vendor/illuminate/container/Container.php(661): Illuminate\\Container\\BoundMethod::call(Object(Laravel\\Lumen\\Application), Array, Array, NULL)
#6 /var/www/html/vendor/laravel/lumen-framework/src/Concerns/RoutesRequests.php(391): Illuminate\\Container\\Container->call(Array, Array)
#7 /var/www/html/vendor/laravel/lumen-framework/src/Concerns/RoutesRequests.php(357): Laravel\\Lumen\\Application->callControllerCallable(Array, Array)
#8 /var/www/html/vendor/laravel/lumen-framework/src/Concerns/RoutesRequests.php(331): Laravel\\Lumen\\Application->callLumenController(Object(Modules\\Account\\Http\\Controllers\\LoginController), 'login', Array)
#9 /var/www/html/vendor/laravel/lumen-framework/src/Concerns/RoutesRequests.php(284): Laravel\\Lumen\\Application->callControllerAction(Array)
#10 /var/www/html/vendor/laravel/lumen-framework/src/Concerns/RoutesRequests.php(269): Laravel\\Lumen\\Application->callActionOnArrayBasedRoute(Array)
#11 /var/www/html/vendor/laravel/lumen-framework/src/Concerns/RoutesRequests.php(171): Laravel\\Lumen\\Application->handleFoundRoute(Array)
#12 /var/www/html/vendor/laravel/lumen-framework/src/Routing/Pipeline.php(48): Laravel\\Lumen\\Application->Laravel\\Lumen\\Concerns\\{closure}(Object(Laravel\\Lumen\\Http\\Request))
#13 /var/www/html/app/Middleware/CrossMiddleware.php(68): Laravel\\Lumen\\Routing\\Pipeline->Laravel\\Lumen\\Routing\\{closure}(Object(Laravel\\Lumen\\Http\\Request))
#14 /var/www/html/vendor/illuminate/pipeline/Pipeline.php(180): App\\Middleware\\CrossMiddleware->handle(Object(Laravel\\Lumen\\Http\\Request), Object(Closure))
#15 /var/www/html/vendor/laravel/lumen-framework/src/Routing/Pipeline.php(30): Illuminate\\Pipeline\\Pipeline->Illuminate\\Pipeline\\{closure}(Object(Laravel\\Lumen\\Http\\Request))
#16 /var/www/html/vendor/illuminate/pipeline/Pipeline.php(116): Laravel\\Lumen\\Routing\\Pipeline->Laravel\\Lumen\\Routing\\{closure}(Object(Laravel\\Lumen\\Http\\Request))
#17 /var/www/html/vendor/laravel/lumen-framework/src/Concerns/RoutesRequests.php(428): Illuminate\\Pipeline\\Pipeline->then(Object(Closure))
#18 /var/www/html/vendor/laravel/lumen-framework/src/Concerns/RoutesRequests.php(177): Laravel\\Lumen\\Application->sendThroughPipeline(Array, Object(Closure))
#19 /var/www/html/vendor/laravel/lumen-framework/src/Concerns/RoutesRequests.php(112): Laravel\\Lumen\\Application->dispatch(NULL)
#20 /var/www/html/public/index.php(47): Laravel\\Lumen\\Application->run()
#21 {main}
"} 
[2026-09-22 08:51:26] production.ERROR: 验证码有误 {"exception":"[object] (App\\Exceptions\\ErrorException(code: 200): 验证码有误 at /var/www/html/app/Support/helpers.php:89)
[stacktrace]
#0 /var/www/html/modules/Account/Http/Controllers/LoginController.php(68): checkVerifyCode(Object(Laravel\\Lumen\\Http\\Request))
#1 /var/www/html/vendor/illuminate/container/BoundMethod.php(36): Modules\\Account\\Http\\Controllers\\LoginController->login(Object(Laravel\\Lumen\\Http\\Request))
#2 /var/www/html/vendor/illuminate/container/Util.php(41): Illuminate\\Container\\BoundMethod::Illuminate\\Container\\{closure}()
#3 /var/www/html/vendor/illuminate/container/BoundMethod.php(93): Illuminate\\Container\\Util::unwrapIfClosure(Object(Closure))
#4 /var/www/html/vendor/illuminate/container/BoundMethod.php(37): Illuminate\\Container\\BoundMethod::callBoundMethod(Object(Laravel\\Lumen\\Application), Array, Object(Closure))
#5 /var/www/html/vendor/illuminate/container/Container.php(661): Illuminate\\Container\\BoundMethod::call(Object(Laravel\\Lumen\\Application), Array, Array, NULL)
#6 /var/www/html/vendor/laravel/lumen-framework/src/Concerns/RoutesRequests.php(391): Illuminate\\Container\\Container->call(Array, Array)
#7 /var/www/html/vendor/laravel/lumen-framework/src/Concerns/RoutesRequests.php(357): Laravel\\Lumen\\Application->callControllerCallable(Array, Array)
#8 /var/www/html/vendor/laravel/lumen-framework/src/Concerns/RoutesRequests.php(331): Laravel\\Lumen\\Application->callLumenController(Object(Modules\\Account\\Http\\Controllers\\LoginController), 'login', Array)
#9 /var/www/html/vendor/laravel/lumen-framework/src/Concerns/RoutesRequests.php(284): Laravel\\Lumen\\Application->callControllerAction(Array)
#10 /var/www/html/vendor/laravel/lumen-framework/src/Concerns/RoutesRequests.php(269): Laravel\\Lumen\\Application->callActionOnArrayBasedRoute(Array)
#11 /var/www/html/vendor/laravel/lumen-framework/src/Concerns/RoutesRequests.php(171): Laravel\\Lumen\\Application->handleFoundRoute(Array)
#12 /var/www/html/vendor/laravel/lumen-framework/src/Routing/Pipeline.php(48): Laravel\\Lumen\\Application->Laravel\\Lumen\\Concerns\\{closure}(Object(Laravel\\Lumen\\Http\\Request))
#13 /var/www/html/app/Middleware/CrossMiddleware.php(68): Laravel\\Lumen\\Routing\\Pipeline->Laravel\\Lumen\\Routing\\{closure}(Object(Laravel\\Lumen\\Http\\Request))
#14 /var/www/html/vendor/illuminate/pipeline/Pipeline.php(180): App\\Middleware\\CrossMiddleware->handle(Object(Laravel\\Lumen\\Http\\Request), Object(Closure))
#15 /var/www/html/vendor/laravel/lumen-framework/src/Routing/Pipeline.php(30): Illuminate\\Pipeline\\Pipeline->Illuminate\\Pipeline\\{closure}(Object(Laravel\\Lumen\\Http\\Request))
#16 /var/www/html/vendor/illuminate/pipeline/Pipeline.php(116): Laravel\\Lumen\\Routing\\Pipeline->Laravel\\Lumen\\Routing\\{closure}(Object(Laravel\\Lumen\\Http\\Request))
#17 /var/www/html/vendor/laravel/lumen-framework/src/Concerns/RoutesRequests.php(428): Illuminate\\Pipeline\\Pipeline->then(Object(Closure))
#18 /var/www/html/vendor/laravel/lumen-framework/src/Concerns/RoutesRequests.php(177): Laravel\\Lumen\\Application->sendThroughPipeline(Array, Object(Closure))
#19 /var/www/html/vendor/laravel/lumen-framework/src/Concerns/RoutesRequests.php(112): Laravel\\Lumen\\Application->dispatch(NULL)
#20 /var/www/html/public/index.php(47): Laravel\\Lumen\\Application->run()
#21 {main}
"} 
[2026-09-22 08:51:26] production.ERROR: 验证码有误 {"exception":"[object] (App\\Exceptions\\ErrorException(code: 200): 验证码有误 at /var/www/html/app/Support/helpers.php:89)
[stacktrace]
#0 /var/www/html/modules/Account/Http/Controllers/LoginController.php(68): checkVerifyCode(Object(Laravel\\Lumen\\Http\\Request))
#1 /var/www/html/vendor/illuminate/container/BoundMethod.php(36): Modules\\Account\\Http\\Controllers\\LoginController->login(Object(Laravel\\Lumen\\Http\\Request))
#2 /var/www/html/vendor/illuminate/container/Util.php(41): Illuminate\\Container\\BoundMethod::Illuminate\\Container\\{closure}()
#3 /var/www/html/vendor/illuminate/container/BoundMethod.php(93): Illuminate\\Container\\Util::unwrapIfClosure(Object(Closure))
#4 /var/www/html/vendor/illuminate/container/BoundMethod.php(37): Illuminate\\Container\\BoundMethod::callBoundMethod(Object(Laravel\\Lumen\\Application), Array, Object(Closure))
#5 /var/www/html/vendor/illuminate/container/Container.php(661): Illuminate\\Container\\BoundMethod::call(Object(Laravel\\Lumen\\Application), Array, Array, NULL)
#6 /var/www/html/vendor/laravel/lumen-framework/src/Concerns/RoutesRequests.php(391): Illuminate\\Container\\Container->call(Array, Array)
#7 /var/www/html/vendor/laravel/lumen-framework/src/Concerns/RoutesRequests.php(357): Laravel\\Lumen\\Application->callControllerCallable(Array, Array)
#8 /var/www/html/vendor/laravel/lumen-framework/src/Concerns/RoutesRequests.php(331): Laravel\\Lumen\\Application->callLumenController(Object(Modules\\Account\\Http\\Controllers\\LoginController), 'login', Array)
#9 /var/www/html/vendor/laravel/lumen-framework/src/Concerns/RoutesRequests.php(284): Laravel\\Lumen\\Application->callControllerAction(Array)
#10 /var/www/html/vendor/laravel/lumen-framework/src/Concerns/RoutesRequests.php(269): Laravel\\Lumen\\Application->callActionOnArrayBasedRoute(Array)
#11 /var/www/html/vendor/laravel/lumen-framework/src/Concerns/RoutesRequests.php(171): Laravel\\Lumen\\Application->handleFoundRoute(Array)
#12 /var/www/html/vendor/laravel/lumen-framework/src/Routing/Pipeline.php(48): Laravel\\Lumen\\Application->Laravel\\Lumen\\Concerns\\{closure}(Object(Laravel\\Lumen\\Http\\Request))
#13 /var/www/html/app/Middleware/CrossMiddleware.php(68): Laravel\\Lumen\\Routing\\Pipeline->Laravel\\Lumen\\Routing\\{closure}(Object(Laravel\\Lumen\\Http\\Request))
#14 /var/www/html/vendor/illuminate/pipeline/Pipeline.php(180): App\\Middleware\\CrossMiddleware->handle(Object(Laravel\\Lumen\\Http\\Request), Object(Closure))
#15 /var/www/html/vendor/laravel/lumen-framework/src/Routing/Pipeline.php(30): Illuminate\\Pipeline\\Pipeline->Illuminate\\Pipeline\\{closure}(Object(Laravel\\Lumen\\Http\\Request))
#16 /var/www/html/vendor/illuminate/pipeline/Pipeline.php(116): Laravel\\Lumen\\Routing\\Pipeline->Laravel\\Lumen\\Routing\\{closure}(Object(Laravel\\Lumen\\Http\\Request))
#17 /var/www/html/vendor/laravel/lumen-framework/src/Concerns/RoutesRequests.php(428): Illuminate\\Pipeline\\Pipeline->then(Object(Closure))
#18 /var/www/html/vendor/laravel/lumen-framework/src/Concerns/RoutesRequests.php(177): Laravel\\Lumen\\Application->sendThroughPipeline(Array, Object(Closure))
#19 /var/www/html/vendor/laravel/lumen-framework/src/Concerns/RoutesRequests.php(112): Laravel\\Lumen\\Application->dispatch(NULL)
#20 /var/www/html/public/index.php(47): Laravel\\Lumen\\Application->run()
#21 {main}
"} 
[2026-09-22 08:51:26] production.ERROR: 验证码有误 {"exception":"[object] (App\\Exceptions\\ErrorException(code: 200): 验证码有误 at /var/www/html/app/Support/helpers.php:89)
[stacktrace]
#0 /var/www/html/modules/Account/Http/Controllers/LoginController.php(68): checkVerifyCode(Object(Laravel\\Lumen\\Http\\Request))
#1 /var/www/html/vendor/illuminate/container/BoundMethod.php(36): Modules\\Account\\Http\\Controllers\\LoginController->login(Object(Laravel\\Lumen\\Http\\Request))
#2 /var/www/html/vendor/illuminate/container/Util.php(41): Illuminate\\Container\\BoundMethod::Illuminate\\Container\\{closure}()
#3 /var/www/html/vendor/illuminate/container/BoundMethod.php(93): Illuminate\\Container\\Util::unwrapIfClosure(Object(Closure))
#4 /var/www/html/vendor/illuminate/container/BoundMethod.php(37): Illuminate\\Container\\BoundMethod::callBoundMethod(Object(Laravel\\Lumen\\Application), Array, Object(Closure))
#5 /var/www/html/vendor/illuminate/container/Container.php(661): Illuminate\\Container\\BoundMethod::call(Object(Laravel\\Lumen\\Application), Array, Array, NULL)
#6 /var/www/html/vendor/laravel/lumen-framework/src/Concerns/RoutesRequests.php(391): Illuminate\\Container\\Container->call(Array, Array)
#7 /var/www/html/vendor/laravel/lumen-framework/src/Concerns/RoutesRequests.php(357): Laravel\\Lumen\\Application->callControllerCallable(Array, Array)
#8 /var/www/html/vendor/laravel/lumen-framework/src/Concerns/RoutesRequests.php(331): Laravel\\Lumen\\Application->callLumenController(Object(Modules\\Account\\Http\\Controllers\\LoginController), 'login', Array)
#9 /var/www/html/vendor/laravel/lumen-framework/src/Concerns/RoutesRequests.php(284): Laravel\\Lumen\\Application->callControllerAction(Array)
#10 /var/www/html/vendor/laravel/lumen-framework/src/Concerns/RoutesRequests.php(269): Laravel\\Lumen\\Application->callActionOnArrayBasedRoute(Array)
#11 /var/www/html/vendor/laravel/lumen-framework/src/Concerns/RoutesRequests.php(171): Laravel\\Lumen\\Application->handleFoundRoute(Array)
#12 /var/www/html/vendor/laravel/lumen-framework/src/Routing/Pipeline.php(48): Laravel\\Lumen\\Application->Laravel\\Lumen\\Concerns\\{closure}(Object(Laravel\\Lumen\\Http\\Request))
#13 /var/www/html/app/Middleware/CrossMiddleware.php(68): Laravel\\Lumen\\Routing\\Pipeline->Laravel\\Lumen\\Routing\\{closure}(Object(Laravel\\Lumen\\Http\\Request))
#14 /var/www/html/vendor/illuminate/pipeline/Pipeline.php(180): App\\Middleware\\CrossMiddleware->handle(Object(Laravel\\Lumen\\Http\\Request), Object(Closure))
#15 /var/www/html/vendor/laravel/lumen-framework/src/Routing/Pipeline.php(30): Illuminate\\Pipeline\\Pipeline->Illuminate\\Pipeline\\{closure}(Object(Laravel\\Lumen\\Http\\Request))
#16 /var/www/html/vendor/illuminate/pipeline/Pipeline.php(116): Laravel\\Lumen\\Routing\\Pipeline->Laravel\\Lumen\\Routing\\{closure}(Object(Laravel\\Lumen\\Http\\Request))
#17 /var/www/html/vendor/laravel/lumen-framework/src/Concerns/RoutesRequests.php(428): Illuminate\\Pipeline\\Pipeline->then(Object(Closure))
#18 /var/www/html/vendor/laravel/lumen-framework/src/Concerns/RoutesRequests.php(177): Laravel\\Lumen\\Application->sendThroughPipeline(Array, Object(Closure))
#19 /var/www/html/vendor/laravel/lumen-framework/src/Concerns/RoutesRequests.php(112): Laravel\\Lumen\\Application->dispatch(NULL)
#20 /var/www/html/public/index.php(47): Laravel\\Lumen\\Application->run()
#21 {main}
"} 
[2026-09-22 08:51:26] production.ERROR: 验证码有误 {"exception":"[object] (App\\Exceptions\\ErrorException(code: 200): 验证码有误 at /var/www/html/app/Support/helpers.php:75)
[stacktrace]
#0 /var/www/html/modules/Account/Http/Controllers/LoginController.php(68): checkVerifyCode(Object(Laravel\\Lumen\\Http\\Request))
#1 /var/www/html/vendor/illuminate/container/BoundMethod.php(36): Modules\\Account\\Http\\Controllers\\LoginController->login(Object(Laravel\\Lumen\\Http\\Request))
#2 /var/www/html/vendor/illuminate/container/Util.php(41): Illuminate\\Container\\BoundMethod::Illuminate\\Container\\{closure}()
#3 /var/www/html/vendor/illuminate/container/BoundMethod.php(93): Illuminate\\Container\\Util::unwrapIfClosure(Object(Closure))
#4 /var/www/html/vendor/illuminate/container/BoundMethod.php(37): Illuminate\\Container\\BoundMethod::callBoundMethod(Object(Laravel\\Lumen\\Application), Array, Object(Closure))
#5 /var/www/html/vendor/illuminate/container/Container.php(661): Illuminate\\Container\\BoundMethod::call(Object(Laravel\\Lumen\\Application), Array, Array, NULL)
#6 /var/www/html/vendor/laravel/lumen-framework/src/Concerns/RoutesRequests.php(391): Illuminate\\Container\\Container->call(Array, Array)
#7 /var/www/html/vendor/laravel/lumen-framework/src/Concerns/RoutesRequests.php(357): Laravel\\Lumen\\Application->callControllerCallable(Array, Array)
#8 /var/www/html/vendor/laravel/lumen-framework/src/Concerns/RoutesRequests.php(331): Laravel\\Lumen\\Application->callLumenController(Object(Modules\\Account\\Http\\Controllers\\LoginController), 'login', Array)
#9 /var/www/html/vendor/laravel/lumen-framework/src/Concerns/RoutesRequests.php(284): Laravel\\Lumen\\Application->callControllerAction(Array)
#10 /var/www/html/vendor/laravel/lumen-framework/src/Concerns/RoutesRequests.php(269): Laravel\\Lumen\\Application->callActionOnArrayBasedRoute(Array)
#11 /var/www/html/vendor/laravel/lumen-framework/src/Concerns/RoutesRequests.php(171): Laravel\\Lumen\\Application->handleFoundRoute(Array)
#12 /var/www/html/vendor/laravel/lumen-framework/src/Routing/Pipeline.php(48): Laravel\\Lumen\\Application->Laravel\\Lumen\\Concerns\\{closure}(Object(Laravel\\Lumen\\Http\\Request))
#13 /var/www/html/app/Middleware/CrossMiddleware.php(68): Laravel\\Lumen\\Routing\\Pipeline->Laravel\\Lumen\\Routing\\{closure}(Object(Laravel\\Lumen\\Http\\Request))
#14 /var/www/html/vendor/illuminate/pipeline/Pipeline.php(180): App\\Middleware\\CrossMiddleware->handle(Object(Laravel\\Lumen\\Http\\Request), Object(Closure))
#15 /var/www/html/vendor/laravel/lumen-framework/src/Routing/Pipeline.php(30): Illuminate\\Pipeline\\Pipeline->Illuminate\\Pipeline\\{closure}(Object(Laravel\\Lumen\\Http\\Request))
#16 /var/www/html/vendor/illuminate/pipeline/Pipeline.php(116): Laravel\\Lumen\\Routing\\Pipeline->Laravel\\Lumen\\Routing\\{closure}(Object(Laravel\\Lumen\\Http\\Request))
#17 /var/www/html/vendor/laravel/lumen-framework/src/Concerns/RoutesRequests.php(428): Illuminate\\Pipeline\\Pipeline->then(Object(Closure))
#18 /var/www/html/vendor/laravel/lumen-framework/src/Concerns/RoutesRequests.php(177): Laravel\\Lumen\\Application->sendThroughPipeline(Array, Object(Closure))
#19 /var/www/html/vendor/laravel/lumen-framework/src/Concerns/RoutesRequests.php(112): Laravel\\Lumen\\Application->dispatch(NULL)
#20 /var/www/html/public/index.php(47): Laravel\\Lumen\\Application->run()
#21 {main}
"} 
[2026-09-22 09:41:43] production.ERROR: 用户不存在 {"exception":"[object] (App\\Exceptions\\ErrorException(code: 200): 用户不存在 at /var/www/html/modules/Account/Services/LoginService.php:86)
[stacktrace]
#0 /var/www/html/modules/Account/Http/Controllers/LoginController.php(70): Modules\\Account\\Services\\LoginService->login(Object(Laravel\\Lumen\\Http\\Request))
#1 /var/www/html/vendor/illuminate/container/BoundMethod.php(36): Modules\\Account\\Http\\Controllers\\LoginController->login(Object(Laravel\\Lumen\\Http\\Request))
#2 /var/www/html/vendor/illuminate/container/Util.php(41): Illuminate\\Container\\BoundMethod::Illuminate\\Container\\{closure}()
#3 /var/www/html/vendor/illuminate/container/BoundMethod.php(93): Illuminate\\Container\\Util::unwrapIfClosure(Object(Closure))
#4 /var/www/html/vendor/illuminate/container/BoundMethod.php(37): Illuminate\\Container\\BoundMethod::callBoundMethod(Object(Laravel\\Lumen\\Application), Array, Object(Closure))
#5 /var/www/html/vendor/illuminate/container/Container.php(661): Illuminate\\Container\\BoundMethod::call(Object(Laravel\\Lumen\\Application), Array, Array, NULL)
#6 /var/www/html/vendor/laravel/lumen-framework/src/Concerns/RoutesRequests.php(391): Illuminate\\Container\\Container->call(Array, Array)
#7 /var/www/html/vendor/laravel/lumen-framework/src/Concerns/RoutesRequests.php(357): Laravel\\Lumen\\Application->callControllerCallable(Array, Array)
#8 /var/www/html/vendor/laravel/lumen-framework/src/Concerns/RoutesRequests.php(331): Laravel\\Lumen\\Application->callLumenController(Object(Modules\\Account\\Http\\Controllers\\LoginController), 'login', Array)
#9 /var/www/html/vendor/laravel/lumen-framework/src/Concerns/RoutesRequests.php(284): Laravel\\Lumen\\Application->callControllerAction(Array)
#10 /var/www/html/vendor/laravel/lumen-framework/src/Concerns/RoutesRequests.php(269): Laravel\\Lumen\\Application->callActionOnArrayBasedRoute(Array)
#11 /var/www/html/vendor/laravel/lumen-framework/src/Concerns/RoutesRequests.php(171): Laravel\\Lumen\\Application->handleFoundRoute(Array)
#12 /var/www/html/vendor/laravel/lumen-framework/src/Routing/Pipeline.php(48): Laravel\\Lumen\\Application->Laravel\\Lumen\\Concerns\\{closure}(Object(Laravel\\Lumen\\Http\\Request))
#13 /var/www/html/app/Middleware/CrossMiddleware.php(68): Laravel\\Lumen\\Routing\\Pipeline->Laravel\\Lumen\\Routing\\{closure}(Object(Laravel\\Lumen\\Http\\Request))
#14 /var/www/html/vendor/illuminate/pipeline/Pipeline.php(180): App\\Middleware\\CrossMiddleware->handle(Object(Laravel\\Lumen\\Http\\Request), Object(Closure))
#15 /var/www/html/vendor/laravel/lumen-framework/src/Routing/Pipeline.php(30): Illuminate\\Pipeline\\Pipeline->Illuminate\\Pipeline\\{closure}(Object(Laravel\\Lumen\\Http\\Request))
#16 /var/www/html/vendor/illuminate/pipeline/Pipeline.php(116): Laravel\\Lumen\\Routing\\Pipeline->Laravel\\Lumen\\Routing\\{closure}(Object(Laravel\\Lumen\\Http\\Request))
#17 /var/www/html/vendor/laravel/lumen-framework/src/Concerns/RoutesRequests.php(428): Illuminate\\Pipeline\\Pipeline->then(Object(Closure))
#18 /var/www/html/vendor/laravel/lumen-framework/src/Concerns/RoutesRequests.php(177): Laravel\\Lumen\\Application->sendThroughPipeline(Array, Object(Closure))
#19 /var/www/html/vendor/laravel/lumen-framework/src/Concerns/RoutesRequests.php(112): Laravel\\Lumen\\Application->dispatch(NULL)
#20 /var/www/html/public/index.php(47): Laravel\\Lumen\\Application->run()
#21 {main}
"} 
[2026-09-22 09:41:44] production.ERROR: 验证码有误 {"exception":"[object] (App\\Exceptions\\ErrorException(code: 200): 验证码有误 at /var/www/html/app/Support/helpers.php:89)
[stacktrace]
#0 /var/www/html/modules/Account/Http/Controllers/LoginController.php(68): checkVerifyCode(Object(Laravel\\Lumen\\Http\\Request))
#1 /var/www/html/vendor/illuminate/container/BoundMethod.php(36): Modules\\Account\\Http\\Controllers\\LoginController->login(Object(Laravel\\Lumen\\Http\\Request))
#2 /var/www/html/vendor/illuminate/container/Util.php(41): Illuminate\\Container\\BoundMethod::Illuminate\\Container\\{closure}()
#3 /var/www/html/vendor/illuminate/container/BoundMethod.php(93): Illuminate\\Container\\Util::unwrapIfClosure(Object(Closure))
#4 /var/www/html/vendor/illuminate/container/BoundMethod.php(37): Illuminate\\Container\\BoundMethod::callBoundMethod(Object(Laravel\\Lumen\\Application), Array, Object(Closure))
#5 /var/www/html/vendor/illuminate/container/Container.php(661): Illuminate\\Container\\BoundMethod::call(Object(Laravel\\Lumen\\Application), Array, Array, NULL)
#6 /var/www/html/vendor/laravel/lumen-framework/src/Concerns/RoutesRequests.php(391): Illuminate\\Container\\Container->call(Array, Array)
#7 /var/www/html/vendor/laravel/lumen-framework/src/Concerns/RoutesRequests.php(357): Laravel\\Lumen\\Application->callControllerCallable(Array, Array)
#8 /var/www/html/vendor/laravel/lumen-framework/src/Concerns/RoutesRequests.php(331): Laravel\\Lumen\\Application->callLumenController(Object(Modules\\Account\\Http\\Controllers\\LoginController), 'login', Array)
#9 /var/www/html/vendor/laravel/lumen-framework/src/Concerns/RoutesRequests.php(284): Laravel\\Lumen\\Application->callControllerAction(Array)
#10 /var/www/html/vendor/laravel/lumen-framework/src/Concerns/RoutesRequests.php(269): Laravel\\Lumen\\Application->callActionOnArrayBasedRoute(Array)
#11 /var/www/html/vendor/laravel/lumen-framework/src/Concerns/RoutesRequests.php(171): Laravel\\Lumen\\Application->handleFoundRoute(Array)
#12 /var/www/html/vendor/laravel/lumen-framework/src/Routing/Pipeline.php(48): Laravel\\Lumen\\Application->Laravel\\Lumen\\Concerns\\{closure}(Object(Laravel\\Lumen\\Http\\Request))
#13 /var/www/html/app/Middleware/CrossMiddleware.php(68): Laravel\\Lumen\\Routing\\Pipeline->Laravel\\Lumen\\Routing\\{closure}(Object(Laravel\\Lumen\\Http\\Request))
#14 /var/www/html/vendor/illuminate/pipeline/Pipeline.php(180): App\\Middleware\\CrossMiddleware->handle(Object(Laravel\\Lumen\\Http\\Request), Object(Closure))
#15 /var/www/html/vendor/laravel/lumen-framework/src/Routing/Pipeline.php(30): Illuminate\\Pipeline\\Pipeline->Illuminate\\Pipeline\\{closure}(Object(Laravel\\Lumen\\Http\\Request))
#16 /var/www/html/vendor/illuminate/pipeline/Pipeline.php(116): Laravel\\Lumen\\Routing\\Pipeline->Laravel\\Lumen\\Routing\\{closure}(Object(Laravel\\Lumen\\Http\\Request))
#17 /var/www/html/vendor/laravel/lumen-framework/src/Concerns/RoutesRequests.php(428): Illuminate\\Pipeline\\Pipeline->then(Object(Closure))
#18 /var/www/html/vendor/laravel/lumen-framework/src/Concerns/RoutesRequests.php(177): Laravel\\Lumen\\Application->sendThroughPipeline(Array, Object(Closure))
#19 /var/www/html/vendor/laravel/lumen-framework/src/Concerns/RoutesRequests.php(112): Laravel\\Lumen\\Application->dispatch(NULL)
#20 /var/www/html/public/index.php(47): Laravel\\Lumen\\Application->run()
#21 {main}
"} 
[2026-09-22 09:41:44] production.ERROR: 验证码有误 {"exception":"[object] (App\\Exceptions\\ErrorException(code: 200): 验证码有误 at /var/www/html/app/Support/helpers.php:89)
[stacktrace]
#0 /var/www/html/modules/Account/Http/Controllers/LoginController.php(68): checkVerifyCode(Object(Laravel\\Lumen\\Http\\Request))
#1 /var/www/html/vendor/illuminate/container/BoundMethod.php(36): Modules\\Account\\Http\\Controllers\\LoginController->login(Object(Laravel\\Lumen\\Http\\Request))
#2 /var/www/html/vendor/illuminate/container/Util.php(41): Illuminate\\Container\\BoundMethod::Illuminate\\Container\\{closure}()
#3 /var/www/html/vendor/illuminate/container/BoundMethod.php(93): Illuminate\\Container\\Util::unwrapIfClosure(Object(Closure))
#4 /var/www/html/vendor/illuminate/container/BoundMethod.php(37): Illuminate\\Container\\BoundMethod::callBoundMethod(Object(Laravel\\Lumen\\Application), Array, Object(Closure))
#5 /var/www/html/vendor/illuminate/container/Container.php(661): Illuminate\\Container\\BoundMethod::call(Object(Laravel\\Lumen\\Application), Array, Array, NULL)
#6 /var/www/html/vendor/laravel/lumen-framework/src/Concerns/RoutesRequests.php(391): Illuminate\\Container\\Container->call(Array, Array)
#7 /var/www/html/vendor/laravel/lumen-framework/src/Concerns/RoutesRequests.php(357): Laravel\\Lumen\\Application->callControllerCallable(Array, Array)
#8 /var/www/html/vendor/laravel/lumen-framework/src/Concerns/RoutesRequests.php(331): Laravel\\Lumen\\Application->callLumenController(Object(Modules\\Account\\Http\\Controllers\\LoginController), 'login', Array)
#9 /var/www/html/vendor/laravel/lumen-framework/src/Concerns/RoutesRequests.php(284): Laravel\\Lumen\\Application->callControllerAction(Array)
#10 /var/www/html/vendor/laravel/lumen-framework/src/Concerns/RoutesRequests.php(269): Laravel\\Lumen\\Application->callActionOnArrayBasedRoute(Array)
#11 /var/www/html/vendor/laravel/lumen-framework/src/Concerns/RoutesRequests.php(171): Laravel\\Lumen\\Application->handleFoundRoute(Array)
#12 /var/www/html/vendor/laravel/lumen-framework/src/Routing/Pipeline.php(48): Laravel\\Lumen\\Application->Laravel\\Lumen\\Concerns\\{closure}(Object(Laravel\\Lumen\\Http\\Request))
#13 /var/www/html/app/Middleware/CrossMiddleware.php(68): Laravel\\Lumen\\Routing\\Pipeline->Laravel\\Lumen\\Routing\\{closure}(Object(Laravel\\Lumen\\Http\\Request))
#14 /var/www/html/vendor/illuminate/pipeline/Pipeline.php(180): App\\Middleware\\CrossMiddleware->handle(Object(Laravel\\Lumen\\Http\\Request), Object(Closure))
#15 /var/www/html/vendor/laravel/lumen-framework/src/Routing/Pipeline.php(30): Illuminate\\Pipeline\\Pipeline->Illuminate\\Pipeline\\{closure}(Object(Laravel\\Lumen\\Http\\Request))
#16 /var/www/html/vendor/illuminate/pipeline/Pipeline.php(116): Laravel\\Lumen\\Routing\\Pipeline->Laravel\\Lumen\\Routing\\{closure}(Object(Laravel\\Lumen\\Http\\Request))
#17 /var/www/html/vendor/laravel/lumen-framework/src/Concerns/RoutesRequests.php(428): Illuminate\\Pipeline\\Pipeline->then(Object(Closure))
#18 /var/www/html/vendor/laravel/lumen-framework/src/Concerns/RoutesRequests.php(177): Laravel\\Lumen\\Application->sendThroughPipeline(Array, Object(Closure))
#19 /var/www/html/vendor/laravel/lumen-framework/src/Concerns/RoutesRequests.php(112): Laravel\\Lumen\\Application->dispatch(NULL)
#20 /var/www/html/public/index.php(47): Laravel\\Lumen\\Application->run()
#21 {main}
"} 
[2026-09-22 09:41:44] production.ERROR: 验证码有误 {"exception":"[object] (App\\Exceptions\\ErrorException(code: 200): 验证码有误 at /var/www/html/app/Support/helpers.php:89)
[stacktrace]
#0 /var/www/html/modules/Account/Http/Controllers/LoginController.php(68): checkVerifyCode(Object(Laravel\\Lumen\\Http\\Request))
#1 /var/www/html/vendor/illuminate/container/BoundMethod.php(36): Modules\\Account\\Http\\Controllers\\LoginController->login(Object(Laravel\\Lumen\\Http\\Request))
#2 /var/www/html/vendor/illuminate/container/Util.php(41): Illuminate\\Container\\BoundMethod::Illuminate\\Container\\{closure}()
#3 /var/www/html/vendor/illuminate/container/BoundMethod.php(93): Illuminate\\Container\\Util::unwrapIfClosure(Object(Closure))
#4 /var/www/html/vendor/illuminate/container/BoundMethod.php(37): Illuminate\\Container\\BoundMethod::callBoundMethod(Object(Laravel\\Lumen\\Application), Array, Object(Closure))
#5 /var/www/html/vendor/illuminate/container/Container.php(661): Illuminate\\Container\\BoundMethod::call(Object(Laravel\\Lumen\\Application), Array, Array, NULL)
#6 /var/www/html/vendor/laravel/lumen-framework/src/Concerns/RoutesRequests.php(391): Illuminate\\Container\\Container->call(Array, Array)
#7 /var/www/html/vendor/laravel/lumen-framework/src/Concerns/RoutesRequests.php(357): Laravel\\Lumen\\Application->callControllerCallable(Array, Array)
#8 /var/www/html/vendor/laravel/lumen-framework/src/Concerns/RoutesRequests.php(331): Laravel\\Lumen\\Application->callLumenController(Object(Modules\\Account\\Http\\Controllers\\LoginController), 'login', Array)
#9 /var/www/html/vendor/laravel/lumen-framework/src/Concerns/RoutesRequests.php(284): Laravel\\Lumen\\Application->callControllerAction(Array)
#10 /var/www/html/vendor/laravel/lumen-framework/src/Concerns/RoutesRequests.php(269): Laravel\\Lumen\\Application->callActionOnArrayBasedRoute(Array)
#11 /var/www/html/vendor/laravel/lumen-framework/src/Concerns/RoutesRequests.php(171): Laravel\\Lumen\\Application->handleFoundRoute(Array)
#12 /var/www/html/vendor/laravel/lumen-framework/src/Routing/Pipeline.php(48): Laravel\\Lumen\\Application->Laravel\\Lumen\\Concerns\\{closure}(Object(Laravel\\Lumen\\Http\\Request))
#13 /var/www/html/app/Middleware/CrossMiddleware.php(68): Laravel\\Lumen\\Routing\\Pipeline->Laravel\\Lumen\\Routing\\{closure}(Object(Laravel\\Lumen\\Http\\Request))
#14 /var/www/html/vendor/illuminate/pipeline/Pipeline.php(180): App\\Middleware\\CrossMiddleware->handle(Object(Laravel\\Lumen\\Http\\Request), Object(Closure))
#15 /var/www/html/vendor/laravel/lumen-framework/src/Routing/Pipeline.php(30): Illuminate\\Pipeline\\Pipeline->Illuminate\\Pipeline\\{closure}(Object(Laravel\\Lumen\\Http\\Request))
#16 /var/www/html/vendor/illuminate/pipeline/Pipeline.php(116): Laravel\\Lumen\\Routing\\Pipeline->Laravel\\Lumen\\Routing\\{closure}(Object(Laravel\\Lumen\\Http\\Request))
#17 /var/www/html/vendor/laravel/lumen-framework/src/Concerns/RoutesRequests.php(428): Illuminate\\Pipeline\\Pipeline->then(Object(Closure))
#18 /var/www/html/vendor/laravel/lumen-framework/src/Concerns/RoutesRequests.php(177): Laravel\\Lumen\\Application->sendThroughPipeline(Array, Object(Closure))
#19 /var/www/html/vendor/laravel/lumen-framework/src/Concerns/RoutesRequests.php(112): Laravel\\Lumen\\Application->dispatch(NULL)
#20 /var/www/html/public/index.php(47): Laravel\\Lumen\\Application->run()
#21 {main}
"} 
[2026-09-22 09:41:44] production.ERROR: 验证码有误 {"exception":"[object] (App\\Exceptions\\ErrorException(code: 200): 验证码有误 at /var/www/html/app/Support/helpers.php:89)
[stacktrace]
#0 /var/www/html/modules/Account/Http/Controllers/LoginController.php(68): checkVerifyCode(Object(Laravel\\Lumen\\Http\\Request))
#1 /var/www/html/vendor/illuminate/container/BoundMethod.php(36): Modules\\Account\\Http\\Controllers\\LoginController->login(Object(Laravel\\Lumen\\Http\\Request))
#2 /var/www/html/vendor/illuminate/container/Util.php(41): Illuminate\\Container\\BoundMethod::Illuminate\\Container\\{closure}()
#3 /var/www/html/vendor/illuminate/container/BoundMethod.php(93): Illuminate\\Container\\Util::unwrapIfClosure(Object(Closure))
#4 /var/www/html/vendor/illuminate/container/BoundMethod.php(37): Illuminate\\Container\\BoundMethod::callBoundMethod(Object(Laravel\\Lumen\\Application), Array, Object(Closure))
#5 /var/www/html/vendor/illuminate/container/Container.php(661): Illuminate\\Container\\BoundMethod::call(Object(Laravel\\Lumen\\Application), Array, Array, NULL)
#6 /var/www/html/vendor/laravel/lumen-framework/src/Concerns/RoutesRequests.php(391): Illuminate\\Container\\Container->call(Array, Array)
#7 /var/www/html/vendor/laravel/lumen-framework/src/Concerns/RoutesRequests.php(357): Laravel\\Lumen\\Application->callControllerCallable(Array, Array)
#8 /var/www/html/vendor/laravel/lumen-framework/src/Concerns/RoutesRequests.php(331): Laravel\\Lumen\\Application->callLumenController(Object(Modules\\Account\\Http\\Controllers\\LoginController), 'login', Array)
#9 /var/www/html/vendor/laravel/lumen-framework/src/Concerns/RoutesRequests.php(284): Laravel\\Lumen\\Application->callControllerAction(Array)
#10 /var/www/html/vendor/laravel/lumen-framework/src/Concerns/RoutesRequests.php(269): Laravel\\Lumen\\Application->callActionOnArrayBasedRoute(Array)
#11 /var/www/html/vendor/laravel/lumen-framework/src/Concerns/RoutesRequests.php(171): Laravel\\Lumen\\Application->handleFoundRoute(Array)
#12 /var/www/html/vendor/laravel/lumen-framework/src/Routing/Pipeline.php(48): Laravel\\Lumen\\Application->Laravel\\Lumen\\Concerns\\{closure}(Object(Laravel\\Lumen\\Http\\Request))
#13 /var/www/html/app/Middleware/CrossMiddleware.php(68): Laravel\\Lumen\\Routing\\Pipeline->Laravel\\Lumen\\Routing\\{closure}(Object(Laravel\\Lumen\\Http\\Request))
#14 /var/www/html/vendor/illuminate/pipeline/Pipeline.php(180): App\\Middleware\\CrossMiddleware->handle(Object(Laravel\\Lumen\\Http\\Request), Object(Closure))
#15 /var/www/html/vendor/laravel/lumen-framework/src/Routing/Pipeline.php(30): Illuminate\\Pipeline\\Pipeline->Illuminate\\Pipeline\\{closure}(Object(Laravel\\Lumen\\Http\\Request))
#16 /var/www/html/vendor/illuminate/pipeline/Pipeline.php(116): Laravel\\Lumen\\Routing\\Pipeline->Laravel\\Lumen\\Routing\\{closure}(Object(Laravel\\Lumen\\Http\\Request))
#17 /var/www/html/vendor/laravel/lumen-framework/src/Concerns/RoutesRequests.php(428): Illuminate\\Pipeline\\Pipeline->then(Object(Closure))
#18 /var/www/html/vendor/laravel/lumen-framework/src/Concerns/RoutesRequests.php(177): Laravel\\Lumen\\Application->sendThroughPipeline(Array, Object(Closure))
#19 /var/www/html/vendor/laravel/lumen-framework/src/Concerns/RoutesRequests.php(112): Laravel\\Lumen\\Application->dispatch(NULL)
#20 /var/www/html/public/index.php(47): Laravel\\Lumen\\Application->run()
#21 {main}
"} 
[2026-09-22 09:41:44] production.ERROR: 验证码有误 {"exception":"[object] (App\\Exceptions\\ErrorException(code: 200): 验证码有误 at /var/www/html/app/Support/helpers.php:89)
[stacktrace]
#0 /var/www/html/modules/Account/Http/Controllers/LoginController.php(68): checkVerifyCode(Object(Laravel\\Lumen\\Http\\Request))
#1 /var/www/html/vendor/illuminate/container/BoundMethod.php(36): Modules\\Account\\Http\\Controllers\\LoginController->login(Object(Laravel\\Lumen\\Http\\Request))
#2 /var/www/html/vendor/illuminate/container/Util.php(41): Illuminate\\Container\\BoundMethod::Illuminate\\Container\\{closure}()
#3 /var/www/html/vendor/illuminate/container/BoundMethod.php(93): Illuminate\\Container\\Util::unwrapIfClosure(Object(Closure))
#4 /var/www/html/vendor/illuminate/container/BoundMethod.php(37): Illuminate\\Container\\BoundMethod::callBoundMethod(Object(Laravel\\Lumen\\Application), Array, Object(Closure))
#5 /var/www/html/vendor/illuminate/container/Container.php(661): Illuminate\\Container\\BoundMethod::call(Object(Laravel\\Lumen\\Application), Array, Array, NULL)
#6 /var/www/html/vendor/laravel/lumen-framework/src/Concerns/RoutesRequests.php(391): Illuminate\\Container\\Container->call(Array, Array)
#7 /var/www/html/vendor/laravel/lumen-framework/src/Concerns/RoutesRequests.php(357): Laravel\\Lumen\\Application->callControllerCallable(Array, Array)
#8 /var/www/html/vendor/laravel/lumen-framework/src/Concerns/RoutesRequests.php(331): Laravel\\Lumen\\Application->callLumenController(Object(Modules\\Account\\Http\\Controllers\\LoginController), 'login', Array)
#9 /var/www/html/vendor/laravel/lumen-framework/src/Concerns/RoutesRequests.php(284): Laravel\\Lumen\\Application->callControllerAction(Array)
#10 /var/www/html/vendor/laravel/lumen-framework/src/Concerns/RoutesRequests.php(269): Laravel\\Lumen\\Application->callActionOnArrayBasedRoute(Array)
#11 /var/www/html/vendor/laravel/lumen-framework/src/Concerns/RoutesRequests.php(171): Laravel\\Lumen\\Application->handleFoundRoute(Array)
#12 /var/www/html/vendor/laravel/lumen-framework/src/Routing/Pipeline.php(48): Laravel\\Lumen\\Application->Laravel\\Lumen\\Concerns\\{closure}(Object(Laravel\\Lumen\\Http\\Request))
#13 /var/www/html/app/Middleware/CrossMiddleware.php(68): Laravel\\Lumen\\Routing\\Pipeline->Laravel\\Lumen\\Routing\\{closure}(Object(Laravel\\Lumen\\Http\\Request))
#14 /var/www/html/vendor/illuminate/pipeline/Pipeline.php(180): App\\Middleware\\CrossMiddleware->handle(Object(Laravel\\Lumen\\Http\\Request), Object(Closure))
#15 /var/www/html/vendor/laravel/lumen-framework/src/Routing/Pipeline.php(30): Illuminate\\Pipeline\\Pipeline->Illuminate\\Pipeline\\{closure}(Object(Laravel\\Lumen\\Http\\Request))
#16 /var/www/html/vendor/illuminate/pipeline/Pipeline.php(116): Laravel\\Lumen\\Routing\\Pipeline->Laravel\\Lumen\\Routing\\{closure}(Object(Laravel\\Lumen\\Http\\Request))
#17 /var/www/html/vendor/laravel/lumen-framework/src/Concerns/RoutesRequests.php(428): Illuminate\\Pipeline\\Pipeline->then(Object(Closure))
#18 /var/www/html/vendor/laravel/lumen-framework/src/Concerns/RoutesRequests.php(177): Laravel\\Lumen\\Application->sendThroughPipeline(Array, Object(Closure))
#19 /var/www/html/vendor/laravel/lumen-framework/src/Concerns/RoutesRequests.php(112): Laravel\\Lumen\\Application->dispatch(NULL)
#20 /var/www/html/public/index.php(47): Laravel\\Lumen\\Application->run()
#21 {main}
"} 
[2026-09-22 09:41:44] production.ERROR: 验证码有误 {"exception":"[object] (App\\Exceptions\\ErrorException(code: 200): 验证码有误 at /var/www/html/app/Support/helpers.php:75)
[stacktrace]
#0 /var/www/html/modules/Account/Http/Controllers/LoginController.php(68): checkVerifyCode(Object(Laravel\\Lumen\\Http\\Request))
#1 /var/www/html/vendor/illuminate/container/BoundMethod.php(36): Modules\\Account\\Http\\Controllers\\LoginController->login(Object(Laravel\\Lumen\\Http\\Request))
#2 /var/www/html/vendor/illuminate/container/Util.php(41): Illuminate\\Container\\BoundMethod::Illuminate\\Container\\{closure}()
#3 /var/www/html/vendor/illuminate/container/BoundMethod.php(93): Illuminate\\Container\\Util::unwrapIfClosure(Object(Closure))
#4 /var/www/html/vendor/illuminate/container/BoundMethod.php(37): Illuminate\\Container\\BoundMethod::callBoundMethod(Object(Laravel\\Lumen\\Application), Array, Object(Closure))
#5 /var/www/html/vendor/illuminate/container/Container.php(661): Illuminate\\Container\\BoundMethod::call(Object(Laravel\\Lumen\\Application), Array, Array, NULL)
#6 /var/www/html/vendor/laravel/lumen-framework/src/Concerns/RoutesRequests.php(391): Illuminate\\Container\\Container->call(Array, Array)
#7 /var/www/html/vendor/laravel/lumen-framework/src/Concerns/RoutesRequests.php(357): Laravel\\Lumen\\Application->callControllerCallable(Array, Array)
#8 /var/www/html/vendor/laravel/lumen-framework/src/Concerns/RoutesRequests.php(331): Laravel\\Lumen\\Application->callLumenController(Object(Modules\\Account\\Http\\Controllers\\LoginController), 'login', Array)
#9 /var/www/html/vendor/laravel/lumen-framework/src/Concerns/RoutesRequests.php(284): Laravel\\Lumen\\Application->callControllerAction(Array)
#10 /var/www/html/vendor/laravel/lumen-framework/src/Concerns/RoutesRequests.php(269): Laravel\\Lumen\\Application->callActionOnArrayBasedRoute(Array)
#11 /var/www/html/vendor/laravel/lumen-framework/src/Concerns/RoutesRequests.php(171): Laravel\\Lumen\\Application->handleFoundRoute(Array)
#12 /var/www/html/vendor/laravel/lumen-framework/src/Routing/Pipeline.php(48): Laravel\\Lumen\\Application->Laravel\\Lumen\\Concerns\\{closure}(Object(Laravel\\Lumen\\Http\\Request))
#13 /var/www/html/app/Middleware/CrossMiddleware.php(68): Laravel\\Lumen\\Routing\\Pipeline->Laravel\\Lumen\\Routing\\{closure}(Object(Laravel\\Lumen\\Http\\Request))
#14 /var/www/html/vendor/illuminate/pipeline/Pipeline.php(180): App\\Middleware\\CrossMiddleware->handle(Object(Laravel\\Lumen\\Http\\Request), Object(Closure))
#15 /var/www/html/vendor/laravel/lumen-framework/src/Routing/Pipeline.php(30): Illuminate\\Pipeline\\Pipeline->Illuminate\\Pipeline\\{closure}(Object(Laravel\\Lumen\\Http\\Request))
#16 /var/www/html/vendor/illuminate/pipeline/Pipeline.php(116): Laravel\\Lumen\\Routing\\Pipeline->Laravel\\Lumen\\Routing\\{closure}(Object(Laravel\\Lumen\\Http\\Request))
#17 /var/www/html/vendor/laravel/lumen-framework/src/Concerns/RoutesRequests.php(428): Illuminate\\Pipeline\\Pipeline->then(Object(Closure))
#18 /var/www/html/vendor/laravel/lumen-framework/src/Concerns/RoutesRequests.php(177): Laravel\\Lumen\\Application->sendThroughPipeline(Array, Object(Closure))
#19 /var/www/html/vendor/laravel/lumen-framework/src/Concerns/RoutesRequests.php(112): Laravel\\Lumen\\Application->dispatch(NULL)
#20 /var/www/html/public/index.php(47): Laravel\\Lumen\\Application->run()
#21 {main}
"} 
[2026-09-22 09:44:16] production.ERROR: 当前账号短信可用条数不足 {"exception":"[object] (App\\Exceptions\\ErrorException(code: 200): 当前账号短信可用条数不足 at /var/www/html/modules/Sys/Http/Controllers/Front/CaptchaController.php:138)
[stacktrace]
#0 /var/www/html/vendor/illuminate/container/BoundMethod.php(36): Modules\\Sys\\Http\\Controllers\\Front\\CaptchaController->sendMobileVerifyCode(Object(Laravel\\Lumen\\Http\\Request))
#1 /var/www/html/vendor/illuminate/container/Util.php(41): Illuminate\\Container\\BoundMethod::Illuminate\\Container\\{closure}()
#2 /var/www/html/vendor/illuminate/container/BoundMethod.php(93): Illuminate\\Container\\Util::unwrapIfClosure(Object(Closure))
#3 /var/www/html/vendor/illuminate/container/BoundMethod.php(37): Illuminate\\Container\\BoundMethod::callBoundMethod(Object(Laravel\\Lumen\\Application), Array, Object(Closure))
#4 /var/www/html/vendor/illuminate/container/Container.php(661): Illuminate\\Container\\BoundMethod::call(Object(Laravel\\Lumen\\Application), Array, Array, NULL)
#5 /var/www/html/vendor/laravel/lumen-framework/src/Concerns/RoutesRequests.php(391): Illuminate\\Container\\Container->call(Array, Array)
#6 /var/www/html/vendor/laravel/lumen-framework/src/Concerns/RoutesRequests.php(357): Laravel\\Lumen\\Application->callControllerCallable(Array, Array)
#7 /var/www/html/vendor/laravel/lumen-framework/src/Concerns/RoutesRequests.php(331): Laravel\\Lumen\\Application->callLumenController(Object(Modules\\Sys\\Http\\Controllers\\Front\\CaptchaController), 'sendMobileVerif...', Array)
#8 /var/www/html/vendor/laravel/lumen-framework/src/Concerns/RoutesRequests.php(284): Laravel\\Lumen\\Application->callControllerAction(Array)
#9 /var/www/html/vendor/laravel/lumen-framework/src/Concerns/RoutesRequests.php(269): Laravel\\Lumen\\Application->callActionOnArrayBasedRoute(Array)
#10 /var/www/html/vendor/laravel/lumen-framework/src/Concerns/RoutesRequests.php(171): Laravel\\Lumen\\Application->handleFoundRoute(Array)
#11 /var/www/html/vendor/laravel/lumen-framework/src/Routing/Pipeline.php(48): Laravel\\Lumen\\Application->Laravel\\Lumen\\Concerns\\{closure}(Object(Laravel\\Lumen\\Http\\Request))
#12 /var/www/html/app/Middleware/CrossMiddleware.php(68): Laravel\\Lumen\\Routing\\Pipeline->Laravel\\Lumen\\Routing\\{closure}(Object(Laravel\\Lumen\\Http\\Request))
#13 /var/www/html/vendor/illuminate/pipeline/Pipeline.php(180): App\\Middleware\\CrossMiddleware->handle(Object(Laravel\\Lumen\\Http\\Request), Object(Closure))
#14 /var/www/html/vendor/laravel/lumen-framework/src/Routing/Pipeline.php(30): Illuminate\\Pipeline\\Pipeline->Illuminate\\Pipeline\\{closure}(Object(Laravel\\Lumen\\Http\\Request))
#15 /var/www/html/vendor/illuminate/pipeline/Pipeline.php(116): Laravel\\Lumen\\Routing\\Pipeline->Laravel\\Lumen\\Routing\\{closure}(Object(Laravel\\Lumen\\Http\\Request))
#16 /var/www/html/vendor/laravel/lumen-framework/src/Concerns/RoutesRequests.php(428): Illuminate\\Pipeline\\Pipeline->then(Object(Closure))
#17 /var/www/html/vendor/laravel/lumen-framework/src/Concerns/RoutesRequests.php(177): Laravel\\Lumen\\Application->sendThroughPipeline(Array, Object(Closure))
#18 /var/www/html/vendor/laravel/lumen-framework/src/Concerns/RoutesRequests.php(112): Laravel\\Lumen\\Application->dispatch(NULL)
#19 /var/www/html/public/index.php(47): Laravel\\Lumen\\Application->run()
#20 {main}
"} 
[2026-09-22 09:44:16] production.ERROR: 当前账号短信可用条数不足 {"exception":"[object] (App\\Exceptions\\ErrorException(code: 200): 当前账号短信可用条数不足 at /var/www/html/modules/Sys/Http/Controllers/Front/CaptchaController.php:138)
[stacktrace]
#0 /var/www/html/vendor/illuminate/container/BoundMethod.php(36): Modules\\Sys\\Http\\Controllers\\Front\\CaptchaController->sendMobileVerifyCode(Object(Laravel\\Lumen\\Http\\Request))
#1 /var/www/html/vendor/illuminate/container/Util.php(41): Illuminate\\Container\\BoundMethod::Illuminate\\Container\\{closure}()
#2 /var/www/html/vendor/illuminate/container/BoundMethod.php(93): Illuminate\\Container\\Util::unwrapIfClosure(Object(Closure))
#3 /var/www/html/vendor/illuminate/container/BoundMethod.php(37): Illuminate\\Container\\BoundMethod::callBoundMethod(Object(Laravel\\Lumen\\Application), Array, Object(Closure))
#4 /var/www/html/vendor/illuminate/container/Container.php(661): Illuminate\\Container\\BoundMethod::call(Object(Laravel\\Lumen\\Application), Array, Array, NULL)
#5 /var/www/html/vendor/laravel/lumen-framework/src/Concerns/RoutesRequests.php(391): Illuminate\\Container\\Container->call(Array, Array)
#6 /var/www/html/vendor/laravel/lumen-framework/src/Concerns/RoutesRequests.php(357): Laravel\\Lumen\\Application->callControllerCallable(Array, Array)
#7 /var/www/html/vendor/laravel/lumen-framework/src/Concerns/RoutesRequests.php(331): Laravel\\Lumen\\Application->callLumenController(Object(Modules\\Sys\\Http\\Controllers\\Front\\CaptchaController), 'sendMobileVerif...', Array)
#8 /var/www/html/vendor/laravel/lumen-framework/src/Concerns/RoutesRequests.php(284): Laravel\\Lumen\\Application->callControllerAction(Array)
#9 /var/www/html/vendor/laravel/lumen-framework/src/Concerns/RoutesRequests.php(269): Laravel\\Lumen\\Application->callActionOnArrayBasedRoute(Array)
#10 /var/www/html/vendor/laravel/lumen-framework/src/Concerns/RoutesRequests.php(171): Laravel\\Lumen\\Application->handleFoundRoute(Array)
#11 /var/www/html/vendor/laravel/lumen-framework/src/Routing/Pipeline.php(48): Laravel\\Lumen\\Application->Laravel\\Lumen\\Concerns\\{closure}(Object(Laravel\\Lumen\\Http\\Request))
#12 /var/www/html/app/Middleware/CrossMiddleware.php(68): Laravel\\Lumen\\Routing\\Pipeline->Laravel\\Lumen\\Routing\\{closure}(Object(Laravel\\Lumen\\Http\\Request))
#13 /var/www/html/vendor/illuminate/pipeline/Pipeline.php(180): App\\Middleware\\CrossMiddleware->handle(Object(Laravel\\Lumen\\Http\\Request), Object(Closure))
#14 /var/www/html/vendor/laravel/lumen-framework/src/Routing/Pipeline.php(30): Illuminate\\Pipeline\\Pipeline->Illuminate\\Pipeline\\{closure}(Object(Laravel\\Lumen\\Http\\Request))
#15 /var/www/html/vendor/illuminate/pipeline/Pipeline.php(116): Laravel\\Lumen\\Routing\\Pipeline->Laravel\\Lumen\\Routing\\{closure}(Object(Laravel\\Lumen\\Http\\Request))
#16 /var/www/html/vendor/laravel/lumen-framework/src/Concerns/RoutesRequests.php(428): Illuminate\\Pipeline\\Pipeline->then(Object(Closure))
#17 /var/www/html/vendor/laravel/lumen-framework/src/Concerns/RoutesRequests.php(177): Laravel\\Lumen\\Application->sendThroughPipeline(Array, Object(Closure))
#18 /var/www/html/vendor/laravel/lumen-framework/src/Concerns/RoutesRequests.php(112): Laravel\\Lumen\\Application->dispatch(NULL)
#19 /var/www/html/public/index.php(47): Laravel\\Lumen\\Application->run()
#20 {main}
"} 
[2026-09-22 09:44:16] production.ERROR: 验证码有误 {"exception":"[object] (App\\Exceptions\\ErrorException(code: 200): 验证码有误 at /var/www/html/modules/Account/Http/Controllers/LoginController.php:116)
[stacktrace]
#0 /var/www/html/vendor/illuminate/container/BoundMethod.php(36): Modules\\Account\\Http\\Controllers\\LoginController->setNewPassword(Object(Laravel\\Lumen\\Http\\Request))
#1 /var/www/html/vendor/illuminate/container/Util.php(41): Illuminate\\Container\\BoundMethod::Illuminate\\Container\\{closure}()
#2 /var/www/html/vendor/illuminate/container/BoundMethod.php(93): Illuminate\\Container\\Util::unwrapIfClosure(Object(Closure))
#3 /var/www/html/vendor/illuminate/container/BoundMethod.php(37): Illuminate\\Container\\BoundMethod::callBoundMethod(Object(Laravel\\Lumen\\Application), Array, Object(Closure))
#4 /var/www/html/vendor/illuminate/container/Container.php(661): Illuminate\\Container\\BoundMethod::call(Object(Laravel\\Lumen\\Application), Array, Array, NULL)
#5 /var/www/html/vendor/laravel/lumen-framework/src/Concerns/RoutesRequests.php(391): Illuminate\\Container\\Container->call(Array, Array)
#6 /var/www/html/vendor/laravel/lumen-framework/src/Concerns/RoutesRequests.php(357): Laravel\\Lumen\\Application->callControllerCallable(Array, Array)
#7 /var/www/html/vendor/laravel/lumen-framework/src/Concerns/RoutesRequests.php(331): Laravel\\Lumen\\Application->callLumenController(Object(Modules\\Account\\Http\\Controllers\\LoginController), 'setNewPassword', Array)
#8 /var/www/html/vendor/laravel/lumen-framework/src/Concerns/RoutesRequests.php(284): Laravel\\Lumen\\Application->callControllerAction(Array)
#9 /var/www/html/vendor/laravel/lumen-framework/src/Concerns/RoutesRequests.php(269): Laravel\\Lumen\\Application->callActionOnArrayBasedRoute(Array)
#10 /var/www/html/vendor/laravel/lumen-framework/src/Concerns/RoutesRequests.php(171): Laravel\\Lumen\\Application->handleFoundRoute(Array)
#11 /var/www/html/vendor/laravel/lumen-framework/src/Routing/Pipeline.php(48): Laravel\\Lumen\\Application->Laravel\\Lumen\\Concerns\\{closure}(Object(Laravel\\Lumen\\Http\\Request))
#12 /var/www/html/app/Middleware/CrossMiddleware.php(68): Laravel\\Lumen\\Routing\\Pipeline->Laravel\\Lumen\\Routing\\{closure}(Object(Laravel\\Lumen\\Http\\Request))
#13 /var/www/html/vendor/illuminate/pipeline/Pipeline.php(180): App\\Middleware\\CrossMiddleware->handle(Object(Laravel\\Lumen\\Http\\Request), Object(Closure))
#14 /var/www/html/vendor/laravel/lumen-framework/src/Routing/Pipeline.php(30): Illuminate\\Pipeline\\Pipeline->Illuminate\\Pipeline\\{closure}(Object(Laravel\\Lumen\\Http\\Request))
#15 /var/www/html/vendor/illuminate/pipeline/Pipeline.php(116): Laravel\\Lumen\\Routing\\Pipeline->Laravel\\Lumen\\Routing\\{closure}(Object(Laravel\\Lumen\\Http\\Request))
#16 /var/www/html/vendor/laravel/lumen-framework/src/Concerns/RoutesRequests.php(428): Illuminate\\Pipeline\\Pipeline->then(Object(Closure))
#17 /var/www/html/vendor/laravel/lumen-framework/src/Concerns/RoutesRequests.php(177): Laravel\\Lumen\\Application->sendThroughPipeline(Array, Object(Closure))
#18 /var/www/html/vendor/laravel/lumen-framework/src/Concerns/RoutesRequests.php(112): Laravel\\Lumen\\Application->dispatch(NULL)
#19 /var/www/html/public/index.php(47): Laravel\\Lumen\\Application->run()
#20 {main}
"} 
[2026-09-22 10:23:45] production.ERROR: 当前账号短信可用条数不足 {"exception":"[object] (App\\Exceptions\\ErrorException(code: 200): 当前账号短信可用条数不足 at /var/www/html/modules/Sys/Http/Controllers/Front/CaptchaController.php:138)
[stacktrace]
#0 /var/www/html/vendor/illuminate/container/BoundMethod.php(36): Modules\\Sys\\Http\\Controllers\\Front\\CaptchaController->sendMobileVerifyCode(Object(Laravel\\Lumen\\Http\\Request))
#1 /var/www/html/vendor/illuminate/container/Util.php(41): Illuminate\\Container\\BoundMethod::Illuminate\\Container\\{closure}()
#2 /var/www/html/vendor/illuminate/container/BoundMethod.php(93): Illuminate\\Container\\Util::unwrapIfClosure(Object(Closure))
#3 /var/www/html/vendor/illuminate/container/BoundMethod.php(37): Illuminate\\Container\\BoundMethod::callBoundMethod(Object(Laravel\\Lumen\\Application), Array, Object(Closure))
#4 /var/www/html/vendor/illuminate/container/Container.php(661): Illuminate\\Container\\BoundMethod::call(Object(Laravel\\Lumen\\Application), Array, Array, NULL)
#5 /var/www/html/vendor/laravel/lumen-framework/src/Concerns/RoutesRequests.php(391): Illuminate\\Container\\Container->call(Array, Array)
#6 /var/www/html/vendor/laravel/lumen-framework/src/Concerns/RoutesRequests.php(357): Laravel\\Lumen\\Application->callControllerCallable(Array, Array)
#7 /var/www/html/vendor/laravel/lumen-framework/src/Concerns/RoutesRequests.php(331): Laravel\\Lumen\\Application->callLumenController(Object(Modules\\Sys\\Http\\Controllers\\Front\\CaptchaController), 'sendMobileVerif...', Array)
#8 /var/www/html/vendor/laravel/lumen-framework/src/Concerns/RoutesRequests.php(284): Laravel\\Lumen\\Application->callControllerAction(Array)
#9 /var/www/html/vendor/laravel/lumen-framework/src/Concerns/RoutesRequests.php(269): Laravel\\Lumen\\Application->callActionOnArrayBasedRoute(Array)
#10 /var/www/html/vendor/laravel/lumen-framework/src/Concerns/RoutesRequests.php(171): Laravel\\Lumen\\Application->handleFoundRoute(Array)
#11 /var/www/html/vendor/laravel/lumen-framework/src/Routing/Pipeline.php(48): Laravel\\Lumen\\Application->Laravel\\Lumen\\Concerns\\{closure}(Object(Laravel\\Lumen\\Http\\Request))
#12 /var/www/html/app/Middleware/CrossMiddleware.php(68): Laravel\\Lumen\\Routing\\Pipeline->Laravel\\Lumen\\Routing\\{closure}(Object(Laravel\\Lumen\\Http\\Request))
#13 /var/www/html/vendor/illuminate/pipeline/Pipeline.php(180): App\\Middleware\\CrossMiddleware->handle(Object(Laravel\\Lumen\\Http\\Request), Object(Closure))
#14 /var/www/html/vendor/laravel/lumen-framework/src/Routing/Pipeline.php(30): Illuminate\\Pipeline\\Pipeline->Illuminate\\Pipeline\\{closure}(Object(Laravel\\Lumen\\Http\\Request))
#15 /var/www/html/vendor/illuminate/pipeline/Pipeline.php(116): Laravel\\Lumen\\Routing\\Pipeline->Laravel\\Lumen\\Routing\\{closure}(Object(Laravel\\Lumen\\Http\\Request))
#16 /var/www/html/vendor/laravel/lumen-framework/src/Concerns/RoutesRequests.php(428): Illuminate\\Pipeline\\Pipeline->then(Object(Closure))
#17 /var/www/html/vendor/laravel/lumen-framework/src/Concerns/RoutesRequests.php(177): Laravel\\Lumen\\Application->sendThroughPipeline(Array, Object(Closure))
#18 /var/www/html/vendor/laravel/lumen-framework/src/Concerns/RoutesRequests.php(112): Laravel\\Lumen\\Application->dispatch(NULL)
#19 /var/www/html/public/index.php(47): Laravel\\Lumen\\Application->run()
#20 {main}
"} 
[2026-09-22 11:54:09] production.ERROR: 当前账号短信可用条数不足 {"exception":"[object] (App\\Exceptions\\ErrorException(code: 200): 当前账号短信可用条数不足 at /var/www/html/modules/Sys/Http/Controllers/Front/CaptchaController.php:138)
[stacktrace]
#0 /var/www/html/vendor/illuminate/container/BoundMethod.php(36): Modules\\Sys\\Http\\Controllers\\Front\\CaptchaController->sendMobileVerifyCode(Object(Laravel\\Lumen\\Http\\Request))
#1 /var/www/html/vendor/illuminate/container/Util.php(41): Illuminate\\Container\\BoundMethod::Illuminate\\Container\\{closure}()
#2 /var/www/html/vendor/illuminate/container/BoundMethod.php(93): Illuminate\\Container\\Util::unwrapIfClosure(Object(Closure))
#3 /var/www/html/vendor/illuminate/container/BoundMethod.php(37): Illuminate\\Container\\BoundMethod::callBoundMethod(Object(Laravel\\Lumen\\Application), Array, Object(Closure))
#4 /var/www/html/vendor/illuminate/container/Container.php(661): Illuminate\\Container\\BoundMethod::call(Object(Laravel\\Lumen\\Application), Array, Array, NULL)
#5 /var/www/html/vendor/laravel/lumen-framework/src/Concerns/RoutesRequests.php(391): Illuminate\\Container\\Container->call(Array, Array)
#6 /var/www/html/vendor/laravel/lumen-framework/src/Concerns/RoutesRequests.php(357): Laravel\\Lumen\\Application->callControllerCallable(Array, Array)
#7 /var/www/html/vendor/laravel/lumen-framework/src/Concerns/RoutesRequests.php(331): Laravel\\Lumen\\Application->callLumenController(Object(Modules\\Sys\\Http\\Controllers\\Front\\CaptchaController), 'sendMobileVerif...', Array)
#8 /var/www/html/vendor/laravel/lumen-framework/src/Concerns/RoutesRequests.php(284): Laravel\\Lumen\\Application->callControllerAction(Array)
#9 /var/www/html/vendor/laravel/lumen-framework/src/Concerns/RoutesRequests.php(269): Laravel\\Lumen\\Application->callActionOnArrayBasedRoute(Array)
#10 /var/www/html/vendor/laravel/lumen-framework/src/Concerns/RoutesRequests.php(171): Laravel\\Lumen\\Application->handleFoundRoute(Array)
#11 /var/www/html/vendor/laravel/lumen-framework/src/Routing/Pipeline.php(48): Laravel\\Lumen\\Application->Laravel\\Lumen\\Concerns\\{closure}(Object(Laravel\\Lumen\\Http\\Request))
#12 /var/www/html/app/Middleware/CrossMiddleware.php(68): Laravel\\Lumen\\Routing\\Pipeline->Laravel\\Lumen\\Routing\\{closure}(Object(Laravel\\Lumen\\Http\\Request))
#13 /var/www/html/vendor/illuminate/pipeline/Pipeline.php(180): App\\Middleware\\CrossMiddleware->handle(Object(Laravel\\Lumen\\Http\\Request), Object(Closure))
#14 /var/www/html/vendor/laravel/lumen-framework/src/Routing/Pipeline.php(30): Illuminate\\Pipeline\\Pipeline->Illuminate\\Pipeline\\{closure}(Object(Laravel\\Lumen\\Http\\Request))
#15 /var/www/html/vendor/illuminate/pipeline/Pipeline.php(116): Laravel\\Lumen\\Routing\\Pipeline->Laravel\\Lumen\\Routing\\{closure}(Object(Laravel\\Lumen\\Http\\Request))
#16 /var/www/html/vendor/laravel/lumen-framework/src/Concerns/RoutesRequests.php(428): Illuminate\\Pipeline\\Pipeline->then(Object(Closure))
#17 /var/www/html/vendor/laravel/lumen-framework/src/Concerns/RoutesRequests.php(177): Laravel\\Lumen\\Application->sendThroughPipeline(Array, Object(Closure))
#18 /var/www/html/vendor/laravel/lumen-framework/src/Concerns/RoutesRequests.php(112): Laravel\\Lumen\\Application->dispatch(NULL)
#19 /var/www/html/public/index.php(47): Laravel\\Lumen\\Application->run()
#20 {main}
"} 
[2026-09-22 11:55:16] production.ERROR: 当前账号短信可用条数不足 {"exception":"[object] (App\\Exceptions\\ErrorException(code: 200): 当前账号短信可用条数不足 at /var/www/html/modules/Sys/Http/Controllers/Front/CaptchaController.php:138)
[stacktrace]
#0 /var/www/html/vendor/illuminate/container/BoundMethod.php(36): Modules\\Sys\\Http\\Controllers\\Front\\CaptchaController->sendMobileVerifyCode(Object(Laravel\\Lumen\\Http\\Request))
#1 /var/www/html/vendor/illuminate/container/Util.php(41): Illuminate\\Container\\BoundMethod::Illuminate\\Container\\{closure}()
#2 /var/www/html/vendor/illuminate/container/BoundMethod.php(93): Illuminate\\Container\\Util::unwrapIfClosure(Object(Closure))
#3 /var/www/html/vendor/illuminate/container/BoundMethod.php(37): Illuminate\\Container\\BoundMethod::callBoundMethod(Object(Laravel\\Lumen\\Application), Array, Object(Closure))
#4 /var/www/html/vendor/illuminate/container/Container.php(661): Illuminate\\Container\\BoundMethod::call(Object(Laravel\\Lumen\\Application), Array, Array, NULL)
#5 /var/www/html/vendor/laravel/lumen-framework/src/Concerns/RoutesRequests.php(391): Illuminate\\Container\\Container->call(Array, Array)
#6 /var/www/html/vendor/laravel/lumen-framework/src/Concerns/RoutesRequests.php(357): Laravel\\Lumen\\Application->callControllerCallable(Array, Array)
#7 /var/www/html/vendor/laravel/lumen-framework/src/Concerns/RoutesRequests.php(331): Laravel\\Lumen\\Application->callLumenController(Object(Modules\\Sys\\Http\\Controllers\\Front\\CaptchaController), 'sendMobileVerif...', Array)
#8 /var/www/html/vendor/laravel/lumen-framework/src/Concerns/RoutesRequests.php(284): Laravel\\Lumen\\Application->callControllerAction(Array)
#9 /var/www/html/vendor/laravel/lumen-framework/src/Concerns/RoutesRequests.php(269): Laravel\\Lumen\\Application->callActionOnArrayBasedRoute(Array)
#10 /var/www/html/vendor/laravel/lumen-framework/src/Concerns/RoutesRequests.php(171): Laravel\\Lumen\\Application->handleFoundRoute(Array)
#11 /var/www/html/vendor/laravel/lumen-framework/src/Routing/Pipeline.php(48): Laravel\\Lumen\\Application->Laravel\\Lumen\\Concerns\\{closure}(Object(Laravel\\Lumen\\Http\\Request))
#12 /var/www/html/app/Middleware/CrossMiddleware.php(68): Laravel\\Lumen\\Routing\\Pipeline->Laravel\\Lumen\\Routing\\{closure}(Object(Laravel\\Lumen\\Http\\Request))
#13 /var/www/html/vendor/illuminate/pipeline/Pipeline.php(180): App\\Middleware\\CrossMiddleware->handle(Object(Laravel\\Lumen\\Http\\Request), Object(Closure))
#14 /var/www/html/vendor/laravel/lumen-framework/src/Routing/Pipeline.php(30): Illuminate\\Pipeline\\Pipeline->Illuminate\\Pipeline\\{closure}(Object(Laravel\\Lumen\\Http\\Request))
#15 /var/www/html/vendor/illuminate/pipeline/Pipeline.php(116): Laravel\\Lumen\\Routing\\Pipeline->Laravel\\Lumen\\Routing\\{closure}(Object(Laravel\\Lumen\\Http\\Request))
#16 /var/www/html/vendor/laravel/lumen-framework/src/Concerns/RoutesRequests.php(428): Illuminate\\Pipeline\\Pipeline->then(Object(Closure))
#17 /var/www/html/vendor/laravel/lumen-framework/src/Concerns/RoutesRequests.php(177): Laravel\\Lumen\\Application->sendThroughPipeline(Array, Object(Closure))
#18 /var/www/html/vendor/laravel/lumen-framework/src/Concerns/RoutesRequests.php(112): Laravel\\Lumen\\Application->dispatch(NULL)
#19 /var/www/html/public/index.php(47): Laravel\\Lumen\\Application->run()
#20 {main}
"} 
[2026-09-22 14:24:07] production.ERROR: Undefined array key "item_quantity" {"exception":"[object] (ErrorException(code: 0): Undefined array key \"item_quantity\" at /var/www/html/modules/Pt/Services/ProductBaseService.php:199)
[stacktrace]
#0 /var/www/html/vendor/laravel/lumen-framework/src/Concerns/RegistersExceptionHandlers.php(47): Laravel\\Lumen\\Application->handleError(2, 'Undefined array...', '/var/www/html/m...', 199)
#1 /var/www/html/modules/Pt/Services/ProductBaseService.php(199): Laravel\\Lumen\\Application->Laravel\\Lumen\\Concerns\\{closure}(2, 'Undefined array...', '/var/www/html/m...', 199)
#2 /var/www/html/modules/Pt/Http/Controllers/Manage/ProductBaseController.php(54): Modules\\Pt\\Services\\ProductBaseService->saveProduct(Object(Laravel\\Lumen\\Http\\Request))
#3 /var/www/html/vendor/illuminate/container/BoundMethod.php(36): Modules\\Pt\\Http\\Controllers\\Manage\\ProductBaseController->save(Object(Laravel\\Lumen\\Http\\Request))
#4 /var/www/html/vendor/illuminate/container/Util.php(41): Illuminate\\Container\\BoundMethod::Illuminate\\Container\\{closure}()
#5 /var/www/html/vendor/illuminate/container/BoundMethod.php(93): Illuminate\\Container\\Util::unwrapIfClosure(Object(Closure))
#6 /var/www/html/vendor/illuminate/container/BoundMethod.php(37): Illuminate\\Container\\BoundMethod::callBoundMethod(Object(Laravel\\Lumen\\Application), Array, Object(Closure))
#7 /var/www/html/vendor/illuminate/container/Container.php(661): Illuminate\\Container\\BoundMethod::call(Object(Laravel\\Lumen\\Application), Array, Array, NULL)
#8 /var/www/html/vendor/laravel/lumen-framework/src/Concerns/RoutesRequests.php(391): Illuminate\\Container\\Container->call(Array, Array)
#9 /var/www/html/vendor/laravel/lumen-framework/src/Concerns/RoutesRequests.php(357): Laravel\\Lumen\\Application->callControllerCallable(Array, Array)
#10 /var/www/html/vendor/laravel/lumen-framework/src/Concerns/RoutesRequests.php(331): Laravel\\Lumen\\Application->callLumenController(Object(Modules\\Pt\\Http\\Controllers\\Manage\\ProductBaseController), 'save', Array)
#11 /var/www/html/vendor/laravel/lumen-framework/src/Concerns/RoutesRequests.php(284): Laravel\\Lumen\\Application->callControllerAction(Array)
#12 /var/www/html/vendor/laravel/lumen-framework/src/Concerns/RoutesRequests.php(264): Laravel\\Lumen\\Application->callActionOnArrayBasedRoute(Array)
#13 /var/www/html/vendor/laravel/lumen-framework/src/Routing/Pipeline.php(48): Laravel\\Lumen\\Application->Laravel\\Lumen\\Concerns\\{closure}(Object(Laravel\\Lumen\\Http\\Request))
#14 /var/www/html/app/Middleware/AdminAuthenticate.php(43): Laravel\\Lumen\\Routing\\Pipeline->Laravel\\Lumen\\Routing\\{closure}(Object(Laravel\\Lumen\\Http\\Request))
#15 /var/www/html/vendor/illuminate/pipeline/Pipeline.php(180): App\\Middleware\\AdminAuthenticate->handle(Object(Laravel\\Lumen\\Http\\Request), Object(Closure))
#16 /var/www/html/vendor/laravel/lumen-framework/src/Routing/Pipeline.php(30): Illuminate\\Pipeline\\Pipeline->Illuminate\\Pipeline\\{closure}(Object(Laravel\\Lumen\\Http\\Request))
#17 /var/www/html/app/Middleware/Authenticate.php(45): Laravel\\Lumen\\Routing\\Pipeline->Laravel\\Lumen\\Routing\\{closure}(Object(Laravel\\Lumen\\Http\\Request))
#18 /var/www/html/vendor/illuminate/pipeline/Pipeline.php(180): App\\Middleware\\Authenticate->handle(Object(Laravel\\Lumen\\Http\\Request), Object(Closure))
#19 /var/www/html/vendor/laravel/lumen-framework/src/Routing/Pipeline.php(30): Illuminate\\Pipeline\\Pipeline->Illuminate\\Pipeline\\{closure}(Object(Laravel\\Lumen\\Http\\Request))
#20 /var/www/html/vendor/illuminate/pipeline/Pipeline.php(116): Laravel\\Lumen\\Routing\\Pipeline->Laravel\\Lumen\\Routing\\{closure}(Object(Laravel\\Lumen\\Http\\Request))
#21 /var/www/html/vendor/laravel/lumen-framework/src/Concerns/RoutesRequests.php(428): Illuminate\\Pipeline\\Pipeline->then(Object(Closure))
#22 /var/www/html/vendor/laravel/lumen-framework/src/Concerns/RoutesRequests.php(265): Laravel\\Lumen\\Application->sendThroughPipeline(Array, Object(Closure))
#23 /var/www/html/vendor/laravel/lumen-framework/src/Concerns/RoutesRequests.php(171): Laravel\\Lumen\\Application->handleFoundRoute(Array)
#24 /var/www/html/vendor/laravel/lumen-framework/src/Routing/Pipeline.php(48): Laravel\\Lumen\\Application->Laravel\\Lumen\\Concerns\\{closure}(Object(Laravel\\Lumen\\Http\\Request))
#25 /var/www/html/app/Middleware/CrossMiddleware.php(48): Laravel\\Lumen\\Routing\\Pipeline->Laravel\\Lumen\\Routing\\{closure}(Object(Laravel\\Lumen\\Http\\Request))
#26 /var/www/html/vendor/illuminate/pipeline/Pipeline.php(180): App\\Middleware\\CrossMiddleware->handle(Object(Laravel\\Lumen\\Http\\Request), Object(Closure))
#27 /var/www/html/vendor/laravel/lumen-framework/src/Routing/Pipeline.php(30): Illuminate\\Pipeline\\Pipeline->Illuminate\\Pipeline\\{closure}(Object(Laravel\\Lumen\\Http\\Request))
#28 /var/www/html/vendor/illuminate/pipeline/Pipeline.php(116): Laravel\\Lumen\\Routing\\Pipeline->Laravel\\Lumen\\Routing\\{closure}(Object(Laravel\\Lumen\\Http\\Request))
#29 /var/www/html/vendor/laravel/lumen-framework/src/Concerns/RoutesRequests.php(428): Illuminate\\Pipeline\\Pipeline->then(Object(Closure))
#30 /var/www/html/vendor/laravel/lumen-framework/src/Concerns/RoutesRequests.php(177): Laravel\\Lumen\\Application->sendThroughPipeline(Array, Object(Closure))
#31 /var/www/html/vendor/laravel/lumen-framework/src/Concerns/RoutesRequests.php(112): Laravel\\Lumen\\Application->dispatch(NULL)
#32 /var/www/html/public/index.php(28): Laravel\\Lumen\\Application->run()
#33 {main}
"} 
[2026-09-22 14:25:16] production.ERROR: Undefined array key "item_quantity" {"exception":"[object] (ErrorException(code: 0): Undefined array key \"item_quantity\" at /var/www/html/modules/Pt/Services/ProductBaseService.php:199)
[stacktrace]
#0 /var/www/html/vendor/laravel/lumen-framework/src/Concerns/RegistersExceptionHandlers.php(47): Laravel\\Lumen\\Application->handleError(2, 'Undefined array...', '/var/www/html/m...', 199)
#1 /var/www/html/modules/Pt/Services/ProductBaseService.php(199): Laravel\\Lumen\\Application->Laravel\\Lumen\\Concerns\\{closure}(2, 'Undefined array...', '/var/www/html/m...', 199)
#2 /var/www/html/modules/Pt/Http/Controllers/Manage/ProductBaseController.php(54): Modules\\Pt\\Services\\ProductBaseService->saveProduct(Object(Laravel\\Lumen\\Http\\Request))
#3 /var/www/html/vendor/illuminate/container/BoundMethod.php(36): Modules\\Pt\\Http\\Controllers\\Manage\\ProductBaseController->save(Object(Laravel\\Lumen\\Http\\Request))
#4 /var/www/html/vendor/illuminate/container/Util.php(41): Illuminate\\Container\\BoundMethod::Illuminate\\Container\\{closure}()
#5 /var/www/html/vendor/illuminate/container/BoundMethod.php(93): Illuminate\\Container\\Util::unwrapIfClosure(Object(Closure))
#6 /var/www/html/vendor/illuminate/container/BoundMethod.php(37): Illuminate\\Container\\BoundMethod::callBoundMethod(Object(Laravel\\Lumen\\Application), Array, Object(Closure))
#7 /var/www/html/vendor/illuminate/container/Container.php(661): Illuminate\\Container\\BoundMethod::call(Object(Laravel\\Lumen\\Application), Array, Array, NULL)
#8 /var/www/html/vendor/laravel/lumen-framework/src/Concerns/RoutesRequests.php(391): Illuminate\\Container\\Container->call(Array, Array)
#9 /var/www/html/vendor/laravel/lumen-framework/src/Concerns/RoutesRequests.php(357): Laravel\\Lumen\\Application->callControllerCallable(Array, Array)
#10 /var/www/html/vendor/laravel/lumen-framework/src/Concerns/RoutesRequests.php(331): Laravel\\Lumen\\Application->callLumenController(Object(Modules\\Pt\\Http\\Controllers\\Manage\\ProductBaseController), 'save', Array)
#11 /var/www/html/vendor/laravel/lumen-framework/src/Concerns/RoutesRequests.php(284): Laravel\\Lumen\\Application->callControllerAction(Array)
#12 /var/www/html/vendor/laravel/lumen-framework/src/Concerns/RoutesRequests.php(264): Laravel\\Lumen\\Application->callActionOnArrayBasedRoute(Array)
#13 /var/www/html/vendor/laravel/lumen-framework/src/Routing/Pipeline.php(48): Laravel\\Lumen\\Application->Laravel\\Lumen\\Concerns\\{closure}(Object(Laravel\\Lumen\\Http\\Request))
#14 /var/www/html/app/Middleware/AdminAuthenticate.php(43): Laravel\\Lumen\\Routing\\Pipeline->Laravel\\Lumen\\Routing\\{closure}(Object(Laravel\\Lumen\\Http\\Request))
#15 /var/www/html/vendor/illuminate/pipeline/Pipeline.php(180): App\\Middleware\\AdminAuthenticate->handle(Object(Laravel\\Lumen\\Http\\Request), Object(Closure))
#16 /var/www/html/vendor/laravel/lumen-framework/src/Routing/Pipeline.php(30): Illuminate\\Pipeline\\Pipeline->Illuminate\\Pipeline\\{closure}(Object(Laravel\\Lumen\\Http\\Request))
#17 /var/www/html/app/Middleware/Authenticate.php(45): Laravel\\Lumen\\Routing\\Pipeline->Laravel\\Lumen\\Routing\\{closure}(Object(Laravel\\Lumen\\Http\\Request))
#18 /var/www/html/vendor/illuminate/pipeline/Pipeline.php(180): App\\Middleware\\Authenticate->handle(Object(Laravel\\Lumen\\Http\\Request), Object(Closure))
#19 /var/www/html/vendor/laravel/lumen-framework/src/Routing/Pipeline.php(30): Illuminate\\Pipeline\\Pipeline->Illuminate\\Pipeline\\{closure}(Object(Laravel\\Lumen\\Http\\Request))
#20 /var/www/html/vendor/illuminate/pipeline/Pipeline.php(116): Laravel\\Lumen\\Routing\\Pipeline->Laravel\\Lumen\\Routing\\{closure}(Object(Laravel\\Lumen\\Http\\Request))
#21 /var/www/html/vendor/laravel/lumen-framework/src/Concerns/RoutesRequests.php(428): Illuminate\\Pipeline\\Pipeline->then(Object(Closure))
#22 /var/www/html/vendor/laravel/lumen-framework/src/Concerns/RoutesRequests.php(265): Laravel\\Lumen\\Application->sendThroughPipeline(Array, Object(Closure))
#23 /var/www/html/vendor/laravel/lumen-framework/src/Concerns/RoutesRequests.php(171): Laravel\\Lumen\\Application->handleFoundRoute(Array)
#24 /var/www/html/vendor/laravel/lumen-framework/src/Routing/Pipeline.php(48): Laravel\\Lumen\\Application->Laravel\\Lumen\\Concerns\\{closure}(Object(Laravel\\Lumen\\Http\\Request))
#25 /var/www/html/app/Middleware/CrossMiddleware.php(48): Laravel\\Lumen\\Routing\\Pipeline->Laravel\\Lumen\\Routing\\{closure}(Object(Laravel\\Lumen\\Http\\Request))
#26 /var/www/html/vendor/illuminate/pipeline/Pipeline.php(180): App\\Middleware\\CrossMiddleware->handle(Object(Laravel\\Lumen\\Http\\Request), Object(Closure))
#27 /var/www/html/vendor/laravel/lumen-framework/src/Routing/Pipeline.php(30): Illuminate\\Pipeline\\Pipeline->Illuminate\\Pipeline\\{closure}(Object(Laravel\\Lumen\\Http\\Request))
#28 /var/www/html/vendor/illuminate/pipeline/Pipeline.php(116): Laravel\\Lumen\\Routing\\Pipeline->Laravel\\Lumen\\Routing\\{closure}(Object(Laravel\\Lumen\\Http\\Request))
#29 /var/www/html/vendor/laravel/lumen-framework/src/Concerns/RoutesRequests.php(428): Illuminate\\Pipeline\\Pipeline->then(Object(Closure))
#30 /var/www/html/vendor/laravel/lumen-framework/src/Concerns/RoutesRequests.php(177): Laravel\\Lumen\\Application->sendThroughPipeline(Array, Object(Closure))
#31 /var/www/html/vendor/laravel/lumen-framework/src/Concerns/RoutesRequests.php(112): Laravel\\Lumen\\Application->dispatch(NULL)
#32 /var/www/html/public/index.php(28): Laravel\\Lumen\\Application->run()
#33 {main}
"} 
[2026-09-22 14:25:52] production.ERROR: 商品信息数据有误！ {"exception":"[object] (App\\Exceptions\\ErrorException(code: 200): 商品信息数据有误！ at /var/www/html/modules/Pt/Services/ProductBaseService.php:378)
[stacktrace]
#0 /var/www/html/modules/Pt/Http/Controllers/Manage/ProductBaseController.php(139): Modules\\Pt\\Services\\ProductBaseService->getProduct('9001')
#1 /var/www/html/vendor/illuminate/container/BoundMethod.php(36): Modules\\Pt\\Http\\Controllers\\Manage\\ProductBaseController->getProduct(Object(Laravel\\Lumen\\Http\\Request))
#2 /var/www/html/vendor/illuminate/container/Util.php(41): Illuminate\\Container\\BoundMethod::Illuminate\\Container\\{closure}()
#3 /var/www/html/vendor/illuminate/container/BoundMethod.php(93): Illuminate\\Container\\Util::unwrapIfClosure(Object(Closure))
#4 /var/www/html/vendor/illuminate/container/BoundMethod.php(37): Illuminate\\Container\\BoundMethod::callBoundMethod(Object(Laravel\\Lumen\\Application), Array, Object(Closure))
#5 /var/www/html/vendor/illuminate/container/Container.php(661): Illuminate\\Container\\BoundMethod::call(Object(Laravel\\Lumen\\Application), Array, Array, NULL)
#6 /var/www/html/vendor/laravel/lumen-framework/src/Concerns/RoutesRequests.php(391): Illuminate\\Container\\Container->call(Array, Array)
#7 /var/www/html/vendor/laravel/lumen-framework/src/Concerns/RoutesRequests.php(357): Laravel\\Lumen\\Application->callControllerCallable(Array, Array)
#8 /var/www/html/vendor/laravel/lumen-framework/src/Concerns/RoutesRequests.php(331): Laravel\\Lumen\\Application->callLumenController(Object(Modules\\Pt\\Http\\Controllers\\Manage\\ProductBaseController), 'getProduct', Array)
#9 /var/www/html/vendor/laravel/lumen-framework/src/Concerns/RoutesRequests.php(284): Laravel\\Lumen\\Application->callControllerAction(Array)
#10 /var/www/html/vendor/laravel/lumen-framework/src/Concerns/RoutesRequests.php(264): Laravel\\Lumen\\Application->callActionOnArrayBasedRoute(Array)
#11 /var/www/html/vendor/laravel/lumen-framework/src/Routing/Pipeline.php(48): Laravel\\Lumen\\Application->Laravel\\Lumen\\Concerns\\{closure}(Object(Laravel\\Lumen\\Http\\Request))
#12 /var/www/html/app/Middleware/AdminAuthenticate.php(43): Laravel\\Lumen\\Routing\\Pipeline->Laravel\\Lumen\\Routing\\{closure}(Object(Laravel\\Lumen\\Http\\Request))
#13 /var/www/html/vendor/illuminate/pipeline/Pipeline.php(180): App\\Middleware\\AdminAuthenticate->handle(Object(Laravel\\Lumen\\Http\\Request), Object(Closure))
#14 /var/www/html/vendor/laravel/lumen-framework/src/Routing/Pipeline.php(30): Illuminate\\Pipeline\\Pipeline->Illuminate\\Pipeline\\{closure}(Object(Laravel\\Lumen\\Http\\Request))
#15 /var/www/html/app/Middleware/Authenticate.php(45): Laravel\\Lumen\\Routing\\Pipeline->Laravel\\Lumen\\Routing\\{closure}(Object(Laravel\\Lumen\\Http\\Request))
#16 /var/www/html/vendor/illuminate/pipeline/Pipeline.php(180): App\\Middleware\\Authenticate->handle(Object(Laravel\\Lumen\\Http\\Request), Object(Closure))
#17 /var/www/html/vendor/laravel/lumen-framework/src/Routing/Pipeline.php(30): Illuminate\\Pipeline\\Pipeline->Illuminate\\Pipeline\\{closure}(Object(Laravel\\Lumen\\Http\\Request))
#18 /var/www/html/vendor/illuminate/pipeline/Pipeline.php(116): Laravel\\Lumen\\Routing\\Pipeline->Laravel\\Lumen\\Routing\\{closure}(Object(Laravel\\Lumen\\Http\\Request))
#19 /var/www/html/vendor/laravel/lumen-framework/src/Concerns/RoutesRequests.php(428): Illuminate\\Pipeline\\Pipeline->then(Object(Closure))
#20 /var/www/html/vendor/laravel/lumen-framework/src/Concerns/RoutesRequests.php(265): Laravel\\Lumen\\Application->sendThroughPipeline(Array, Object(Closure))
#21 /var/www/html/vendor/laravel/lumen-framework/src/Concerns/RoutesRequests.php(171): Laravel\\Lumen\\Application->handleFoundRoute(Array)
#22 /var/www/html/vendor/laravel/lumen-framework/src/Routing/Pipeline.php(48): Laravel\\Lumen\\Application->Laravel\\Lumen\\Concerns\\{closure}(Object(Laravel\\Lumen\\Http\\Request))
#23 /var/www/html/app/Middleware/CrossMiddleware.php(48): Laravel\\Lumen\\Routing\\Pipeline->Laravel\\Lumen\\Routing\\{closure}(Object(Laravel\\Lumen\\Http\\Request))
#24 /var/www/html/vendor/illuminate/pipeline/Pipeline.php(180): App\\Middleware\\CrossMiddleware->handle(Object(Laravel\\Lumen\\Http\\Request), Object(Closure))
#25 /var/www/html/vendor/laravel/lumen-framework/src/Routing/Pipeline.php(30): Illuminate\\Pipeline\\Pipeline->Illuminate\\Pipeline\\{closure}(Object(Laravel\\Lumen\\Http\\Request))
#26 /var/www/html/vendor/illuminate/pipeline/Pipeline.php(116): Laravel\\Lumen\\Routing\\Pipeline->Laravel\\Lumen\\Routing\\{closure}(Object(Laravel\\Lumen\\Http\\Request))
#27 /var/www/html/vendor/laravel/lumen-framework/src/Concerns/RoutesRequests.php(428): Illuminate\\Pipeline\\Pipeline->then(Object(Closure))
#28 /var/www/html/vendor/laravel/lumen-framework/src/Concerns/RoutesRequests.php(177): Laravel\\Lumen\\Application->sendThroughPipeline(Array, Object(Closure))
#29 /var/www/html/vendor/laravel/lumen-framework/src/Concerns/RoutesRequests.php(112): Laravel\\Lumen\\Application->dispatch(NULL)
#30 /var/www/html/public/index.php(28): Laravel\\Lumen\\Application->run()
#31 {main}
"} 
[2026-09-22 14:26:14] production.ERROR: 商品信息数据有误！ {"exception":"[object] (App\\Exceptions\\ErrorException(code: 200): 商品信息数据有误！ at /var/www/html/modules/Pt/Services/ProductBaseService.php:378)
[stacktrace]
#0 /var/www/html/modules/Pt/Http/Controllers/Manage/ProductBaseController.php(139): Modules\\Pt\\Services\\ProductBaseService->getProduct('9002')
#1 /var/www/html/vendor/illuminate/container/BoundMethod.php(36): Modules\\Pt\\Http\\Controllers\\Manage\\ProductBaseController->getProduct(Object(Laravel\\Lumen\\Http\\Request))
#2 /var/www/html/vendor/illuminate/container/Util.php(41): Illuminate\\Container\\BoundMethod::Illuminate\\Container\\{closure}()
#3 /var/www/html/vendor/illuminate/container/BoundMethod.php(93): Illuminate\\Container\\Util::unwrapIfClosure(Object(Closure))
#4 /var/www/html/vendor/illuminate/container/BoundMethod.php(37): Illuminate\\Container\\BoundMethod::callBoundMethod(Object(Laravel\\Lumen\\Application), Array, Object(Closure))
#5 /var/www/html/vendor/illuminate/container/Container.php(661): Illuminate\\Container\\BoundMethod::call(Object(Laravel\\Lumen\\Application), Array, Array, NULL)
#6 /var/www/html/vendor/laravel/lumen-framework/src/Concerns/RoutesRequests.php(391): Illuminate\\Container\\Container->call(Array, Array)
#7 /var/www/html/vendor/laravel/lumen-framework/src/Concerns/RoutesRequests.php(357): Laravel\\Lumen\\Application->callControllerCallable(Array, Array)
#8 /var/www/html/vendor/laravel/lumen-framework/src/Concerns/RoutesRequests.php(331): Laravel\\Lumen\\Application->callLumenController(Object(Modules\\Pt\\Http\\Controllers\\Manage\\ProductBaseController), 'getProduct', Array)
#9 /var/www/html/vendor/laravel/lumen-framework/src/Concerns/RoutesRequests.php(284): Laravel\\Lumen\\Application->callControllerAction(Array)
#10 /var/www/html/vendor/laravel/lumen-framework/src/Concerns/RoutesRequests.php(264): Laravel\\Lumen\\Application->callActionOnArrayBasedRoute(Array)
#11 /var/www/html/vendor/laravel/lumen-framework/src/Routing/Pipeline.php(48): Laravel\\Lumen\\Application->Laravel\\Lumen\\Concerns\\{closure}(Object(Laravel\\Lumen\\Http\\Request))
#12 /var/www/html/app/Middleware/AdminAuthenticate.php(43): Laravel\\Lumen\\Routing\\Pipeline->Laravel\\Lumen\\Routing\\{closure}(Object(Laravel\\Lumen\\Http\\Request))
#13 /var/www/html/vendor/illuminate/pipeline/Pipeline.php(180): App\\Middleware\\AdminAuthenticate->handle(Object(Laravel\\Lumen\\Http\\Request), Object(Closure))
#14 /var/www/html/vendor/laravel/lumen-framework/src/Routing/Pipeline.php(30): Illuminate\\Pipeline\\Pipeline->Illuminate\\Pipeline\\{closure}(Object(Laravel\\Lumen\\Http\\Request))
#15 /var/www/html/app/Middleware/Authenticate.php(45): Laravel\\Lumen\\Routing\\Pipeline->Laravel\\Lumen\\Routing\\{closure}(Object(Laravel\\Lumen\\Http\\Request))
#16 /var/www/html/vendor/illuminate/pipeline/Pipeline.php(180): App\\Middleware\\Authenticate->handle(Object(Laravel\\Lumen\\Http\\Request), Object(Closure))
#17 /var/www/html/vendor/laravel/lumen-framework/src/Routing/Pipeline.php(30): Illuminate\\Pipeline\\Pipeline->Illuminate\\Pipeline\\{closure}(Object(Laravel\\Lumen\\Http\\Request))
#18 /var/www/html/vendor/illuminate/pipeline/Pipeline.php(116): Laravel\\Lumen\\Routing\\Pipeline->Laravel\\Lumen\\Routing\\{closure}(Object(Laravel\\Lumen\\Http\\Request))
#19 /var/www/html/vendor/laravel/lumen-framework/src/Concerns/RoutesRequests.php(428): Illuminate\\Pipeline\\Pipeline->then(Object(Closure))
#20 /var/www/html/vendor/laravel/lumen-framework/src/Concerns/RoutesRequests.php(265): Laravel\\Lumen\\Application->sendThroughPipeline(Array, Object(Closure))
#21 /var/www/html/vendor/laravel/lumen-framework/src/Concerns/RoutesRequests.php(171): Laravel\\Lumen\\Application->handleFoundRoute(Array)
#22 /var/www/html/vendor/laravel/lumen-framework/src/Routing/Pipeline.php(48): Laravel\\Lumen\\Application->Laravel\\Lumen\\Concerns\\{closure}(Object(Laravel\\Lumen\\Http\\Request))
#23 /var/www/html/app/Middleware/CrossMiddleware.php(48): Laravel\\Lumen\\Routing\\Pipeline->Laravel\\Lumen\\Routing\\{closure}(Object(Laravel\\Lumen\\Http\\Request))
#24 /var/www/html/vendor/illuminate/pipeline/Pipeline.php(180): App\\Middleware\\CrossMiddleware->handle(Object(Laravel\\Lumen\\Http\\Request), Object(Closure))
#25 /var/www/html/vendor/laravel/lumen-framework/src/Routing/Pipeline.php(30): Illuminate\\Pipeline\\Pipeline->Illuminate\\Pipeline\\{closure}(Object(Laravel\\Lumen\\Http\\Request))
#26 /var/www/html/vendor/illuminate/pipeline/Pipeline.php(116): Laravel\\Lumen\\Routing\\Pipeline->Laravel\\Lumen\\Routing\\{closure}(Object(Laravel\\Lumen\\Http\\Request))
#27 /var/www/html/vendor/laravel/lumen-framework/src/Concerns/RoutesRequests.php(428): Illuminate\\Pipeline\\Pipeline->then(Object(Closure))
#28 /var/www/html/vendor/laravel/lumen-framework/src/Concerns/RoutesRequests.php(177): Laravel\\Lumen\\Application->sendThroughPipeline(Array, Object(Closure))
#29 /var/www/html/vendor/laravel/lumen-framework/src/Concerns/RoutesRequests.php(112): Laravel\\Lumen\\Application->dispatch(NULL)
#30 /var/www/html/public/index.php(28): Laravel\\Lumen\\Application->run()
#31 {main}
"} 
[2026-09-22 14:28:03] production.ERROR: 商品信息数据有误！ {"exception":"[object] (App\\Exceptions\\ErrorException(code: 200): 商品信息数据有误！ at /var/www/html/modules/Pt/Services/ProductBaseService.php:378)
[stacktrace]
#0 /var/www/html/modules/Pt/Http/Controllers/Manage/ProductBaseController.php(139): Modules\\Pt\\Services\\ProductBaseService->getProduct('9002')
#1 /var/www/html/vendor/illuminate/container/BoundMethod.php(36): Modules\\Pt\\Http\\Controllers\\Manage\\ProductBaseController->getProduct(Object(Laravel\\Lumen\\Http\\Request))
#2 /var/www/html/vendor/illuminate/container/Util.php(41): Illuminate\\Container\\BoundMethod::Illuminate\\Container\\{closure}()
#3 /var/www/html/vendor/illuminate/container/BoundMethod.php(93): Illuminate\\Container\\Util::unwrapIfClosure(Object(Closure))
#4 /var/www/html/vendor/illuminate/container/BoundMethod.php(37): Illuminate\\Container\\BoundMethod::callBoundMethod(Object(Laravel\\Lumen\\Application), Array, Object(Closure))
#5 /var/www/html/vendor/illuminate/container/Container.php(661): Illuminate\\Container\\BoundMethod::call(Object(Laravel\\Lumen\\Application), Array, Array, NULL)
#6 /var/www/html/vendor/laravel/lumen-framework/src/Concerns/RoutesRequests.php(391): Illuminate\\Container\\Container->call(Array, Array)
#7 /var/www/html/vendor/laravel/lumen-framework/src/Concerns/RoutesRequests.php(357): Laravel\\Lumen\\Application->callControllerCallable(Array, Array)
#8 /var/www/html/vendor/laravel/lumen-framework/src/Concerns/RoutesRequests.php(331): Laravel\\Lumen\\Application->callLumenController(Object(Modules\\Pt\\Http\\Controllers\\Manage\\ProductBaseController), 'getProduct', Array)
#9 /var/www/html/vendor/laravel/lumen-framework/src/Concerns/RoutesRequests.php(284): Laravel\\Lumen\\Application->callControllerAction(Array)
#10 /var/www/html/vendor/laravel/lumen-framework/src/Concerns/RoutesRequests.php(264): Laravel\\Lumen\\Application->callActionOnArrayBasedRoute(Array)
#11 /var/www/html/vendor/laravel/lumen-framework/src/Routing/Pipeline.php(48): Laravel\\Lumen\\Application->Laravel\\Lumen\\Concerns\\{closure}(Object(Laravel\\Lumen\\Http\\Request))
#12 /var/www/html/app/Middleware/AdminAuthenticate.php(43): Laravel\\Lumen\\Routing\\Pipeline->Laravel\\Lumen\\Routing\\{closure}(Object(Laravel\\Lumen\\Http\\Request))
#13 /var/www/html/vendor/illuminate/pipeline/Pipeline.php(180): App\\Middleware\\AdminAuthenticate->handle(Object(Laravel\\Lumen\\Http\\Request), Object(Closure))
#14 /var/www/html/vendor/laravel/lumen-framework/src/Routing/Pipeline.php(30): Illuminate\\Pipeline\\Pipeline->Illuminate\\Pipeline\\{closure}(Object(Laravel\\Lumen\\Http\\Request))
#15 /var/www/html/app/Middleware/Authenticate.php(45): Laravel\\Lumen\\Routing\\Pipeline->Laravel\\Lumen\\Routing\\{closure}(Object(Laravel\\Lumen\\Http\\Request))
#16 /var/www/html/vendor/illuminate/pipeline/Pipeline.php(180): App\\Middleware\\Authenticate->handle(Object(Laravel\\Lumen\\Http\\Request), Object(Closure))
#17 /var/www/html/vendor/laravel/lumen-framework/src/Routing/Pipeline.php(30): Illuminate\\Pipeline\\Pipeline->Illuminate\\Pipeline\\{closure}(Object(Laravel\\Lumen\\Http\\Request))
#18 /var/www/html/vendor/illuminate/pipeline/Pipeline.php(116): Laravel\\Lumen\\Routing\\Pipeline->Laravel\\Lumen\\Routing\\{closure}(Object(Laravel\\Lumen\\Http\\Request))
#19 /var/www/html/vendor/laravel/lumen-framework/src/Concerns/RoutesRequests.php(428): Illuminate\\Pipeline\\Pipeline->then(Object(Closure))
#20 /var/www/html/vendor/laravel/lumen-framework/src/Concerns/RoutesRequests.php(265): Laravel\\Lumen\\Application->sendThroughPipeline(Array, Object(Closure))
#21 /var/www/html/vendor/laravel/lumen-framework/src/Concerns/RoutesRequests.php(171): Laravel\\Lumen\\Application->handleFoundRoute(Array)
#22 /var/www/html/vendor/laravel/lumen-framework/src/Routing/Pipeline.php(48): Laravel\\Lumen\\Application->Laravel\\Lumen\\Concerns\\{closure}(Object(Laravel\\Lumen\\Http\\Request))
#23 /var/www/html/app/Middleware/CrossMiddleware.php(48): Laravel\\Lumen\\Routing\\Pipeline->Laravel\\Lumen\\Routing\\{closure}(Object(Laravel\\Lumen\\Http\\Request))
#24 /var/www/html/vendor/illuminate/pipeline/Pipeline.php(180): App\\Middleware\\CrossMiddleware->handle(Object(Laravel\\Lumen\\Http\\Request), Object(Closure))
#25 /var/www/html/vendor/laravel/lumen-framework/src/Routing/Pipeline.php(30): Illuminate\\Pipeline\\Pipeline->Illuminate\\Pipeline\\{closure}(Object(Laravel\\Lumen\\Http\\Request))
#26 /var/www/html/vendor/illuminate/pipeline/Pipeline.php(116): Laravel\\Lumen\\Routing\\Pipeline->Laravel\\Lumen\\Routing\\{closure}(Object(Laravel\\Lumen\\Http\\Request))
#27 /var/www/html/vendor/laravel/lumen-framework/src/Concerns/RoutesRequests.php(428): Illuminate\\Pipeline\\Pipeline->then(Object(Closure))
#28 /var/www/html/vendor/laravel/lumen-framework/src/Concerns/RoutesRequests.php(177): Laravel\\Lumen\\Application->sendThroughPipeline(Array, Object(Closure))
#29 /var/www/html/vendor/laravel/lumen-framework/src/Concerns/RoutesRequests.php(112): Laravel\\Lumen\\Application->dispatch(NULL)
#30 /var/www/html/public/index.php(28): Laravel\\Lumen\\Application->run()
#31 {main}
"} 
[2026-09-22 14:36:32] production.ERROR: 商品信息数据有误！ {"exception":"[object] (App\\Exceptions\\ErrorException(code: 200): 商品信息数据有误！ at /var/www/html/modules/Pt/Services/ProductBaseService.php:378)
[stacktrace]
#0 /var/www/html/modules/Pt/Http/Controllers/Manage/ProductBaseController.php(139): Modules\\Pt\\Services\\ProductBaseService->getProduct('9001')
#1 /var/www/html/vendor/illuminate/container/BoundMethod.php(36): Modules\\Pt\\Http\\Controllers\\Manage\\ProductBaseController->getProduct(Object(Laravel\\Lumen\\Http\\Request))
#2 /var/www/html/vendor/illuminate/container/Util.php(41): Illuminate\\Container\\BoundMethod::Illuminate\\Container\\{closure}()
#3 /var/www/html/vendor/illuminate/container/BoundMethod.php(93): Illuminate\\Container\\Util::unwrapIfClosure(Object(Closure))
#4 /var/www/html/vendor/illuminate/container/BoundMethod.php(37): Illuminate\\Container\\BoundMethod::callBoundMethod(Object(Laravel\\Lumen\\Application), Array, Object(Closure))
#5 /var/www/html/vendor/illuminate/container/Container.php(661): Illuminate\\Container\\BoundMethod::call(Object(Laravel\\Lumen\\Application), Array, Array, NULL)
#6 /var/www/html/vendor/laravel/lumen-framework/src/Concerns/RoutesRequests.php(391): Illuminate\\Container\\Container->call(Array, Array)
#7 /var/www/html/vendor/laravel/lumen-framework/src/Concerns/RoutesRequests.php(357): Laravel\\Lumen\\Application->callControllerCallable(Array, Array)
#8 /var/www/html/vendor/laravel/lumen-framework/src/Concerns/RoutesRequests.php(331): Laravel\\Lumen\\Application->callLumenController(Object(Modules\\Pt\\Http\\Controllers\\Manage\\ProductBaseController), 'getProduct', Array)
#9 /var/www/html/vendor/laravel/lumen-framework/src/Concerns/RoutesRequests.php(284): Laravel\\Lumen\\Application->callControllerAction(Array)
#10 /var/www/html/vendor/laravel/lumen-framework/src/Concerns/RoutesRequests.php(264): Laravel\\Lumen\\Application->callActionOnArrayBasedRoute(Array)
#11 /var/www/html/vendor/laravel/lumen-framework/src/Routing/Pipeline.php(48): Laravel\\Lumen\\Application->Laravel\\Lumen\\Concerns\\{closure}(Object(Laravel\\Lumen\\Http\\Request))
#12 /var/www/html/app/Middleware/AdminAuthenticate.php(43): Laravel\\Lumen\\Routing\\Pipeline->Laravel\\Lumen\\Routing\\{closure}(Object(Laravel\\Lumen\\Http\\Request))
#13 /var/www/html/vendor/illuminate/pipeline/Pipeline.php(180): App\\Middleware\\AdminAuthenticate->handle(Object(Laravel\\Lumen\\Http\\Request), Object(Closure))
#14 /var/www/html/vendor/laravel/lumen-framework/src/Routing/Pipeline.php(30): Illuminate\\Pipeline\\Pipeline->Illuminate\\Pipeline\\{closure}(Object(Laravel\\Lumen\\Http\\Request))
#15 /var/www/html/app/Middleware/Authenticate.php(45): Laravel\\Lumen\\Routing\\Pipeline->Laravel\\Lumen\\Routing\\{closure}(Object(Laravel\\Lumen\\Http\\Request))
#16 /var/www/html/vendor/illuminate/pipeline/Pipeline.php(180): App\\Middleware\\Authenticate->handle(Object(Laravel\\Lumen\\Http\\Request), Object(Closure))
#17 /var/www/html/vendor/laravel/lumen-framework/src/Routing/Pipeline.php(30): Illuminate\\Pipeline\\Pipeline->Illuminate\\Pipeline\\{closure}(Object(Laravel\\Lumen\\Http\\Request))
#18 /var/www/html/vendor/illuminate/pipeline/Pipeline.php(116): Laravel\\Lumen\\Routing\\Pipeline->Laravel\\Lumen\\Routing\\{closure}(Object(Laravel\\Lumen\\Http\\Request))
#19 /var/www/html/vendor/laravel/lumen-framework/src/Concerns/RoutesRequests.php(428): Illuminate\\Pipeline\\Pipeline->then(Object(Closure))
#20 /var/www/html/vendor/laravel/lumen-framework/src/Concerns/RoutesRequests.php(265): Laravel\\Lumen\\Application->sendThroughPipeline(Array, Object(Closure))
#21 /var/www/html/vendor/laravel/lumen-framework/src/Concerns/RoutesRequests.php(171): Laravel\\Lumen\\Application->handleFoundRoute(Array)
#22 /var/www/html/vendor/laravel/lumen-framework/src/Routing/Pipeline.php(48): Laravel\\Lumen\\Application->Laravel\\Lumen\\Concerns\\{closure}(Object(Laravel\\Lumen\\Http\\Request))
#23 /var/www/html/app/Middleware/CrossMiddleware.php(48): Laravel\\Lumen\\Routing\\Pipeline->Laravel\\Lumen\\Routing\\{closure}(Object(Laravel\\Lumen\\Http\\Request))
#24 /var/www/html/vendor/illuminate/pipeline/Pipeline.php(180): App\\Middleware\\CrossMiddleware->handle(Object(Laravel\\Lumen\\Http\\Request), Object(Closure))
#25 /var/www/html/vendor/laravel/lumen-framework/src/Routing/Pipeline.php(30): Illuminate\\Pipeline\\Pipeline->Illuminate\\Pipeline\\{closure}(Object(Laravel\\Lumen\\Http\\Request))
#26 /var/www/html/vendor/illuminate/pipeline/Pipeline.php(116): Laravel\\Lumen\\Routing\\Pipeline->Laravel\\Lumen\\Routing\\{closure}(Object(Laravel\\Lumen\\Http\\Request))
#27 /var/www/html/vendor/laravel/lumen-framework/src/Concerns/RoutesRequests.php(428): Illuminate\\Pipeline\\Pipeline->then(Object(Closure))
#28 /var/www/html/vendor/laravel/lumen-framework/src/Concerns/RoutesRequests.php(177): Laravel\\Lumen\\Application->sendThroughPipeline(Array, Object(Closure))
#29 /var/www/html/vendor/laravel/lumen-framework/src/Concerns/RoutesRequests.php(112): Laravel\\Lumen\\Application->dispatch(NULL)
#30 /var/www/html/public/index.php(28): Laravel\\Lumen\\Application->run()
#31 {main}
"} 
[2026-09-22 14:36:32] production.ERROR: 商品信息数据有误！ {"exception":"[object] (App\\Exceptions\\ErrorException(code: 200): 商品信息数据有误！ at /var/www/html/modules/Pt/Services/ProductBaseService.php:378)
[stacktrace]
#0 /var/www/html/modules/Pt/Http/Controllers/Manage/ProductBaseController.php(139): Modules\\Pt\\Services\\ProductBaseService->getProduct('9002')
#1 /var/www/html/vendor/illuminate/container/BoundMethod.php(36): Modules\\Pt\\Http\\Controllers\\Manage\\ProductBaseController->getProduct(Object(Laravel\\Lumen\\Http\\Request))
#2 /var/www/html/vendor/illuminate/container/Util.php(41): Illuminate\\Container\\BoundMethod::Illuminate\\Container\\{closure}()
#3 /var/www/html/vendor/illuminate/container/BoundMethod.php(93): Illuminate\\Container\\Util::unwrapIfClosure(Object(Closure))
#4 /var/www/html/vendor/illuminate/container/BoundMethod.php(37): Illuminate\\Container\\BoundMethod::callBoundMethod(Object(Laravel\\Lumen\\Application), Array, Object(Closure))
#5 /var/www/html/vendor/illuminate/container/Container.php(661): Illuminate\\Container\\BoundMethod::call(Object(Laravel\\Lumen\\Application), Array, Array, NULL)
#6 /var/www/html/vendor/laravel/lumen-framework/src/Concerns/RoutesRequests.php(391): Illuminate\\Container\\Container->call(Array, Array)
#7 /var/www/html/vendor/laravel/lumen-framework/src/Concerns/RoutesRequests.php(357): Laravel\\Lumen\\Application->callControllerCallable(Array, Array)
#8 /var/www/html/vendor/laravel/lumen-framework/src/Concerns/RoutesRequests.php(331): Laravel\\Lumen\\Application->callLumenController(Object(Modules\\Pt\\Http\\Controllers\\Manage\\ProductBaseController), 'getProduct', Array)
#9 /var/www/html/vendor/laravel/lumen-framework/src/Concerns/RoutesRequests.php(284): Laravel\\Lumen\\Application->callControllerAction(Array)
#10 /var/www/html/vendor/laravel/lumen-framework/src/Concerns/RoutesRequests.php(264): Laravel\\Lumen\\Application->callActionOnArrayBasedRoute(Array)
#11 /var/www/html/vendor/laravel/lumen-framework/src/Routing/Pipeline.php(48): Laravel\\Lumen\\Application->Laravel\\Lumen\\Concerns\\{closure}(Object(Laravel\\Lumen\\Http\\Request))
#12 /var/www/html/app/Middleware/AdminAuthenticate.php(43): Laravel\\Lumen\\Routing\\Pipeline->Laravel\\Lumen\\Routing\\{closure}(Object(Laravel\\Lumen\\Http\\Request))
#13 /var/www/html/vendor/illuminate/pipeline/Pipeline.php(180): App\\Middleware\\AdminAuthenticate->handle(Object(Laravel\\Lumen\\Http\\Request), Object(Closure))
#14 /var/www/html/vendor/laravel/lumen-framework/src/Routing/Pipeline.php(30): Illuminate\\Pipeline\\Pipeline->Illuminate\\Pipeline\\{closure}(Object(Laravel\\Lumen\\Http\\Request))
#15 /var/www/html/app/Middleware/Authenticate.php(45): Laravel\\Lumen\\Routing\\Pipeline->Laravel\\Lumen\\Routing\\{closure}(Object(Laravel\\Lumen\\Http\\Request))
#16 /var/www/html/vendor/illuminate/pipeline/Pipeline.php(180): App\\Middleware\\Authenticate->handle(Object(Laravel\\Lumen\\Http\\Request), Object(Closure))
#17 /var/www/html/vendor/laravel/lumen-framework/src/Routing/Pipeline.php(30): Illuminate\\Pipeline\\Pipeline->Illuminate\\Pipeline\\{closure}(Object(Laravel\\Lumen\\Http\\Request))
#18 /var/www/html/vendor/illuminate/pipeline/Pipeline.php(116): Laravel\\Lumen\\Routing\\Pipeline->Laravel\\Lumen\\Routing\\{closure}(Object(Laravel\\Lumen\\Http\\Request))
#19 /var/www/html/vendor/laravel/lumen-framework/src/Concerns/RoutesRequests.php(428): Illuminate\\Pipeline\\Pipeline->then(Object(Closure))
#20 /var/www/html/vendor/laravel/lumen-framework/src/Concerns/RoutesRequests.php(265): Laravel\\Lumen\\Application->sendThroughPipeline(Array, Object(Closure))
#21 /var/www/html/vendor/laravel/lumen-framework/src/Concerns/RoutesRequests.php(171): Laravel\\Lumen\\Application->handleFoundRoute(Array)
#22 /var/www/html/vendor/laravel/lumen-framework/src/Routing/Pipeline.php(48): Laravel\\Lumen\\Application->Laravel\\Lumen\\Concerns\\{closure}(Object(Laravel\\Lumen\\Http\\Request))
#23 /var/www/html/app/Middleware/CrossMiddleware.php(48): Laravel\\Lumen\\Routing\\Pipeline->Laravel\\Lumen\\Routing\\{closure}(Object(Laravel\\Lumen\\Http\\Request))
#24 /var/www/html/vendor/illuminate/pipeline/Pipeline.php(180): App\\Middleware\\CrossMiddleware->handle(Object(Laravel\\Lumen\\Http\\Request), Object(Closure))
#25 /var/www/html/vendor/laravel/lumen-framework/src/Routing/Pipeline.php(30): Illuminate\\Pipeline\\Pipeline->Illuminate\\Pipeline\\{closure}(Object(Laravel\\Lumen\\Http\\Request))
#26 /var/www/html/vendor/illuminate/pipeline/Pipeline.php(116): Laravel\\Lumen\\Routing\\Pipeline->Laravel\\Lumen\\Routing\\{closure}(Object(Laravel\\Lumen\\Http\\Request))
#27 /var/www/html/vendor/laravel/lumen-framework/src/Concerns/RoutesRequests.php(428): Illuminate\\Pipeline\\Pipeline->then(Object(Closure))
#28 /var/www/html/vendor/laravel/lumen-framework/src/Concerns/RoutesRequests.php(177): Laravel\\Lumen\\Application->sendThroughPipeline(Array, Object(Closure))
#29 /var/www/html/vendor/laravel/lumen-framework/src/Concerns/RoutesRequests.php(112): Laravel\\Lumen\\Application->dispatch(NULL)
#30 /var/www/html/public/index.php(28): Laravel\\Lumen\\Application->run()
#31 {main}
"} 
[2026-09-22 16:51:37] production.ERROR: There are no commands defined in the "route" namespace. {"exception":"[object] (Symfony\\Component\\Console\\Exception\\NamespaceNotFoundException(code: 0): There are no commands defined in the \"route\" namespace. at /var/www/html/vendor/symfony/console/Application.php:678)
[stacktrace]
#0 /var/www/html/vendor/symfony/console/Application.php(729): Symfony\\Component\\Console\\Application->findNamespace('route')
#1 /var/www/html/vendor/symfony/console/Application.php(266): Symfony\\Component\\Console\\Application->find('route:list')
#2 /var/www/html/vendor/symfony/console/Application.php(175): Symfony\\Component\\Console\\Application->doRun(Object(Symfony\\Component\\Console\\Input\\ArgvInput), Object(Symfony\\Component\\Console\\Output\\ConsoleOutput))
#3 /var/www/html/vendor/illuminate/console/Application.php(102): Symfony\\Component\\Console\\Application->run(Object(Symfony\\Component\\Console\\Input\\ArgvInput), Object(Symfony\\Component\\Console\\Output\\ConsoleOutput))
#4 /var/www/html/vendor/laravel/lumen-framework/src/Console/Kernel.php(116): Illuminate\\Console\\Application->run(Object(Symfony\\Component\\Console\\Input\\ArgvInput), Object(Symfony\\Component\\Console\\Output\\ConsoleOutput))
#5 /var/www/html/artisan(35): Laravel\\Lumen\\Console\\Kernel->handle(Object(Symfony\\Component\\Console\\Input\\ArgvInput), Object(Symfony\\Component\\Console\\Output\\ConsoleOutput))
#6 {main}
"} 
[2026-09-22 16:52:09] production.ERROR: Call to undefined method Modules\Analytics\Repositories\Models\AnalyticsOrder::getOrderNumDate() {"exception":"[object] (BadMethodCallException(code: 0): Call to undefined method Modules\\Analytics\\Repositories\\Models\\AnalyticsOrder::getOrderNumDate() at /var/www/html/vendor/illuminate/support/Traits/ForwardsCalls.php:71)
[stacktrace]
#0 /var/www/html/vendor/illuminate/support/Traits/ForwardsCalls.php(36): Illuminate\\Database\\Eloquent\\Model::throwBadMethodCallException('getOrderNumDate')
#1 /var/www/html/vendor/illuminate/database/Eloquent/Model.php(2330): Illuminate\\Database\\Eloquent\\Model->forwardCallTo(Object(Illuminate\\Database\\Eloquent\\Builder), 'getOrderNumDate', Array)
#2 /var/www/html/modules/Analytics/Services/AnalyticsOrderService.php(156): Illuminate\\Database\\Eloquent\\Model->__call('getOrderNumDate', Array)
#3 /var/www/html/modules/Analytics/Http/Controllers/Manage/AnalyticsController.php(144): Modules\\Analytics\\Services\\AnalyticsOrderService->getCustomerTimeline(NULL)
#4 /var/www/html/vendor/illuminate/container/BoundMethod.php(36): Modules\\Analytics\\Http\\Controllers\\Manage\\AnalyticsController->getCustomerTimeline(Object(Laravel\\Lumen\\Http\\Request))
#5 /var/www/html/vendor/illuminate/container/Util.php(41): Illuminate\\Container\\BoundMethod::Illuminate\\Container\\{closure}()
#6 /var/www/html/vendor/illuminate/container/BoundMethod.php(93): Illuminate\\Container\\Util::unwrapIfClosure(Object(Closure))
#7 /var/www/html/vendor/illuminate/container/BoundMethod.php(37): Illuminate\\Container\\BoundMethod::callBoundMethod(Object(Laravel\\Lumen\\Application), Array, Object(Closure))
#8 /var/www/html/vendor/illuminate/container/Container.php(661): Illuminate\\Container\\BoundMethod::call(Object(Laravel\\Lumen\\Application), Array, Array, NULL)
#9 /var/www/html/vendor/laravel/lumen-framework/src/Concerns/RoutesRequests.php(391): Illuminate\\Container\\Container->call(Array, Array)
#10 /var/www/html/vendor/laravel/lumen-framework/src/Concerns/RoutesRequests.php(357): Laravel\\Lumen\\Application->callControllerCallable(Array, Array)
#11 /var/www/html/vendor/laravel/lumen-framework/src/Concerns/RoutesRequests.php(331): Laravel\\Lumen\\Application->callLumenController(Object(Modules\\Analytics\\Http\\Controllers\\Manage\\AnalyticsController), 'getCustomerTime...', Array)
#12 /var/www/html/vendor/laravel/lumen-framework/src/Concerns/RoutesRequests.php(284): Laravel\\Lumen\\Application->callControllerAction(Array)
#13 /var/www/html/vendor/laravel/lumen-framework/src/Concerns/RoutesRequests.php(264): Laravel\\Lumen\\Application->callActionOnArrayBasedRoute(Array)
#14 /var/www/html/vendor/laravel/lumen-framework/src/Routing/Pipeline.php(48): Laravel\\Lumen\\Application->Laravel\\Lumen\\Concerns\\{closure}(Object(Laravel\\Lumen\\Http\\Request))
#15 /var/www/html/app/Middleware/AdminAuthenticate.php(43): Laravel\\Lumen\\Routing\\Pipeline->Laravel\\Lumen\\Routing\\{closure}(Object(Laravel\\Lumen\\Http\\Request))
#16 /var/www/html/vendor/illuminate/pipeline/Pipeline.php(180): App\\Middleware\\AdminAuthenticate->handle(Object(Laravel\\Lumen\\Http\\Request), Object(Closure))
#17 /var/www/html/vendor/laravel/lumen-framework/src/Routing/Pipeline.php(30): Illuminate\\Pipeline\\Pipeline->Illuminate\\Pipeline\\{closure}(Object(Laravel\\Lumen\\Http\\Request))
#18 /var/www/html/app/Middleware/Authenticate.php(45): Laravel\\Lumen\\Routing\\Pipeline->Laravel\\Lumen\\Routing\\{closure}(Object(Laravel\\Lumen\\Http\\Request))
#19 /var/www/html/vendor/illuminate/pipeline/Pipeline.php(180): App\\Middleware\\Authenticate->handle(Object(Laravel\\Lumen\\Http\\Request), Object(Closure))
#20 /var/www/html/vendor/laravel/lumen-framework/src/Routing/Pipeline.php(30): Illuminate\\Pipeline\\Pipeline->Illuminate\\Pipeline\\{closure}(Object(Laravel\\Lumen\\Http\\Request))
#21 /var/www/html/vendor/illuminate/pipeline/Pipeline.php(116): Laravel\\Lumen\\Routing\\Pipeline->Laravel\\Lumen\\Routing\\{closure}(Object(Laravel\\Lumen\\Http\\Request))
#22 /var/www/html/vendor/laravel/lumen-framework/src/Concerns/RoutesRequests.php(428): Illuminate\\Pipeline\\Pipeline->then(Object(Closure))
#23 /var/www/html/vendor/laravel/lumen-framework/src/Concerns/RoutesRequests.php(265): Laravel\\Lumen\\Application->sendThroughPipeline(Array, Object(Closure))
#24 /var/www/html/vendor/laravel/lumen-framework/src/Concerns/RoutesRequests.php(171): Laravel\\Lumen\\Application->handleFoundRoute(Array)
#25 /var/www/html/vendor/laravel/lumen-framework/src/Routing/Pipeline.php(48): Laravel\\Lumen\\Application->Laravel\\Lumen\\Concerns\\{closure}(Object(Laravel\\Lumen\\Http\\Request))
#26 /var/www/html/app/Middleware/CrossMiddleware.php(48): Laravel\\Lumen\\Routing\\Pipeline->Laravel\\Lumen\\Routing\\{closure}(Object(Laravel\\Lumen\\Http\\Request))
#27 /var/www/html/vendor/illuminate/pipeline/Pipeline.php(180): App\\Middleware\\CrossMiddleware->handle(Object(Laravel\\Lumen\\Http\\Request), Object(Closure))
#28 /var/www/html/vendor/laravel/lumen-framework/src/Routing/Pipeline.php(30): Illuminate\\Pipeline\\Pipeline->Illuminate\\Pipeline\\{closure}(Object(Laravel\\Lumen\\Http\\Request))
#29 /var/www/html/vendor/illuminate/pipeline/Pipeline.php(116): Laravel\\Lumen\\Routing\\Pipeline->Laravel\\Lumen\\Routing\\{closure}(Object(Laravel\\Lumen\\Http\\Request))
#30 /var/www/html/vendor/laravel/lumen-framework/src/Concerns/RoutesRequests.php(428): Illuminate\\Pipeline\\Pipeline->then(Object(Closure))
#31 /var/www/html/vendor/laravel/lumen-framework/src/Concerns/RoutesRequests.php(177): Laravel\\Lumen\\Application->sendThroughPipeline(Array, Object(Closure))
#32 /var/www/html/vendor/laravel/lumen-framework/src/Concerns/RoutesRequests.php(112): Laravel\\Lumen\\Application->dispatch(NULL)
#33 /var/www/html/public/index.php(28): Laravel\\Lumen\\Application->run()
#34 {main}
"} 
[2026-09-22 16:52:09] production.ERROR: 订单号不能为空 {"exception":"[object] (App\\Exceptions\\ErrorException(code: 200): 订单号不能为空 at /var/www/html/modules/O2o/Http/Controllers/Manage/ChainOrderController.php:50)
[stacktrace]
#0 /var/www/html/vendor/illuminate/container/BoundMethod.php(36): Modules\\O2o\\Http\\Controllers\\Manage\\ChainOrderController->detail(Object(Laravel\\Lumen\\Http\\Request))
#1 /var/www/html/vendor/illuminate/container/Util.php(41): Illuminate\\Container\\BoundMethod::Illuminate\\Container\\{closure}()
#2 /var/www/html/vendor/illuminate/container/BoundMethod.php(93): Illuminate\\Container\\Util::unwrapIfClosure(Object(Closure))
#3 /var/www/html/vendor/illuminate/container/BoundMethod.php(37): Illuminate\\Container\\BoundMethod::callBoundMethod(Object(Laravel\\Lumen\\Application), Array, Object(Closure))
#4 /var/www/html/vendor/illuminate/container/Container.php(661): Illuminate\\Container\\BoundMethod::call(Object(Laravel\\Lumen\\Application), Array, Array, NULL)
#5 /var/www/html/vendor/laravel/lumen-framework/src/Concerns/RoutesRequests.php(391): Illuminate\\Container\\Container->call(Array, Array)
#6 /var/www/html/vendor/laravel/lumen-framework/src/Concerns/RoutesRequests.php(357): Laravel\\Lumen\\Application->callControllerCallable(Array, Array)
#7 /var/www/html/vendor/laravel/lumen-framework/src/Concerns/RoutesRequests.php(331): Laravel\\Lumen\\Application->callLumenController(Object(Modules\\O2o\\Http\\Controllers\\Manage\\ChainOrderController), 'detail', Array)
#8 /var/www/html/vendor/laravel/lumen-framework/src/Concerns/RoutesRequests.php(284): Laravel\\Lumen\\Application->callControllerAction(Array)
#9 /var/www/html/vendor/laravel/lumen-framework/src/Concerns/RoutesRequests.php(264): Laravel\\Lumen\\Application->callActionOnArrayBasedRoute(Array)
#10 /var/www/html/vendor/laravel/lumen-framework/src/Routing/Pipeline.php(48): Laravel\\Lumen\\Application->Laravel\\Lumen\\Concerns\\{closure}(Object(Laravel\\Lumen\\Http\\Request))
#11 /var/www/html/app/Middleware/AdminAuthenticate.php(43): Laravel\\Lumen\\Routing\\Pipeline->Laravel\\Lumen\\Routing\\{closure}(Object(Laravel\\Lumen\\Http\\Request))
#12 /var/www/html/vendor/illuminate/pipeline/Pipeline.php(180): App\\Middleware\\AdminAuthenticate->handle(Object(Laravel\\Lumen\\Http\\Request), Object(Closure))
#13 /var/www/html/vendor/laravel/lumen-framework/src/Routing/Pipeline.php(30): Illuminate\\Pipeline\\Pipeline->Illuminate\\Pipeline\\{closure}(Object(Laravel\\Lumen\\Http\\Request))
#14 /var/www/html/app/Middleware/Authenticate.php(45): Laravel\\Lumen\\Routing\\Pipeline->Laravel\\Lumen\\Routing\\{closure}(Object(Laravel\\Lumen\\Http\\Request))
#15 /var/www/html/vendor/illuminate/pipeline/Pipeline.php(180): App\\Middleware\\Authenticate->handle(Object(Laravel\\Lumen\\Http\\Request), Object(Closure))
#16 /var/www/html/vendor/laravel/lumen-framework/src/Routing/Pipeline.php(30): Illuminate\\Pipeline\\Pipeline->Illuminate\\Pipeline\\{closure}(Object(Laravel\\Lumen\\Http\\Request))
#17 /var/www/html/vendor/illuminate/pipeline/Pipeline.php(116): Laravel\\Lumen\\Routing\\Pipeline->Laravel\\Lumen\\Routing\\{closure}(Object(Laravel\\Lumen\\Http\\Request))
#18 /var/www/html/vendor/laravel/lumen-framework/src/Concerns/RoutesRequests.php(428): Illuminate\\Pipeline\\Pipeline->then(Object(Closure))
#19 /var/www/html/vendor/laravel/lumen-framework/src/Concerns/RoutesRequests.php(265): Laravel\\Lumen\\Application->sendThroughPipeline(Array, Object(Closure))
#20 /var/www/html/vendor/laravel/lumen-framework/src/Concerns/RoutesRequests.php(171): Laravel\\Lumen\\Application->handleFoundRoute(Array)
#21 /var/www/html/vendor/laravel/lumen-framework/src/Routing/Pipeline.php(48): Laravel\\Lumen\\Application->Laravel\\Lumen\\Concerns\\{closure}(Object(Laravel\\Lumen\\Http\\Request))
#22 /var/www/html/app/Middleware/CrossMiddleware.php(48): Laravel\\Lumen\\Routing\\Pipeline->Laravel\\Lumen\\Routing\\{closure}(Object(Laravel\\Lumen\\Http\\Request))
#23 /var/www/html/vendor/illuminate/pipeline/Pipeline.php(180): App\\Middleware\\CrossMiddleware->handle(Object(Laravel\\Lumen\\Http\\Request), Object(Closure))
#24 /var/www/html/vendor/laravel/lumen-framework/src/Routing/Pipeline.php(30): Illuminate\\Pipeline\\Pipeline->Illuminate\\Pipeline\\{closure}(Object(Laravel\\Lumen\\Http\\Request))
#25 /var/www/html/vendor/illuminate/pipeline/Pipeline.php(116): Laravel\\Lumen\\Routing\\Pipeline->Laravel\\Lumen\\Routing\\{closure}(Object(Laravel\\Lumen\\Http\\Request))
#26 /var/www/html/vendor/laravel/lumen-framework/src/Concerns/RoutesRequests.php(428): Illuminate\\Pipeline\\Pipeline->then(Object(Closure))
#27 /var/www/html/vendor/laravel/lumen-framework/src/Concerns/RoutesRequests.php(177): Laravel\\Lumen\\Application->sendThroughPipeline(Array, Object(Closure))
#28 /var/www/html/vendor/laravel/lumen-framework/src/Concerns/RoutesRequests.php(112): Laravel\\Lumen\\Application->dispatch(NULL)
#29 /var/www/html/public/index.php(28): Laravel\\Lumen\\Application->run()
#30 {main}
"} 
[2026-09-22 16:52:10] production.ERROR: Undefined array key "brand_ids" {"exception":"[object] (ErrorException(code: 0): Undefined array key \"brand_ids\" at /var/www/html/modules/Pt/Services/ProductTypeService.php:125)
[stacktrace]
#0 /var/www/html/vendor/laravel/lumen-framework/src/Concerns/RegistersExceptionHandlers.php(47): Laravel\\Lumen\\Application->handleError(2, 'Undefined array...', '/var/www/html/m...', 125)
#1 /var/www/html/modules/Pt/Services/ProductTypeService.php(125): Laravel\\Lumen\\Application->Laravel\\Lumen\\Concerns\\{closure}(2, 'Undefined array...', '/var/www/html/m...', 125)
#2 /var/www/html/modules/Pt/Http/Controllers/Manage/ProductTypeController.php(99): Modules\\Pt\\Services\\ProductTypeService->getInfo(NULL)
#3 /var/www/html/vendor/illuminate/container/BoundMethod.php(36): Modules\\Pt\\Http\\Controllers\\Manage\\ProductTypeController->info(Object(Laravel\\Lumen\\Http\\Request))
#4 /var/www/html/vendor/illuminate/container/Util.php(41): Illuminate\\Container\\BoundMethod::Illuminate\\Container\\{closure}()
#5 /var/www/html/vendor/illuminate/container/BoundMethod.php(93): Illuminate\\Container\\Util::unwrapIfClosure(Object(Closure))
#6 /var/www/html/vendor/illuminate/container/BoundMethod.php(37): Illuminate\\Container\\BoundMethod::callBoundMethod(Object(Laravel\\Lumen\\Application), Array, Object(Closure))
#7 /var/www/html/vendor/illuminate/container/Container.php(661): Illuminate\\Container\\BoundMethod::call(Object(Laravel\\Lumen\\Application), Array, Array, NULL)
#8 /var/www/html/vendor/laravel/lumen-framework/src/Concerns/RoutesRequests.php(391): Illuminate\\Container\\Container->call(Array, Array)
#9 /var/www/html/vendor/laravel/lumen-framework/src/Concerns/RoutesRequests.php(357): Laravel\\Lumen\\Application->callControllerCallable(Array, Array)
#10 /var/www/html/vendor/laravel/lumen-framework/src/Concerns/RoutesRequests.php(331): Laravel\\Lumen\\Application->callLumenController(Object(Modules\\Pt\\Http\\Controllers\\Manage\\ProductTypeController), 'info', Array)
#11 /var/www/html/vendor/laravel/lumen-framework/src/Concerns/RoutesRequests.php(284): Laravel\\Lumen\\Application->callControllerAction(Array)
#12 /var/www/html/vendor/laravel/lumen-framework/src/Concerns/RoutesRequests.php(264): Laravel\\Lumen\\Application->callActionOnArrayBasedRoute(Array)
#13 /var/www/html/vendor/laravel/lumen-framework/src/Routing/Pipeline.php(48): Laravel\\Lumen\\Application->Laravel\\Lumen\\Concerns\\{closure}(Object(Laravel\\Lumen\\Http\\Request))
#14 /var/www/html/app/Middleware/AdminAuthenticate.php(43): Laravel\\Lumen\\Routing\\Pipeline->Laravel\\Lumen\\Routing\\{closure}(Object(Laravel\\Lumen\\Http\\Request))
#15 /var/www/html/vendor/illuminate/pipeline/Pipeline.php(180): App\\Middleware\\AdminAuthenticate->handle(Object(Laravel\\Lumen\\Http\\Request), Object(Closure))
#16 /var/www/html/vendor/laravel/lumen-framework/src/Routing/Pipeline.php(30): Illuminate\\Pipeline\\Pipeline->Illuminate\\Pipeline\\{closure}(Object(Laravel\\Lumen\\Http\\Request))
#17 /var/www/html/app/Middleware/Authenticate.php(45): Laravel\\Lumen\\Routing\\Pipeline->Laravel\\Lumen\\Routing\\{closure}(Object(Laravel\\Lumen\\Http\\Request))
#18 /var/www/html/vendor/illuminate/pipeline/Pipeline.php(180): App\\Middleware\\Authenticate->handle(Object(Laravel\\Lumen\\Http\\Request), Object(Closure))
#19 /var/www/html/vendor/laravel/lumen-framework/src/Routing/Pipeline.php(30): Illuminate\\Pipeline\\Pipeline->Illuminate\\Pipeline\\{closure}(Object(Laravel\\Lumen\\Http\\Request))
#20 /var/www/html/vendor/illuminate/pipeline/Pipeline.php(116): Laravel\\Lumen\\Routing\\Pipeline->Laravel\\Lumen\\Routing\\{closure}(Object(Laravel\\Lumen\\Http\\Request))
#21 /var/www/html/vendor/laravel/lumen-framework/src/Concerns/RoutesRequests.php(428): Illuminate\\Pipeline\\Pipeline->then(Object(Closure))
#22 /var/www/html/vendor/laravel/lumen-framework/src/Concerns/RoutesRequests.php(265): Laravel\\Lumen\\Application->sendThroughPipeline(Array, Object(Closure))
#23 /var/www/html/vendor/laravel/lumen-framework/src/Concerns/RoutesRequests.php(171): Laravel\\Lumen\\Application->handleFoundRoute(Array)
#24 /var/www/html/vendor/laravel/lumen-framework/src/Routing/Pipeline.php(48): Laravel\\Lumen\\Application->Laravel\\Lumen\\Concerns\\{closure}(Object(Laravel\\Lumen\\Http\\Request))
#25 /var/www/html/app/Middleware/CrossMiddleware.php(48): Laravel\\Lumen\\Routing\\Pipeline->Laravel\\Lumen\\Routing\\{closure}(Object(Laravel\\Lumen\\Http\\Request))
#26 /var/www/html/vendor/illuminate/pipeline/Pipeline.php(180): App\\Middleware\\CrossMiddleware->handle(Object(Laravel\\Lumen\\Http\\Request), Object(Closure))
#27 /var/www/html/vendor/laravel/lumen-framework/src/Routing/Pipeline.php(30): Illuminate\\Pipeline\\Pipeline->Illuminate\\Pipeline\\{closure}(Object(Laravel\\Lumen\\Http\\Request))
#28 /var/www/html/vendor/illuminate/pipeline/Pipeline.php(116): Laravel\\Lumen\\Routing\\Pipeline->Laravel\\Lumen\\Routing\\{closure}(Object(Laravel\\Lumen\\Http\\Request))
#29 /var/www/html/vendor/laravel/lumen-framework/src/Concerns/RoutesRequests.php(428): Illuminate\\Pipeline\\Pipeline->then(Object(Closure))
#30 /var/www/html/vendor/laravel/lumen-framework/src/Concerns/RoutesRequests.php(177): Laravel\\Lumen\\Application->sendThroughPipeline(Array, Object(Closure))
#31 /var/www/html/vendor/laravel/lumen-framework/src/Concerns/RoutesRequests.php(112): Laravel\\Lumen\\Application->dispatch(NULL)
#32 /var/www/html/public/index.php(28): Laravel\\Lumen\\Application->run()
#33 {main}
"} 
[2026-09-22 16:52:10] production.ERROR: Undefined property: stdClass::$goods {"exception":"[object] (ErrorException(code: 0): Undefined property: stdClass::$goods at /var/www/html/modules/Live/Services/WxLiveService.php:37)
[stacktrace]
#0 /var/www/html/vendor/laravel/lumen-framework/src/Concerns/RegistersExceptionHandlers.php(47): Laravel\\Lumen\\Application->handleError(2, 'Undefined prope...', '/var/www/html/m...', 37)
#1 /var/www/html/modules/Live/Services/WxLiveService.php(37): Laravel\\Lumen\\Application->Laravel\\Lumen\\Concerns\\{closure}(2, 'Undefined prope...', '/var/www/html/m...', 37)
#2 /var/www/html/modules/Live/Http/Controllers/Manage/WxLiveController.php(30): Modules\\Live\\Services\\WxLiveService->getApproved(Object(Laravel\\Lumen\\Http\\Request))
#3 /var/www/html/vendor/illuminate/container/BoundMethod.php(36): Modules\\Live\\Http\\Controllers\\Manage\\WxLiveController->getApproved(Object(Laravel\\Lumen\\Http\\Request))
#4 /var/www/html/vendor/illuminate/container/Util.php(41): Illuminate\\Container\\BoundMethod::Illuminate\\Container\\{closure}()
#5 /var/www/html/vendor/illuminate/container/BoundMethod.php(93): Illuminate\\Container\\Util::unwrapIfClosure(Object(Closure))
#6 /var/www/html/vendor/illuminate/container/BoundMethod.php(37): Illuminate\\Container\\BoundMethod::callBoundMethod(Object(Laravel\\Lumen\\Application), Array, Object(Closure))
#7 /var/www/html/vendor/illuminate/container/Container.php(661): Illuminate\\Container\\BoundMethod::call(Object(Laravel\\Lumen\\Application), Array, Array, NULL)
#8 /var/www/html/vendor/laravel/lumen-framework/src/Concerns/RoutesRequests.php(391): Illuminate\\Container\\Container->call(Array, Array)
#9 /var/www/html/vendor/laravel/lumen-framework/src/Concerns/RoutesRequests.php(357): Laravel\\Lumen\\Application->callControllerCallable(Array, Array)
#10 /var/www/html/vendor/laravel/lumen-framework/src/Concerns/RoutesRequests.php(331): Laravel\\Lumen\\Application->callLumenController(Object(Modules\\Live\\Http\\Controllers\\Manage\\WxLiveController), 'getApproved', Array)
#11 /var/www/html/vendor/laravel/lumen-framework/src/Concerns/RoutesRequests.php(284): Laravel\\Lumen\\Application->callControllerAction(Array)
#12 /var/www/html/vendor/laravel/lumen-framework/src/Concerns/RoutesRequests.php(264): Laravel\\Lumen\\Application->callActionOnArrayBasedRoute(Array)
#13 /var/www/html/vendor/laravel/lumen-framework/src/Routing/Pipeline.php(48): Laravel\\Lumen\\Application->Laravel\\Lumen\\Concerns\\{closure}(Object(Laravel\\Lumen\\Http\\Request))
#14 /var/www/html/app/Middleware/AdminAuthenticate.php(43): Laravel\\Lumen\\Routing\\Pipeline->Laravel\\Lumen\\Routing\\{closure}(Object(Laravel\\Lumen\\Http\\Request))
#15 /var/www/html/vendor/illuminate/pipeline/Pipeline.php(180): App\\Middleware\\AdminAuthenticate->handle(Object(Laravel\\Lumen\\Http\\Request), Object(Closure))
#16 /var/www/html/vendor/laravel/lumen-framework/src/Routing/Pipeline.php(30): Illuminate\\Pipeline\\Pipeline->Illuminate\\Pipeline\\{closure}(Object(Laravel\\Lumen\\Http\\Request))
#17 /var/www/html/app/Middleware/Authenticate.php(45): Laravel\\Lumen\\Routing\\Pipeline->Laravel\\Lumen\\Routing\\{closure}(Object(Laravel\\Lumen\\Http\\Request))
#18 /var/www/html/vendor/illuminate/pipeline/Pipeline.php(180): App\\Middleware\\Authenticate->handle(Object(Laravel\\Lumen\\Http\\Request), Object(Closure))
#19 /var/www/html/vendor/laravel/lumen-framework/src/Routing/Pipeline.php(30): Illuminate\\Pipeline\\Pipeline->Illuminate\\Pipeline\\{closure}(Object(Laravel\\Lumen\\Http\\Request))
#20 /var/www/html/vendor/illuminate/pipeline/Pipeline.php(116): Laravel\\Lumen\\Routing\\Pipeline->Laravel\\Lumen\\Routing\\{closure}(Object(Laravel\\Lumen\\Http\\Request))
#21 /var/www/html/vendor/laravel/lumen-framework/src/Concerns/RoutesRequests.php(428): Illuminate\\Pipeline\\Pipeline->then(Object(Closure))
#22 /var/www/html/vendor/laravel/lumen-framework/src/Concerns/RoutesRequests.php(265): Laravel\\Lumen\\Application->sendThroughPipeline(Array, Object(Closure))
#23 /var/www/html/vendor/laravel/lumen-framework/src/Concerns/RoutesRequests.php(171): Laravel\\Lumen\\Application->handleFoundRoute(Array)
#24 /var/www/html/vendor/laravel/lumen-framework/src/Routing/Pipeline.php(48): Laravel\\Lumen\\Application->Laravel\\Lumen\\Concerns\\{closure}(Object(Laravel\\Lumen\\Http\\Request))
#25 /var/www/html/app/Middleware/CrossMiddleware.php(48): Laravel\\Lumen\\Routing\\Pipeline->Laravel\\Lumen\\Routing\\{closure}(Object(Laravel\\Lumen\\Http\\Request))
#26 /var/www/html/vendor/illuminate/pipeline/Pipeline.php(180): App\\Middleware\\CrossMiddleware->handle(Object(Laravel\\Lumen\\Http\\Request), Object(Closure))
#27 /var/www/html/vendor/laravel/lumen-framework/src/Routing/Pipeline.php(30): Illuminate\\Pipeline\\Pipeline->Illuminate\\Pipeline\\{closure}(Object(Laravel\\Lumen\\Http\\Request))
#28 /var/www/html/vendor/illuminate/pipeline/Pipeline.php(116): Laravel\\Lumen\\Routing\\Pipeline->Laravel\\Lumen\\Routing\\{closure}(Object(Laravel\\Lumen\\Http\\Request))
#29 /var/www/html/vendor/laravel/lumen-framework/src/Concerns/RoutesRequests.php(428): Illuminate\\Pipeline\\Pipeline->then(Object(Closure))
#30 /var/www/html/vendor/laravel/lumen-framework/src/Concerns/RoutesRequests.php(177): Laravel\\Lumen\\Application->sendThroughPipeline(Array, Object(Closure))
#31 /var/www/html/vendor/laravel/lumen-framework/src/Concerns/RoutesRequests.php(112): Laravel\\Lumen\\Application->dispatch(NULL)
#32 /var/www/html/public/index.php(28): Laravel\\Lumen\\Application->run()
#33 {main}
"} 
[2026-09-22 16:52:10] production.ERROR: 未找到该商品！ {"exception":"[object] (App\\Exceptions\\ErrorException(code: 200): 未找到该商品！ at /var/www/html/modules/Pt/Services/ProductBaseService.php:364)
[stacktrace]
#0 /var/www/html/modules/Pt/Http/Controllers/Manage/ProductBaseController.php(139): Modules\\Pt\\Services\\ProductBaseService->getProduct(NULL)
#1 /var/www/html/vendor/illuminate/container/BoundMethod.php(36): Modules\\Pt\\Http\\Controllers\\Manage\\ProductBaseController->getProduct(Object(Laravel\\Lumen\\Http\\Request))
#2 /var/www/html/vendor/illuminate/container/Util.php(41): Illuminate\\Container\\BoundMethod::Illuminate\\Container\\{closure}()
#3 /var/www/html/vendor/illuminate/container/BoundMethod.php(93): Illuminate\\Container\\Util::unwrapIfClosure(Object(Closure))
#4 /var/www/html/vendor/illuminate/container/BoundMethod.php(37): Illuminate\\Container\\BoundMethod::callBoundMethod(Object(Laravel\\Lumen\\Application), Array, Object(Closure))
#5 /var/www/html/vendor/illuminate/container/Container.php(661): Illuminate\\Container\\BoundMethod::call(Object(Laravel\\Lumen\\Application), Array, Array, NULL)
#6 /var/www/html/vendor/laravel/lumen-framework/src/Concerns/RoutesRequests.php(391): Illuminate\\Container\\Container->call(Array, Array)
#7 /var/www/html/vendor/laravel/lumen-framework/src/Concerns/RoutesRequests.php(357): Laravel\\Lumen\\Application->callControllerCallable(Array, Array)
#8 /var/www/html/vendor/laravel/lumen-framework/src/Concerns/RoutesRequests.php(331): Laravel\\Lumen\\Application->callLumenController(Object(Modules\\Pt\\Http\\Controllers\\Manage\\ProductBaseController), 'getProduct', Array)
#9 /var/www/html/vendor/laravel/lumen-framework/src/Concerns/RoutesRequests.php(284): Laravel\\Lumen\\Application->callControllerAction(Array)
#10 /var/www/html/vendor/laravel/lumen-framework/src/Concerns/RoutesRequests.php(264): Laravel\\Lumen\\Application->callActionOnArrayBasedRoute(Array)
#11 /var/www/html/vendor/laravel/lumen-framework/src/Routing/Pipeline.php(48): Laravel\\Lumen\\Application->Laravel\\Lumen\\Concerns\\{closure}(Object(Laravel\\Lumen\\Http\\Request))
#12 /var/www/html/app/Middleware/AdminAuthenticate.php(43): Laravel\\Lumen\\Routing\\Pipeline->Laravel\\Lumen\\Routing\\{closure}(Object(Laravel\\Lumen\\Http\\Request))
#13 /var/www/html/vendor/illuminate/pipeline/Pipeline.php(180): App\\Middleware\\AdminAuthenticate->handle(Object(Laravel\\Lumen\\Http\\Request), Object(Closure))
#14 /var/www/html/vendor/laravel/lumen-framework/src/Routing/Pipeline.php(30): Illuminate\\Pipeline\\Pipeline->Illuminate\\Pipeline\\{closure}(Object(Laravel\\Lumen\\Http\\Request))
#15 /var/www/html/app/Middleware/Authenticate.php(45): Laravel\\Lumen\\Routing\\Pipeline->Laravel\\Lumen\\Routing\\{closure}(Object(Laravel\\Lumen\\Http\\Request))
#16 /var/www/html/vendor/illuminate/pipeline/Pipeline.php(180): App\\Middleware\\Authenticate->handle(Object(Laravel\\Lumen\\Http\\Request), Object(Closure))
#17 /var/www/html/vendor/laravel/lumen-framework/src/Routing/Pipeline.php(30): Illuminate\\Pipeline\\Pipeline->Illuminate\\Pipeline\\{closure}(Object(Laravel\\Lumen\\Http\\Request))
#18 /var/www/html/vendor/illuminate/pipeline/Pipeline.php(116): Laravel\\Lumen\\Routing\\Pipeline->Laravel\\Lumen\\Routing\\{closure}(Object(Laravel\\Lumen\\Http\\Request))
#19 /var/www/html/vendor/laravel/lumen-framework/src/Concerns/RoutesRequests.php(428): Illuminate\\Pipeline\\Pipeline->then(Object(Closure))
#20 /var/www/html/vendor/laravel/lumen-framework/src/Concerns/RoutesRequests.php(265): Laravel\\Lumen\\Application->sendThroughPipeline(Array, Object(Closure))
#21 /var/www/html/vendor/laravel/lumen-framework/src/Concerns/RoutesRequests.php(171): Laravel\\Lumen\\Application->handleFoundRoute(Array)
#22 /var/www/html/vendor/laravel/lumen-framework/src/Routing/Pipeline.php(48): Laravel\\Lumen\\Application->Laravel\\Lumen\\Concerns\\{closure}(Object(Laravel\\Lumen\\Http\\Request))
#23 /var/www/html/app/Middleware/CrossMiddleware.php(48): Laravel\\Lumen\\Routing\\Pipeline->Laravel\\Lumen\\Routing\\{closure}(Object(Laravel\\Lumen\\Http\\Request))
#24 /var/www/html/vendor/illuminate/pipeline/Pipeline.php(180): App\\Middleware\\CrossMiddleware->handle(Object(Laravel\\Lumen\\Http\\Request), Object(Closure))
#25 /var/www/html/vendor/laravel/lumen-framework/src/Routing/Pipeline.php(30): Illuminate\\Pipeline\\Pipeline->Illuminate\\Pipeline\\{closure}(Object(Laravel\\Lumen\\Http\\Request))
#26 /var/www/html/vendor/illuminate/pipeline/Pipeline.php(116): Laravel\\Lumen\\Routing\\Pipeline->Laravel\\Lumen\\Routing\\{closure}(Object(Laravel\\Lumen\\Http\\Request))
#27 /var/www/html/vendor/laravel/lumen-framework/src/Concerns/RoutesRequests.php(428): Illuminate\\Pipeline\\Pipeline->then(Object(Closure))
#28 /var/www/html/vendor/laravel/lumen-framework/src/Concerns/RoutesRequests.php(177): Laravel\\Lumen\\Application->sendThroughPipeline(Array, Object(Closure))
#29 /var/www/html/vendor/laravel/lumen-framework/src/Concerns/RoutesRequests.php(112): Laravel\\Lumen\\Application->dispatch(NULL)
#30 /var/www/html/public/index.php(28): Laravel\\Lumen\\Application->run()
#31 {main}
"} 
[2026-09-22 16:52:11] production.ERROR: Undefined array key "return_id" {"exception":"[object] (ErrorException(code: 0): Undefined array key \"return_id\" at /var/www/html/modules/Trade/Services/OrderReturnService.php:119)
[stacktrace]
#0 /var/www/html/vendor/laravel/lumen-framework/src/Concerns/RegistersExceptionHandlers.php(47): Laravel\\Lumen\\Application->handleError(2, 'Undefined array...', '/var/www/html/m...', 119)
#1 /var/www/html/modules/Trade/Services/OrderReturnService.php(119): Laravel\\Lumen\\Application->Laravel\\Lumen\\Concerns\\{closure}(2, 'Undefined array...', '/var/www/html/m...', 119)
#2 /var/www/html/modules/Trade/Services/OrderReturnService.php(375): Modules\\Trade\\Services\\OrderReturnService->getReturnItems(Array)
#3 /var/www/html/modules/Trade/Http/Controllers/Manage/OrderReturnController.php(43): Modules\\Trade\\Services\\OrderReturnService->getReturnDetail('')
#4 /var/www/html/vendor/illuminate/container/BoundMethod.php(36): Modules\\Trade\\Http\\Controllers\\Manage\\OrderReturnController->getByReturnId(Object(Laravel\\Lumen\\Http\\Request))
#5 /var/www/html/vendor/illuminate/container/Util.php(41): Illuminate\\Container\\BoundMethod::Illuminate\\Container\\{closure}()
#6 /var/www/html/vendor/illuminate/container/BoundMethod.php(93): Illuminate\\Container\\Util::unwrapIfClosure(Object(Closure))
#7 /var/www/html/vendor/illuminate/container/BoundMethod.php(37): Illuminate\\Container\\BoundMethod::callBoundMethod(Object(Laravel\\Lumen\\Application), Array, Object(Closure))
#8 /var/www/html/vendor/illuminate/container/Container.php(661): Illuminate\\Container\\BoundMethod::call(Object(Laravel\\Lumen\\Application), Array, Array, NULL)
#9 /var/www/html/vendor/laravel/lumen-framework/src/Concerns/RoutesRequests.php(391): Illuminate\\Container\\Container->call(Array, Array)
#10 /var/www/html/vendor/laravel/lumen-framework/src/Concerns/RoutesRequests.php(357): Laravel\\Lumen\\Application->callControllerCallable(Array, Array)
#11 /var/www/html/vendor/laravel/lumen-framework/src/Concerns/RoutesRequests.php(331): Laravel\\Lumen\\Application->callLumenController(Object(Modules\\Trade\\Http\\Controllers\\Manage\\OrderReturnController), 'getByReturnId', Array)
#12 /var/www/html/vendor/laravel/lumen-framework/src/Concerns/RoutesRequests.php(284): Laravel\\Lumen\\Application->callControllerAction(Array)
#13 /var/www/html/vendor/laravel/lumen-framework/src/Concerns/RoutesRequests.php(264): Laravel\\Lumen\\Application->callActionOnArrayBasedRoute(Array)
#14 /var/www/html/vendor/laravel/lumen-framework/src/Routing/Pipeline.php(48): Laravel\\Lumen\\Application->Laravel\\Lumen\\Concerns\\{closure}(Object(Laravel\\Lumen\\Http\\Request))
#15 /var/www/html/app/Middleware/AdminAuthenticate.php(43): Laravel\\Lumen\\Routing\\Pipeline->Laravel\\Lumen\\Routing\\{closure}(Object(Laravel\\Lumen\\Http\\Request))
#16 /var/www/html/vendor/illuminate/pipeline/Pipeline.php(180): App\\Middleware\\AdminAuthenticate->handle(Object(Laravel\\Lumen\\Http\\Request), Object(Closure))
#17 /var/www/html/vendor/laravel/lumen-framework/src/Routing/Pipeline.php(30): Illuminate\\Pipeline\\Pipeline->Illuminate\\Pipeline\\{closure}(Object(Laravel\\Lumen\\Http\\Request))
#18 /var/www/html/app/Middleware/Authenticate.php(45): Laravel\\Lumen\\Routing\\Pipeline->Laravel\\Lumen\\Routing\\{closure}(Object(Laravel\\Lumen\\Http\\Request))
#19 /var/www/html/vendor/illuminate/pipeline/Pipeline.php(180): App\\Middleware\\Authenticate->handle(Object(Laravel\\Lumen\\Http\\Request), Object(Closure))
#20 /var/www/html/vendor/laravel/lumen-framework/src/Routing/Pipeline.php(30): Illuminate\\Pipeline\\Pipeline->Illuminate\\Pipeline\\{closure}(Object(Laravel\\Lumen\\Http\\Request))
#21 /var/www/html/vendor/illuminate/pipeline/Pipeline.php(116): Laravel\\Lumen\\Routing\\Pipeline->Laravel\\Lumen\\Routing\\{closure}(Object(Laravel\\Lumen\\Http\\Request))
#22 /var/www/html/vendor/laravel/lumen-framework/src/Concerns/RoutesRequests.php(428): Illuminate\\Pipeline\\Pipeline->then(Object(Closure))
#23 /var/www/html/vendor/laravel/lumen-framework/src/Concerns/RoutesRequests.php(265): Laravel\\Lumen\\Application->sendThroughPipeline(Array, Object(Closure))
#24 /var/www/html/vendor/laravel/lumen-framework/src/Concerns/RoutesRequests.php(171): Laravel\\Lumen\\Application->handleFoundRoute(Array)
#25 /var/www/html/vendor/laravel/lumen-framework/src/Routing/Pipeline.php(48): Laravel\\Lumen\\Application->Laravel\\Lumen\\Concerns\\{closure}(Object(Laravel\\Lumen\\Http\\Request))
#26 /var/www/html/app/Middleware/CrossMiddleware.php(48): Laravel\\Lumen\\Routing\\Pipeline->Laravel\\Lumen\\Routing\\{closure}(Object(Laravel\\Lumen\\Http\\Request))
#27 /var/www/html/vendor/illuminate/pipeline/Pipeline.php(180): App\\Middleware\\CrossMiddleware->handle(Object(Laravel\\Lumen\\Http\\Request), Object(Closure))
#28 /var/www/html/vendor/laravel/lumen-framework/src/Routing/Pipeline.php(30): Illuminate\\Pipeline\\Pipeline->Illuminate\\Pipeline\\{closure}(Object(Laravel\\Lumen\\Http\\Request))
#29 /var/www/html/vendor/illuminate/pipeline/Pipeline.php(116): Laravel\\Lumen\\Routing\\Pipeline->Laravel\\Lumen\\Routing\\{closure}(Object(Laravel\\Lumen\\Http\\Request))
#30 /var/www/html/vendor/laravel/lumen-framework/src/Concerns/RoutesRequests.php(428): Illuminate\\Pipeline\\Pipeline->then(Object(Closure))
#31 /var/www/html/vendor/laravel/lumen-framework/src/Concerns/RoutesRequests.php(177): Laravel\\Lumen\\Application->sendThroughPipeline(Array, Object(Closure))
#32 /var/www/html/vendor/laravel/lumen-framework/src/Concerns/RoutesRequests.php(112): Laravel\\Lumen\\Application->dispatch(NULL)
#33 /var/www/html/public/index.php(28): Laravel\\Lumen\\Application->run()
#34 {main}
"} 
[2026-09-22 16:53:16] production.ERROR: Call to undefined method Modules\Analytics\Repositories\Models\AnalyticsOrder::getOrderNumDate() {"exception":"[object] (BadMethodCallException(code: 0): Call to undefined method Modules\\Analytics\\Repositories\\Models\\AnalyticsOrder::getOrderNumDate() at /var/www/html/vendor/illuminate/support/Traits/ForwardsCalls.php:71)
[stacktrace]
#0 /var/www/html/vendor/illuminate/support/Traits/ForwardsCalls.php(36): Illuminate\\Database\\Eloquent\\Model::throwBadMethodCallException('getOrderNumDate')
#1 /var/www/html/vendor/illuminate/database/Eloquent/Model.php(2330): Illuminate\\Database\\Eloquent\\Model->forwardCallTo(Object(Illuminate\\Database\\Eloquent\\Builder), 'getOrderNumDate', Array)
#2 /var/www/html/modules/Analytics/Services/AnalyticsOrderService.php(156): Illuminate\\Database\\Eloquent\\Model->__call('getOrderNumDate', Array)
#3 /var/www/html/modules/Analytics/Http/Controllers/Manage/AnalyticsController.php(144): Modules\\Analytics\\Services\\AnalyticsOrderService->getCustomerTimeline(NULL)
#4 /var/www/html/vendor/illuminate/container/BoundMethod.php(36): Modules\\Analytics\\Http\\Controllers\\Manage\\AnalyticsController->getCustomerTimeline(Object(Laravel\\Lumen\\Http\\Request))
#5 /var/www/html/vendor/illuminate/container/Util.php(41): Illuminate\\Container\\BoundMethod::Illuminate\\Container\\{closure}()
#6 /var/www/html/vendor/illuminate/container/BoundMethod.php(93): Illuminate\\Container\\Util::unwrapIfClosure(Object(Closure))
#7 /var/www/html/vendor/illuminate/container/BoundMethod.php(37): Illuminate\\Container\\BoundMethod::callBoundMethod(Object(Laravel\\Lumen\\Application), Array, Object(Closure))
#8 /var/www/html/vendor/illuminate/container/Container.php(661): Illuminate\\Container\\BoundMethod::call(Object(Laravel\\Lumen\\Application), Array, Array, NULL)
#9 /var/www/html/vendor/laravel/lumen-framework/src/Concerns/RoutesRequests.php(391): Illuminate\\Container\\Container->call(Array, Array)
#10 /var/www/html/vendor/laravel/lumen-framework/src/Concerns/RoutesRequests.php(357): Laravel\\Lumen\\Application->callControllerCallable(Array, Array)
#11 /var/www/html/vendor/laravel/lumen-framework/src/Concerns/RoutesRequests.php(331): Laravel\\Lumen\\Application->callLumenController(Object(Modules\\Analytics\\Http\\Controllers\\Manage\\AnalyticsController), 'getCustomerTime...', Array)
#12 /var/www/html/vendor/laravel/lumen-framework/src/Concerns/RoutesRequests.php(284): Laravel\\Lumen\\Application->callControllerAction(Array)
#13 /var/www/html/vendor/laravel/lumen-framework/src/Concerns/RoutesRequests.php(264): Laravel\\Lumen\\Application->callActionOnArrayBasedRoute(Array)
#14 /var/www/html/vendor/laravel/lumen-framework/src/Routing/Pipeline.php(48): Laravel\\Lumen\\Application->Laravel\\Lumen\\Concerns\\{closure}(Object(Laravel\\Lumen\\Http\\Request))
#15 /var/www/html/app/Middleware/AdminAuthenticate.php(43): Laravel\\Lumen\\Routing\\Pipeline->Laravel\\Lumen\\Routing\\{closure}(Object(Laravel\\Lumen\\Http\\Request))
#16 /var/www/html/vendor/illuminate/pipeline/Pipeline.php(180): App\\Middleware\\AdminAuthenticate->handle(Object(Laravel\\Lumen\\Http\\Request), Object(Closure))
#17 /var/www/html/vendor/laravel/lumen-framework/src/Routing/Pipeline.php(30): Illuminate\\Pipeline\\Pipeline->Illuminate\\Pipeline\\{closure}(Object(Laravel\\Lumen\\Http\\Request))
#18 /var/www/html/app/Middleware/Authenticate.php(45): Laravel\\Lumen\\Routing\\Pipeline->Laravel\\Lumen\\Routing\\{closure}(Object(Laravel\\Lumen\\Http\\Request))
#19 /var/www/html/vendor/illuminate/pipeline/Pipeline.php(180): App\\Middleware\\Authenticate->handle(Object(Laravel\\Lumen\\Http\\Request), Object(Closure))
#20 /var/www/html/vendor/laravel/lumen-framework/src/Routing/Pipeline.php(30): Illuminate\\Pipeline\\Pipeline->Illuminate\\Pipeline\\{closure}(Object(Laravel\\Lumen\\Http\\Request))
#21 /var/www/html/vendor/illuminate/pipeline/Pipeline.php(116): Laravel\\Lumen\\Routing\\Pipeline->Laravel\\Lumen\\Routing\\{closure}(Object(Laravel\\Lumen\\Http\\Request))
#22 /var/www/html/vendor/laravel/lumen-framework/src/Concerns/RoutesRequests.php(428): Illuminate\\Pipeline\\Pipeline->then(Object(Closure))
#23 /var/www/html/vendor/laravel/lumen-framework/src/Concerns/RoutesRequests.php(265): Laravel\\Lumen\\Application->sendThroughPipeline(Array, Object(Closure))
#24 /var/www/html/vendor/laravel/lumen-framework/src/Concerns/RoutesRequests.php(171): Laravel\\Lumen\\Application->handleFoundRoute(Array)
#25 /var/www/html/vendor/laravel/lumen-framework/src/Routing/Pipeline.php(48): Laravel\\Lumen\\Application->Laravel\\Lumen\\Concerns\\{closure}(Object(Laravel\\Lumen\\Http\\Request))
#26 /var/www/html/app/Middleware/CrossMiddleware.php(48): Laravel\\Lumen\\Routing\\Pipeline->Laravel\\Lumen\\Routing\\{closure}(Object(Laravel\\Lumen\\Http\\Request))
#27 /var/www/html/vendor/illuminate/pipeline/Pipeline.php(180): App\\Middleware\\CrossMiddleware->handle(Object(Laravel\\Lumen\\Http\\Request), Object(Closure))
#28 /var/www/html/vendor/laravel/lumen-framework/src/Routing/Pipeline.php(30): Illuminate\\Pipeline\\Pipeline->Illuminate\\Pipeline\\{closure}(Object(Laravel\\Lumen\\Http\\Request))
#29 /var/www/html/vendor/illuminate/pipeline/Pipeline.php(116): Laravel\\Lumen\\Routing\\Pipeline->Laravel\\Lumen\\Routing\\{closure}(Object(Laravel\\Lumen\\Http\\Request))
#30 /var/www/html/vendor/laravel/lumen-framework/src/Concerns/RoutesRequests.php(428): Illuminate\\Pipeline\\Pipeline->then(Object(Closure))
#31 /var/www/html/vendor/laravel/lumen-framework/src/Concerns/RoutesRequests.php(177): Laravel\\Lumen\\Application->sendThroughPipeline(Array, Object(Closure))
#32 /var/www/html/vendor/laravel/lumen-framework/src/Concerns/RoutesRequests.php(112): Laravel\\Lumen\\Application->dispatch(NULL)
#33 /var/www/html/public/index.php(28): Laravel\\Lumen\\Application->run()
#34 {main}
"} 
[2026-09-22 16:53:16] production.ERROR: Undefined property: stdClass::$goods {"exception":"[object] (ErrorException(code: 0): Undefined property: stdClass::$goods at /var/www/html/modules/Live/Services/WxLiveService.php:37)
[stacktrace]
#0 /var/www/html/vendor/laravel/lumen-framework/src/Concerns/RegistersExceptionHandlers.php(47): Laravel\\Lumen\\Application->handleError(2, 'Undefined prope...', '/var/www/html/m...', 37)
#1 /var/www/html/modules/Live/Services/WxLiveService.php(37): Laravel\\Lumen\\Application->Laravel\\Lumen\\Concerns\\{closure}(2, 'Undefined prope...', '/var/www/html/m...', 37)
#2 /var/www/html/modules/Live/Http/Controllers/Manage/WxLiveController.php(30): Modules\\Live\\Services\\WxLiveService->getApproved(Object(Laravel\\Lumen\\Http\\Request))
#3 /var/www/html/vendor/illuminate/container/BoundMethod.php(36): Modules\\Live\\Http\\Controllers\\Manage\\WxLiveController->getApproved(Object(Laravel\\Lumen\\Http\\Request))
#4 /var/www/html/vendor/illuminate/container/Util.php(41): Illuminate\\Container\\BoundMethod::Illuminate\\Container\\{closure}()
#5 /var/www/html/vendor/illuminate/container/BoundMethod.php(93): Illuminate\\Container\\Util::unwrapIfClosure(Object(Closure))
#6 /var/www/html/vendor/illuminate/container/BoundMethod.php(37): Illuminate\\Container\\BoundMethod::callBoundMethod(Object(Laravel\\Lumen\\Application), Array, Object(Closure))
#7 /var/www/html/vendor/illuminate/container/Container.php(661): Illuminate\\Container\\BoundMethod::call(Object(Laravel\\Lumen\\Application), Array, Array, NULL)
#8 /var/www/html/vendor/laravel/lumen-framework/src/Concerns/RoutesRequests.php(391): Illuminate\\Container\\Container->call(Array, Array)
#9 /var/www/html/vendor/laravel/lumen-framework/src/Concerns/RoutesRequests.php(357): Laravel\\Lumen\\Application->callControllerCallable(Array, Array)
#10 /var/www/html/vendor/laravel/lumen-framework/src/Concerns/RoutesRequests.php(331): Laravel\\Lumen\\Application->callLumenController(Object(Modules\\Live\\Http\\Controllers\\Manage\\WxLiveController), 'getApproved', Array)
#11 /var/www/html/vendor/laravel/lumen-framework/src/Concerns/RoutesRequests.php(284): Laravel\\Lumen\\Application->callControllerAction(Array)
#12 /var/www/html/vendor/laravel/lumen-framework/src/Concerns/RoutesRequests.php(264): Laravel\\Lumen\\Application->callActionOnArrayBasedRoute(Array)
#13 /var/www/html/vendor/laravel/lumen-framework/src/Routing/Pipeline.php(48): Laravel\\Lumen\\Application->Laravel\\Lumen\\Concerns\\{closure}(Object(Laravel\\Lumen\\Http\\Request))
#14 /var/www/html/app/Middleware/AdminAuthenticate.php(43): Laravel\\Lumen\\Routing\\Pipeline->Laravel\\Lumen\\Routing\\{closure}(Object(Laravel\\Lumen\\Http\\Request))
#15 /var/www/html/vendor/illuminate/pipeline/Pipeline.php(180): App\\Middleware\\AdminAuthenticate->handle(Object(Laravel\\Lumen\\Http\\Request), Object(Closure))
#16 /var/www/html/vendor/laravel/lumen-framework/src/Routing/Pipeline.php(30): Illuminate\\Pipeline\\Pipeline->Illuminate\\Pipeline\\{closure}(Object(Laravel\\Lumen\\Http\\Request))
#17 /var/www/html/app/Middleware/Authenticate.php(45): Laravel\\Lumen\\Routing\\Pipeline->Laravel\\Lumen\\Routing\\{closure}(Object(Laravel\\Lumen\\Http\\Request))
#18 /var/www/html/vendor/illuminate/pipeline/Pipeline.php(180): App\\Middleware\\Authenticate->handle(Object(Laravel\\Lumen\\Http\\Request), Object(Closure))
#19 /var/www/html/vendor/laravel/lumen-framework/src/Routing/Pipeline.php(30): Illuminate\\Pipeline\\Pipeline->Illuminate\\Pipeline\\{closure}(Object(Laravel\\Lumen\\Http\\Request))
#20 /var/www/html/vendor/illuminate/pipeline/Pipeline.php(116): Laravel\\Lumen\\Routing\\Pipeline->Laravel\\Lumen\\Routing\\{closure}(Object(Laravel\\Lumen\\Http\\Request))
#21 /var/www/html/vendor/laravel/lumen-framework/src/Concerns/RoutesRequests.php(428): Illuminate\\Pipeline\\Pipeline->then(Object(Closure))
#22 /var/www/html/vendor/laravel/lumen-framework/src/Concerns/RoutesRequests.php(265): Laravel\\Lumen\\Application->sendThroughPipeline(Array, Object(Closure))
#23 /var/www/html/vendor/laravel/lumen-framework/src/Concerns/RoutesRequests.php(171): Laravel\\Lumen\\Application->handleFoundRoute(Array)
#24 /var/www/html/vendor/laravel/lumen-framework/src/Routing/Pipeline.php(48): Laravel\\Lumen\\Application->Laravel\\Lumen\\Concerns\\{closure}(Object(Laravel\\Lumen\\Http\\Request))
#25 /var/www/html/app/Middleware/CrossMiddleware.php(48): Laravel\\Lumen\\Routing\\Pipeline->Laravel\\Lumen\\Routing\\{closure}(Object(Laravel\\Lumen\\Http\\Request))
#26 /var/www/html/vendor/illuminate/pipeline/Pipeline.php(180): App\\Middleware\\CrossMiddleware->handle(Object(Laravel\\Lumen\\Http\\Request), Object(Closure))
#27 /var/www/html/vendor/laravel/lumen-framework/src/Routing/Pipeline.php(30): Illuminate\\Pipeline\\Pipeline->Illuminate\\Pipeline\\{closure}(Object(Laravel\\Lumen\\Http\\Request))
#28 /var/www/html/vendor/illuminate/pipeline/Pipeline.php(116): Laravel\\Lumen\\Routing\\Pipeline->Laravel\\Lumen\\Routing\\{closure}(Object(Laravel\\Lumen\\Http\\Request))
#29 /var/www/html/vendor/laravel/lumen-framework/src/Concerns/RoutesRequests.php(428): Illuminate\\Pipeline\\Pipeline->then(Object(Closure))
#30 /var/www/html/vendor/laravel/lumen-framework/src/Concerns/RoutesRequests.php(177): Laravel\\Lumen\\Application->sendThroughPipeline(Array, Object(Closure))
#31 /var/www/html/vendor/laravel/lumen-framework/src/Concerns/RoutesRequests.php(112): Laravel\\Lumen\\Application->dispatch(NULL)
#32 /var/www/html/public/index.php(28): Laravel\\Lumen\\Application->run()
#33 {main}
"} 
[2026-09-22 16:53:16] production.ERROR: 订单号不能为空 {"exception":"[object] (App\\Exceptions\\ErrorException(code: 200): 订单号不能为空 at /var/www/html/modules/O2o/Http/Controllers/Manage/ChainOrderController.php:50)
[stacktrace]
#0 /var/www/html/vendor/illuminate/container/BoundMethod.php(36): Modules\\O2o\\Http\\Controllers\\Manage\\ChainOrderController->detail(Object(Laravel\\Lumen\\Http\\Request))
#1 /var/www/html/vendor/illuminate/container/Util.php(41): Illuminate\\Container\\BoundMethod::Illuminate\\Container\\{closure}()
#2 /var/www/html/vendor/illuminate/container/BoundMethod.php(93): Illuminate\\Container\\Util::unwrapIfClosure(Object(Closure))
#3 /var/www/html/vendor/illuminate/container/BoundMethod.php(37): Illuminate\\Container\\BoundMethod::callBoundMethod(Object(Laravel\\Lumen\\Application), Array, Object(Closure))
#4 /var/www/html/vendor/illuminate/container/Container.php(661): Illuminate\\Container\\BoundMethod::call(Object(Laravel\\Lumen\\Application), Array, Array, NULL)
#5 /var/www/html/vendor/laravel/lumen-framework/src/Concerns/RoutesRequests.php(391): Illuminate\\Container\\Container->call(Array, Array)
#6 /var/www/html/vendor/laravel/lumen-framework/src/Concerns/RoutesRequests.php(357): Laravel\\Lumen\\Application->callControllerCallable(Array, Array)
#7 /var/www/html/vendor/laravel/lumen-framework/src/Concerns/RoutesRequests.php(331): Laravel\\Lumen\\Application->callLumenController(Object(Modules\\O2o\\Http\\Controllers\\Manage\\ChainOrderController), 'detail', Array)
#8 /var/www/html/vendor/laravel/lumen-framework/src/Concerns/RoutesRequests.php(284): Laravel\\Lumen\\Application->callControllerAction(Array)
#9 /var/www/html/vendor/laravel/lumen-framework/src/Concerns/RoutesRequests.php(264): Laravel\\Lumen\\Application->callActionOnArrayBasedRoute(Array)
#10 /var/www/html/vendor/laravel/lumen-framework/src/Routing/Pipeline.php(48): Laravel\\Lumen\\Application->Laravel\\Lumen\\Concerns\\{closure}(Object(Laravel\\Lumen\\Http\\Request))
#11 /var/www/html/app/Middleware/AdminAuthenticate.php(43): Laravel\\Lumen\\Routing\\Pipeline->Laravel\\Lumen\\Routing\\{closure}(Object(Laravel\\Lumen\\Http\\Request))
#12 /var/www/html/vendor/illuminate/pipeline/Pipeline.php(180): App\\Middleware\\AdminAuthenticate->handle(Object(Laravel\\Lumen\\Http\\Request), Object(Closure))
#13 /var/www/html/vendor/laravel/lumen-framework/src/Routing/Pipeline.php(30): Illuminate\\Pipeline\\Pipeline->Illuminate\\Pipeline\\{closure}(Object(Laravel\\Lumen\\Http\\Request))
#14 /var/www/html/app/Middleware/Authenticate.php(45): Laravel\\Lumen\\Routing\\Pipeline->Laravel\\Lumen\\Routing\\{closure}(Object(Laravel\\Lumen\\Http\\Request))
#15 /var/www/html/vendor/illuminate/pipeline/Pipeline.php(180): App\\Middleware\\Authenticate->handle(Object(Laravel\\Lumen\\Http\\Request), Object(Closure))
#16 /var/www/html/vendor/laravel/lumen-framework/src/Routing/Pipeline.php(30): Illuminate\\Pipeline\\Pipeline->Illuminate\\Pipeline\\{closure}(Object(Laravel\\Lumen\\Http\\Request))
#17 /var/www/html/vendor/illuminate/pipeline/Pipeline.php(116): Laravel\\Lumen\\Routing\\Pipeline->Laravel\\Lumen\\Routing\\{closure}(Object(Laravel\\Lumen\\Http\\Request))
#18 /var/www/html/vendor/laravel/lumen-framework/src/Concerns/RoutesRequests.php(428): Illuminate\\Pipeline\\Pipeline->then(Object(Closure))
#19 /var/www/html/vendor/laravel/lumen-framework/src/Concerns/RoutesRequests.php(265): Laravel\\Lumen\\Application->sendThroughPipeline(Array, Object(Closure))
#20 /var/www/html/vendor/laravel/lumen-framework/src/Concerns/RoutesRequests.php(171): Laravel\\Lumen\\Application->handleFoundRoute(Array)
#21 /var/www/html/vendor/laravel/lumen-framework/src/Routing/Pipeline.php(48): Laravel\\Lumen\\Application->Laravel\\Lumen\\Concerns\\{closure}(Object(Laravel\\Lumen\\Http\\Request))
#22 /var/www/html/app/Middleware/CrossMiddleware.php(48): Laravel\\Lumen\\Routing\\Pipeline->Laravel\\Lumen\\Routing\\{closure}(Object(Laravel\\Lumen\\Http\\Request))
#23 /var/www/html/vendor/illuminate/pipeline/Pipeline.php(180): App\\Middleware\\CrossMiddleware->handle(Object(Laravel\\Lumen\\Http\\Request), Object(Closure))
#24 /var/www/html/vendor/laravel/lumen-framework/src/Routing/Pipeline.php(30): Illuminate\\Pipeline\\Pipeline->Illuminate\\Pipeline\\{closure}(Object(Laravel\\Lumen\\Http\\Request))
#25 /var/www/html/vendor/illuminate/pipeline/Pipeline.php(116): Laravel\\Lumen\\Routing\\Pipeline->Laravel\\Lumen\\Routing\\{closure}(Object(Laravel\\Lumen\\Http\\Request))
#26 /var/www/html/vendor/laravel/lumen-framework/src/Concerns/RoutesRequests.php(428): Illuminate\\Pipeline\\Pipeline->then(Object(Closure))
#27 /var/www/html/vendor/laravel/lumen-framework/src/Concerns/RoutesRequests.php(177): Laravel\\Lumen\\Application->sendThroughPipeline(Array, Object(Closure))
#28 /var/www/html/vendor/laravel/lumen-framework/src/Concerns/RoutesRequests.php(112): Laravel\\Lumen\\Application->dispatch(NULL)
#29 /var/www/html/public/index.php(28): Laravel\\Lumen\\Application->run()
#30 {main}
"} 
[2026-09-22 16:53:16] production.ERROR: Undefined array key "brand_ids" {"exception":"[object] (ErrorException(code: 0): Undefined array key \"brand_ids\" at /var/www/html/modules/Pt/Services/ProductTypeService.php:125)
[stacktrace]
#0 /var/www/html/vendor/laravel/lumen-framework/src/Concerns/RegistersExceptionHandlers.php(47): Laravel\\Lumen\\Application->handleError(2, 'Undefined array...', '/var/www/html/m...', 125)
#1 /var/www/html/modules/Pt/Services/ProductTypeService.php(125): Laravel\\Lumen\\Application->Laravel\\Lumen\\Concerns\\{closure}(2, 'Undefined array...', '/var/www/html/m...', 125)
#2 /var/www/html/modules/Pt/Http/Controllers/Manage/ProductTypeController.php(99): Modules\\Pt\\Services\\ProductTypeService->getInfo(NULL)
#3 /var/www/html/vendor/illuminate/container/BoundMethod.php(36): Modules\\Pt\\Http\\Controllers\\Manage\\ProductTypeController->info(Object(Laravel\\Lumen\\Http\\Request))
#4 /var/www/html/vendor/illuminate/container/Util.php(41): Illuminate\\Container\\BoundMethod::Illuminate\\Container\\{closure}()
#5 /var/www/html/vendor/illuminate/container/BoundMethod.php(93): Illuminate\\Container\\Util::unwrapIfClosure(Object(Closure))
#6 /var/www/html/vendor/illuminate/container/BoundMethod.php(37): Illuminate\\Container\\BoundMethod::callBoundMethod(Object(Laravel\\Lumen\\Application), Array, Object(Closure))
#7 /var/www/html/vendor/illuminate/container/Container.php(661): Illuminate\\Container\\BoundMethod::call(Object(Laravel\\Lumen\\Application), Array, Array, NULL)
#8 /var/www/html/vendor/laravel/lumen-framework/src/Concerns/RoutesRequests.php(391): Illuminate\\Container\\Container->call(Array, Array)
#9 /var/www/html/vendor/laravel/lumen-framework/src/Concerns/RoutesRequests.php(357): Laravel\\Lumen\\Application->callControllerCallable(Array, Array)
#10 /var/www/html/vendor/laravel/lumen-framework/src/Concerns/RoutesRequests.php(331): Laravel\\Lumen\\Application->callLumenController(Object(Modules\\Pt\\Http\\Controllers\\Manage\\ProductTypeController), 'info', Array)
#11 /var/www/html/vendor/laravel/lumen-framework/src/Concerns/RoutesRequests.php(284): Laravel\\Lumen\\Application->callControllerAction(Array)
#12 /var/www/html/vendor/laravel/lumen-framework/src/Concerns/RoutesRequests.php(264): Laravel\\Lumen\\Application->callActionOnArrayBasedRoute(Array)
#13 /var/www/html/vendor/laravel/lumen-framework/src/Routing/Pipeline.php(48): Laravel\\Lumen\\Application->Laravel\\Lumen\\Concerns\\{closure}(Object(Laravel\\Lumen\\Http\\Request))
#14 /var/www/html/app/Middleware/AdminAuthenticate.php(43): Laravel\\Lumen\\Routing\\Pipeline->Laravel\\Lumen\\Routing\\{closure}(Object(Laravel\\Lumen\\Http\\Request))
#15 /var/www/html/vendor/illuminate/pipeline/Pipeline.php(180): App\\Middleware\\AdminAuthenticate->handle(Object(Laravel\\Lumen\\Http\\Request), Object(Closure))
#16 /var/www/html/vendor/laravel/lumen-framework/src/Routing/Pipeline.php(30): Illuminate\\Pipeline\\Pipeline->Illuminate\\Pipeline\\{closure}(Object(Laravel\\Lumen\\Http\\Request))
#17 /var/www/html/app/Middleware/Authenticate.php(45): Laravel\\Lumen\\Routing\\Pipeline->Laravel\\Lumen\\Routing\\{closure}(Object(Laravel\\Lumen\\Http\\Request))
#18 /var/www/html/vendor/illuminate/pipeline/Pipeline.php(180): App\\Middleware\\Authenticate->handle(Object(Laravel\\Lumen\\Http\\Request), Object(Closure))
#19 /var/www/html/vendor/laravel/lumen-framework/src/Routing/Pipeline.php(30): Illuminate\\Pipeline\\Pipeline->Illuminate\\Pipeline\\{closure}(Object(Laravel\\Lumen\\Http\\Request))
#20 /var/www/html/vendor/illuminate/pipeline/Pipeline.php(116): Laravel\\Lumen\\Routing\\Pipeline->Laravel\\Lumen\\Routing\\{closure}(Object(Laravel\\Lumen\\Http\\Request))
#21 /var/www/html/vendor/laravel/lumen-framework/src/Concerns/RoutesRequests.php(428): Illuminate\\Pipeline\\Pipeline->then(Object(Closure))
#22 /var/www/html/vendor/laravel/lumen-framework/src/Concerns/RoutesRequests.php(265): Laravel\\Lumen\\Application->sendThroughPipeline(Array, Object(Closure))
#23 /var/www/html/vendor/laravel/lumen-framework/src/Concerns/RoutesRequests.php(171): Laravel\\Lumen\\Application->handleFoundRoute(Array)
#24 /var/www/html/vendor/laravel/lumen-framework/src/Routing/Pipeline.php(48): Laravel\\Lumen\\Application->Laravel\\Lumen\\Concerns\\{closure}(Object(Laravel\\Lumen\\Http\\Request))
#25 /var/www/html/app/Middleware/CrossMiddleware.php(48): Laravel\\Lumen\\Routing\\Pipeline->Laravel\\Lumen\\Routing\\{closure}(Object(Laravel\\Lumen\\Http\\Request))
#26 /var/www/html/vendor/illuminate/pipeline/Pipeline.php(180): App\\Middleware\\CrossMiddleware->handle(Object(Laravel\\Lumen\\Http\\Request), Object(Closure))
#27 /var/www/html/vendor/laravel/lumen-framework/src/Routing/Pipeline.php(30): Illuminate\\Pipeline\\Pipeline->Illuminate\\Pipeline\\{closure}(Object(Laravel\\Lumen\\Http\\Request))
#28 /var/www/html/vendor/illuminate/pipeline/Pipeline.php(116): Laravel\\Lumen\\Routing\\Pipeline->Laravel\\Lumen\\Routing\\{closure}(Object(Laravel\\Lumen\\Http\\Request))
#29 /var/www/html/vendor/laravel/lumen-framework/src/Concerns/RoutesRequests.php(428): Illuminate\\Pipeline\\Pipeline->then(Object(Closure))
#30 /var/www/html/vendor/laravel/lumen-framework/src/Concerns/RoutesRequests.php(177): Laravel\\Lumen\\Application->sendThroughPipeline(Array, Object(Closure))
#31 /var/www/html/vendor/laravel/lumen-framework/src/Concerns/RoutesRequests.php(112): Laravel\\Lumen\\Application->dispatch(NULL)
#32 /var/www/html/public/index.php(28): Laravel\\Lumen\\Application->run()
#33 {main}
"} 
[2026-09-22 16:53:17] production.ERROR: 未找到该商品！ {"exception":"[object] (App\\Exceptions\\ErrorException(code: 200): 未找到该商品！ at /var/www/html/modules/Pt/Services/ProductBaseService.php:364)
[stacktrace]
#0 /var/www/html/modules/Pt/Http/Controllers/Manage/ProductBaseController.php(139): Modules\\Pt\\Services\\ProductBaseService->getProduct(NULL)
#1 /var/www/html/vendor/illuminate/container/BoundMethod.php(36): Modules\\Pt\\Http\\Controllers\\Manage\\ProductBaseController->getProduct(Object(Laravel\\Lumen\\Http\\Request))
#2 /var/www/html/vendor/illuminate/container/Util.php(41): Illuminate\\Container\\BoundMethod::Illuminate\\Container\\{closure}()
#3 /var/www/html/vendor/illuminate/container/BoundMethod.php(93): Illuminate\\Container\\Util::unwrapIfClosure(Object(Closure))
#4 /var/www/html/vendor/illuminate/container/BoundMethod.php(37): Illuminate\\Container\\BoundMethod::callBoundMethod(Object(Laravel\\Lumen\\Application), Array, Object(Closure))
#5 /var/www/html/vendor/illuminate/container/Container.php(661): Illuminate\\Container\\BoundMethod::call(Object(Laravel\\Lumen\\Application), Array, Array, NULL)
#6 /var/www/html/vendor/laravel/lumen-framework/src/Concerns/RoutesRequests.php(391): Illuminate\\Container\\Container->call(Array, Array)
#7 /var/www/html/vendor/laravel/lumen-framework/src/Concerns/RoutesRequests.php(357): Laravel\\Lumen\\Application->callControllerCallable(Array, Array)
#8 /var/www/html/vendor/laravel/lumen-framework/src/Concerns/RoutesRequests.php(331): Laravel\\Lumen\\Application->callLumenController(Object(Modules\\Pt\\Http\\Controllers\\Manage\\ProductBaseController), 'getProduct', Array)
#9 /var/www/html/vendor/laravel/lumen-framework/src/Concerns/RoutesRequests.php(284): Laravel\\Lumen\\Application->callControllerAction(Array)
#10 /var/www/html/vendor/laravel/lumen-framework/src/Concerns/RoutesRequests.php(264): Laravel\\Lumen\\Application->callActionOnArrayBasedRoute(Array)
#11 /var/www/html/vendor/laravel/lumen-framework/src/Routing/Pipeline.php(48): Laravel\\Lumen\\Application->Laravel\\Lumen\\Concerns\\{closure}(Object(Laravel\\Lumen\\Http\\Request))
#12 /var/www/html/app/Middleware/AdminAuthenticate.php(43): Laravel\\Lumen\\Routing\\Pipeline->Laravel\\Lumen\\Routing\\{closure}(Object(Laravel\\Lumen\\Http\\Request))
#13 /var/www/html/vendor/illuminate/pipeline/Pipeline.php(180): App\\Middleware\\AdminAuthenticate->handle(Object(Laravel\\Lumen\\Http\\Request), Object(Closure))
#14 /var/www/html/vendor/laravel/lumen-framework/src/Routing/Pipeline.php(30): Illuminate\\Pipeline\\Pipeline->Illuminate\\Pipeline\\{closure}(Object(Laravel\\Lumen\\Http\\Request))
#15 /var/www/html/app/Middleware/Authenticate.php(45): Laravel\\Lumen\\Routing\\Pipeline->Laravel\\Lumen\\Routing\\{closure}(Object(Laravel\\Lumen\\Http\\Request))
#16 /var/www/html/vendor/illuminate/pipeline/Pipeline.php(180): App\\Middleware\\Authenticate->handle(Object(Laravel\\Lumen\\Http\\Request), Object(Closure))
#17 /var/www/html/vendor/laravel/lumen-framework/src/Routing/Pipeline.php(30): Illuminate\\Pipeline\\Pipeline->Illuminate\\Pipeline\\{closure}(Object(Laravel\\Lumen\\Http\\Request))
#18 /var/www/html/vendor/illuminate/pipeline/Pipeline.php(116): Laravel\\Lumen\\Routing\\Pipeline->Laravel\\Lumen\\Routing\\{closure}(Object(Laravel\\Lumen\\Http\\Request))
#19 /var/www/html/vendor/laravel/lumen-framework/src/Concerns/RoutesRequests.php(428): Illuminate\\Pipeline\\Pipeline->then(Object(Closure))
#20 /var/www/html/vendor/laravel/lumen-framework/src/Concerns/RoutesRequests.php(265): Laravel\\Lumen\\Application->sendThroughPipeline(Array, Object(Closure))
#21 /var/www/html/vendor/laravel/lumen-framework/src/Concerns/RoutesRequests.php(171): Laravel\\Lumen\\Application->handleFoundRoute(Array)
#22 /var/www/html/vendor/laravel/lumen-framework/src/Routing/Pipeline.php(48): Laravel\\Lumen\\Application->Laravel\\Lumen\\Concerns\\{closure}(Object(Laravel\\Lumen\\Http\\Request))
#23 /var/www/html/app/Middleware/CrossMiddleware.php(48): Laravel\\Lumen\\Routing\\Pipeline->Laravel\\Lumen\\Routing\\{closure}(Object(Laravel\\Lumen\\Http\\Request))
#24 /var/www/html/vendor/illuminate/pipeline/Pipeline.php(180): App\\Middleware\\CrossMiddleware->handle(Object(Laravel\\Lumen\\Http\\Request), Object(Closure))
#25 /var/www/html/vendor/laravel/lumen-framework/src/Routing/Pipeline.php(30): Illuminate\\Pipeline\\Pipeline->Illuminate\\Pipeline\\{closure}(Object(Laravel\\Lumen\\Http\\Request))
#26 /var/www/html/vendor/illuminate/pipeline/Pipeline.php(116): Laravel\\Lumen\\Routing\\Pipeline->Laravel\\Lumen\\Routing\\{closure}(Object(Laravel\\Lumen\\Http\\Request))
#27 /var/www/html/vendor/laravel/lumen-framework/src/Concerns/RoutesRequests.php(428): Illuminate\\Pipeline\\Pipeline->then(Object(Closure))
#28 /var/www/html/vendor/laravel/lumen-framework/src/Concerns/RoutesRequests.php(177): Laravel\\Lumen\\Application->sendThroughPipeline(Array, Object(Closure))
#29 /var/www/html/vendor/laravel/lumen-framework/src/Concerns/RoutesRequests.php(112): Laravel\\Lumen\\Application->dispatch(NULL)
#30 /var/www/html/public/index.php(28): Laravel\\Lumen\\Application->run()
#31 {main}
"} 
[2026-09-22 16:53:17] production.ERROR: Undefined array key "return_id" {"exception":"[object] (ErrorException(code: 0): Undefined array key \"return_id\" at /var/www/html/modules/Trade/Services/OrderReturnService.php:119)
[stacktrace]
#0 /var/www/html/vendor/laravel/lumen-framework/src/Concerns/RegistersExceptionHandlers.php(47): Laravel\\Lumen\\Application->handleError(2, 'Undefined array...', '/var/www/html/m...', 119)
#1 /var/www/html/modules/Trade/Services/OrderReturnService.php(119): Laravel\\Lumen\\Application->Laravel\\Lumen\\Concerns\\{closure}(2, 'Undefined array...', '/var/www/html/m...', 119)
#2 /var/www/html/modules/Trade/Services/OrderReturnService.php(375): Modules\\Trade\\Services\\OrderReturnService->getReturnItems(Array)
#3 /var/www/html/modules/Trade/Http/Controllers/Manage/OrderReturnController.php(43): Modules\\Trade\\Services\\OrderReturnService->getReturnDetail('')
#4 /var/www/html/vendor/illuminate/container/BoundMethod.php(36): Modules\\Trade\\Http\\Controllers\\Manage\\OrderReturnController->getByReturnId(Object(Laravel\\Lumen\\Http\\Request))
#5 /var/www/html/vendor/illuminate/container/Util.php(41): Illuminate\\Container\\BoundMethod::Illuminate\\Container\\{closure}()
#6 /var/www/html/vendor/illuminate/container/BoundMethod.php(93): Illuminate\\Container\\Util::unwrapIfClosure(Object(Closure))
#7 /var/www/html/vendor/illuminate/container/BoundMethod.php(37): Illuminate\\Container\\BoundMethod::callBoundMethod(Object(Laravel\\Lumen\\Application), Array, Object(Closure))
#8 /var/www/html/vendor/illuminate/container/Container.php(661): Illuminate\\Container\\BoundMethod::call(Object(Laravel\\Lumen\\Application), Array, Array, NULL)
#9 /var/www/html/vendor/laravel/lumen-framework/src/Concerns/RoutesRequests.php(391): Illuminate\\Container\\Container->call(Array, Array)
#10 /var/www/html/vendor/laravel/lumen-framework/src/Concerns/RoutesRequests.php(357): Laravel\\Lumen\\Application->callControllerCallable(Array, Array)
#11 /var/www/html/vendor/laravel/lumen-framework/src/Concerns/RoutesRequests.php(331): Laravel\\Lumen\\Application->callLumenController(Object(Modules\\Trade\\Http\\Controllers\\Manage\\OrderReturnController), 'getByReturnId', Array)
#12 /var/www/html/vendor/laravel/lumen-framework/src/Concerns/RoutesRequests.php(284): Laravel\\Lumen\\Application->callControllerAction(Array)
#13 /var/www/html/vendor/laravel/lumen-framework/src/Concerns/RoutesRequests.php(264): Laravel\\Lumen\\Application->callActionOnArrayBasedRoute(Array)
#14 /var/www/html/vendor/laravel/lumen-framework/src/Routing/Pipeline.php(48): Laravel\\Lumen\\Application->Laravel\\Lumen\\Concerns\\{closure}(Object(Laravel\\Lumen\\Http\\Request))
#15 /var/www/html/app/Middleware/AdminAuthenticate.php(43): Laravel\\Lumen\\Routing\\Pipeline->Laravel\\Lumen\\Routing\\{closure}(Object(Laravel\\Lumen\\Http\\Request))
#16 /var/www/html/vendor/illuminate/pipeline/Pipeline.php(180): App\\Middleware\\AdminAuthenticate->handle(Object(Laravel\\Lumen\\Http\\Request), Object(Closure))
#17 /var/www/html/vendor/laravel/lumen-framework/src/Routing/Pipeline.php(30): Illuminate\\Pipeline\\Pipeline->Illuminate\\Pipeline\\{closure}(Object(Laravel\\Lumen\\Http\\Request))
#18 /var/www/html/app/Middleware/Authenticate.php(45): Laravel\\Lumen\\Routing\\Pipeline->Laravel\\Lumen\\Routing\\{closure}(Object(Laravel\\Lumen\\Http\\Request))
#19 /var/www/html/vendor/illuminate/pipeline/Pipeline.php(180): App\\Middleware\\Authenticate->handle(Object(Laravel\\Lumen\\Http\\Request), Object(Closure))
#20 /var/www/html/vendor/laravel/lumen-framework/src/Routing/Pipeline.php(30): Illuminate\\Pipeline\\Pipeline->Illuminate\\Pipeline\\{closure}(Object(Laravel\\Lumen\\Http\\Request))
#21 /var/www/html/vendor/illuminate/pipeline/Pipeline.php(116): Laravel\\Lumen\\Routing\\Pipeline->Laravel\\Lumen\\Routing\\{closure}(Object(Laravel\\Lumen\\Http\\Request))
#22 /var/www/html/vendor/laravel/lumen-framework/src/Concerns/RoutesRequests.php(428): Illuminate\\Pipeline\\Pipeline->then(Object(Closure))
#23 /var/www/html/vendor/laravel/lumen-framework/src/Concerns/RoutesRequests.php(265): Laravel\\Lumen\\Application->sendThroughPipeline(Array, Object(Closure))
#24 /var/www/html/vendor/laravel/lumen-framework/src/Concerns/RoutesRequests.php(171): Laravel\\Lumen\\Application->handleFoundRoute(Array)
#25 /var/www/html/vendor/laravel/lumen-framework/src/Routing/Pipeline.php(48): Laravel\\Lumen\\Application->Laravel\\Lumen\\Concerns\\{closure}(Object(Laravel\\Lumen\\Http\\Request))
#26 /var/www/html/app/Middleware/CrossMiddleware.php(48): Laravel\\Lumen\\Routing\\Pipeline->Laravel\\Lumen\\Routing\\{closure}(Object(Laravel\\Lumen\\Http\\Request))
#27 /var/www/html/vendor/illuminate/pipeline/Pipeline.php(180): App\\Middleware\\CrossMiddleware->handle(Object(Laravel\\Lumen\\Http\\Request), Object(Closure))
#28 /var/www/html/vendor/laravel/lumen-framework/src/Routing/Pipeline.php(30): Illuminate\\Pipeline\\Pipeline->Illuminate\\Pipeline\\{closure}(Object(Laravel\\Lumen\\Http\\Request))
#29 /var/www/html/vendor/illuminate/pipeline/Pipeline.php(116): Laravel\\Lumen\\Routing\\Pipeline->Laravel\\Lumen\\Routing\\{closure}(Object(Laravel\\Lumen\\Http\\Request))
#30 /var/www/html/vendor/laravel/lumen-framework/src/Concerns/RoutesRequests.php(428): Illuminate\\Pipeline\\Pipeline->then(Object(Closure))
#31 /var/www/html/vendor/laravel/lumen-framework/src/Concerns/RoutesRequests.php(177): Laravel\\Lumen\\Application->sendThroughPipeline(Array, Object(Closure))
#32 /var/www/html/vendor/laravel/lumen-framework/src/Concerns/RoutesRequests.php(112): Laravel\\Lumen\\Application->dispatch(NULL)
#33 /var/www/html/public/index.php(28): Laravel\\Lumen\\Application->run()
#34 {main}
"} 
[2026-09-22 17:04:58] production.ERROR: Call to undefined method Modules\Analytics\Repositories\Models\AnalyticsOrder::getOrderNumDate() {"exception":"[object] (BadMethodCallException(code: 0): Call to undefined method Modules\\Analytics\\Repositories\\Models\\AnalyticsOrder::getOrderNumDate() at /var/www/html/vendor/illuminate/support/Traits/ForwardsCalls.php:71)
[stacktrace]
#0 /var/www/html/vendor/illuminate/support/Traits/ForwardsCalls.php(36): Illuminate\\Database\\Eloquent\\Model::throwBadMethodCallException('getOrderNumDate')
#1 /var/www/html/vendor/illuminate/database/Eloquent/Model.php(2330): Illuminate\\Database\\Eloquent\\Model->forwardCallTo(Object(Illuminate\\Database\\Eloquent\\Builder), 'getOrderNumDate', Array)
#2 /var/www/html/modules/Analytics/Services/AnalyticsOrderService.php(156): Illuminate\\Database\\Eloquent\\Model->__call('getOrderNumDate', Array)
#3 /var/www/html/modules/Analytics/Http/Controllers/Manage/AnalyticsController.php(144): Modules\\Analytics\\Services\\AnalyticsOrderService->getCustomerTimeline(NULL)
#4 /var/www/html/vendor/illuminate/container/BoundMethod.php(36): Modules\\Analytics\\Http\\Controllers\\Manage\\AnalyticsController->getCustomerTimeline(Object(Laravel\\Lumen\\Http\\Request))
#5 /var/www/html/vendor/illuminate/container/Util.php(41): Illuminate\\Container\\BoundMethod::Illuminate\\Container\\{closure}()
#6 /var/www/html/vendor/illuminate/container/BoundMethod.php(93): Illuminate\\Container\\Util::unwrapIfClosure(Object(Closure))
#7 /var/www/html/vendor/illuminate/container/BoundMethod.php(37): Illuminate\\Container\\BoundMethod::callBoundMethod(Object(Laravel\\Lumen\\Application), Array, Object(Closure))
#8 /var/www/html/vendor/illuminate/container/Container.php(661): Illuminate\\Container\\BoundMethod::call(Object(Laravel\\Lumen\\Application), Array, Array, NULL)
#9 /var/www/html/vendor/laravel/lumen-framework/src/Concerns/RoutesRequests.php(391): Illuminate\\Container\\Container->call(Array, Array)
#10 /var/www/html/vendor/laravel/lumen-framework/src/Concerns/RoutesRequests.php(357): Laravel\\Lumen\\Application->callControllerCallable(Array, Array)
#11 /var/www/html/vendor/laravel/lumen-framework/src/Concerns/RoutesRequests.php(331): Laravel\\Lumen\\Application->callLumenController(Object(Modules\\Analytics\\Http\\Controllers\\Manage\\AnalyticsController), 'getCustomerTime...', Array)
#12 /var/www/html/vendor/laravel/lumen-framework/src/Concerns/RoutesRequests.php(284): Laravel\\Lumen\\Application->callControllerAction(Array)
#13 /var/www/html/vendor/laravel/lumen-framework/src/Concerns/RoutesRequests.php(264): Laravel\\Lumen\\Application->callActionOnArrayBasedRoute(Array)
#14 /var/www/html/vendor/laravel/lumen-framework/src/Routing/Pipeline.php(48): Laravel\\Lumen\\Application->Laravel\\Lumen\\Concerns\\{closure}(Object(Laravel\\Lumen\\Http\\Request))
#15 /var/www/html/app/Middleware/AdminAuthenticate.php(43): Laravel\\Lumen\\Routing\\Pipeline->Laravel\\Lumen\\Routing\\{closure}(Object(Laravel\\Lumen\\Http\\Request))
#16 /var/www/html/vendor/illuminate/pipeline/Pipeline.php(180): App\\Middleware\\AdminAuthenticate->handle(Object(Laravel\\Lumen\\Http\\Request), Object(Closure))
#17 /var/www/html/vendor/laravel/lumen-framework/src/Routing/Pipeline.php(30): Illuminate\\Pipeline\\Pipeline->Illuminate\\Pipeline\\{closure}(Object(Laravel\\Lumen\\Http\\Request))
#18 /var/www/html/app/Middleware/Authenticate.php(45): Laravel\\Lumen\\Routing\\Pipeline->Laravel\\Lumen\\Routing\\{closure}(Object(Laravel\\Lumen\\Http\\Request))
#19 /var/www/html/vendor/illuminate/pipeline/Pipeline.php(180): App\\Middleware\\Authenticate->handle(Object(Laravel\\Lumen\\Http\\Request), Object(Closure))
#20 /var/www/html/vendor/laravel/lumen-framework/src/Routing/Pipeline.php(30): Illuminate\\Pipeline\\Pipeline->Illuminate\\Pipeline\\{closure}(Object(Laravel\\Lumen\\Http\\Request))
#21 /var/www/html/vendor/illuminate/pipeline/Pipeline.php(116): Laravel\\Lumen\\Routing\\Pipeline->Laravel\\Lumen\\Routing\\{closure}(Object(Laravel\\Lumen\\Http\\Request))
#22 /var/www/html/vendor/laravel/lumen-framework/src/Concerns/RoutesRequests.php(428): Illuminate\\Pipeline\\Pipeline->then(Object(Closure))
#23 /var/www/html/vendor/laravel/lumen-framework/src/Concerns/RoutesRequests.php(265): Laravel\\Lumen\\Application->sendThroughPipeline(Array, Object(Closure))
#24 /var/www/html/vendor/laravel/lumen-framework/src/Concerns/RoutesRequests.php(171): Laravel\\Lumen\\Application->handleFoundRoute(Array)
#25 /var/www/html/vendor/laravel/lumen-framework/src/Routing/Pipeline.php(48): Laravel\\Lumen\\Application->Laravel\\Lumen\\Concerns\\{closure}(Object(Laravel\\Lumen\\Http\\Request))
#26 /var/www/html/app/Middleware/CrossMiddleware.php(48): Laravel\\Lumen\\Routing\\Pipeline->Laravel\\Lumen\\Routing\\{closure}(Object(Laravel\\Lumen\\Http\\Request))
#27 /var/www/html/vendor/illuminate/pipeline/Pipeline.php(180): App\\Middleware\\CrossMiddleware->handle(Object(Laravel\\Lumen\\Http\\Request), Object(Closure))
#28 /var/www/html/vendor/laravel/lumen-framework/src/Routing/Pipeline.php(30): Illuminate\\Pipeline\\Pipeline->Illuminate\\Pipeline\\{closure}(Object(Laravel\\Lumen\\Http\\Request))
#29 /var/www/html/vendor/illuminate/pipeline/Pipeline.php(116): Laravel\\Lumen\\Routing\\Pipeline->Laravel\\Lumen\\Routing\\{closure}(Object(Laravel\\Lumen\\Http\\Request))
#30 /var/www/html/vendor/laravel/lumen-framework/src/Concerns/RoutesRequests.php(428): Illuminate\\Pipeline\\Pipeline->then(Object(Closure))
#31 /var/www/html/vendor/laravel/lumen-framework/src/Concerns/RoutesRequests.php(177): Laravel\\Lumen\\Application->sendThroughPipeline(Array, Object(Closure))
#32 /var/www/html/vendor/laravel/lumen-framework/src/Concerns/RoutesRequests.php(112): Laravel\\Lumen\\Application->dispatch(NULL)
#33 /var/www/html/public/index.php(28): Laravel\\Lumen\\Application->run()
#34 {main}
"} 
[2026-09-22 17:04:58] production.ERROR: Undefined property: stdClass::$goods {"exception":"[object] (ErrorException(code: 0): Undefined property: stdClass::$goods at /var/www/html/modules/Live/Services/WxLiveService.php:37)
[stacktrace]
#0 /var/www/html/vendor/laravel/lumen-framework/src/Concerns/RegistersExceptionHandlers.php(47): Laravel\\Lumen\\Application->handleError(2, 'Undefined prope...', '/var/www/html/m...', 37)
#1 /var/www/html/modules/Live/Services/WxLiveService.php(37): Laravel\\Lumen\\Application->Laravel\\Lumen\\Concerns\\{closure}(2, 'Undefined prope...', '/var/www/html/m...', 37)
#2 /var/www/html/modules/Live/Http/Controllers/Manage/WxLiveController.php(30): Modules\\Live\\Services\\WxLiveService->getApproved(Object(Laravel\\Lumen\\Http\\Request))
#3 /var/www/html/vendor/illuminate/container/BoundMethod.php(36): Modules\\Live\\Http\\Controllers\\Manage\\WxLiveController->getApproved(Object(Laravel\\Lumen\\Http\\Request))
#4 /var/www/html/vendor/illuminate/container/Util.php(41): Illuminate\\Container\\BoundMethod::Illuminate\\Container\\{closure}()
#5 /var/www/html/vendor/illuminate/container/BoundMethod.php(93): Illuminate\\Container\\Util::unwrapIfClosure(Object(Closure))
#6 /var/www/html/vendor/illuminate/container/BoundMethod.php(37): Illuminate\\Container\\BoundMethod::callBoundMethod(Object(Laravel\\Lumen\\Application), Array, Object(Closure))
#7 /var/www/html/vendor/illuminate/container/Container.php(661): Illuminate\\Container\\BoundMethod::call(Object(Laravel\\Lumen\\Application), Array, Array, NULL)
#8 /var/www/html/vendor/laravel/lumen-framework/src/Concerns/RoutesRequests.php(391): Illuminate\\Container\\Container->call(Array, Array)
#9 /var/www/html/vendor/laravel/lumen-framework/src/Concerns/RoutesRequests.php(357): Laravel\\Lumen\\Application->callControllerCallable(Array, Array)
#10 /var/www/html/vendor/laravel/lumen-framework/src/Concerns/RoutesRequests.php(331): Laravel\\Lumen\\Application->callLumenController(Object(Modules\\Live\\Http\\Controllers\\Manage\\WxLiveController), 'getApproved', Array)
#11 /var/www/html/vendor/laravel/lumen-framework/src/Concerns/RoutesRequests.php(284): Laravel\\Lumen\\Application->callControllerAction(Array)
#12 /var/www/html/vendor/laravel/lumen-framework/src/Concerns/RoutesRequests.php(264): Laravel\\Lumen\\Application->callActionOnArrayBasedRoute(Array)
#13 /var/www/html/vendor/laravel/lumen-framework/src/Routing/Pipeline.php(48): Laravel\\Lumen\\Application->Laravel\\Lumen\\Concerns\\{closure}(Object(Laravel\\Lumen\\Http\\Request))
#14 /var/www/html/app/Middleware/AdminAuthenticate.php(43): Laravel\\Lumen\\Routing\\Pipeline->Laravel\\Lumen\\Routing\\{closure}(Object(Laravel\\Lumen\\Http\\Request))
#15 /var/www/html/vendor/illuminate/pipeline/Pipeline.php(180): App\\Middleware\\AdminAuthenticate->handle(Object(Laravel\\Lumen\\Http\\Request), Object(Closure))
#16 /var/www/html/vendor/laravel/lumen-framework/src/Routing/Pipeline.php(30): Illuminate\\Pipeline\\Pipeline->Illuminate\\Pipeline\\{closure}(Object(Laravel\\Lumen\\Http\\Request))
#17 /var/www/html/app/Middleware/Authenticate.php(45): Laravel\\Lumen\\Routing\\Pipeline->Laravel\\Lumen\\Routing\\{closure}(Object(Laravel\\Lumen\\Http\\Request))
#18 /var/www/html/vendor/illuminate/pipeline/Pipeline.php(180): App\\Middleware\\Authenticate->handle(Object(Laravel\\Lumen\\Http\\Request), Object(Closure))
#19 /var/www/html/vendor/laravel/lumen-framework/src/Routing/Pipeline.php(30): Illuminate\\Pipeline\\Pipeline->Illuminate\\Pipeline\\{closure}(Object(Laravel\\Lumen\\Http\\Request))
#20 /var/www/html/vendor/illuminate/pipeline/Pipeline.php(116): Laravel\\Lumen\\Routing\\Pipeline->Laravel\\Lumen\\Routing\\{closure}(Object(Laravel\\Lumen\\Http\\Request))
#21 /var/www/html/vendor/laravel/lumen-framework/src/Concerns/RoutesRequests.php(428): Illuminate\\Pipeline\\Pipeline->then(Object(Closure))
#22 /var/www/html/vendor/laravel/lumen-framework/src/Concerns/RoutesRequests.php(265): Laravel\\Lumen\\Application->sendThroughPipeline(Array, Object(Closure))
#23 /var/www/html/vendor/laravel/lumen-framework/src/Concerns/RoutesRequests.php(171): Laravel\\Lumen\\Application->handleFoundRoute(Array)
#24 /var/www/html/vendor/laravel/lumen-framework/src/Routing/Pipeline.php(48): Laravel\\Lumen\\Application->Laravel\\Lumen\\Concerns\\{closure}(Object(Laravel\\Lumen\\Http\\Request))
#25 /var/www/html/app/Middleware/CrossMiddleware.php(48): Laravel\\Lumen\\Routing\\Pipeline->Laravel\\Lumen\\Routing\\{closure}(Object(Laravel\\Lumen\\Http\\Request))
#26 /var/www/html/vendor/illuminate/pipeline/Pipeline.php(180): App\\Middleware\\CrossMiddleware->handle(Object(Laravel\\Lumen\\Http\\Request), Object(Closure))
#27 /var/www/html/vendor/laravel/lumen-framework/src/Routing/Pipeline.php(30): Illuminate\\Pipeline\\Pipeline->Illuminate\\Pipeline\\{closure}(Object(Laravel\\Lumen\\Http\\Request))
#28 /var/www/html/vendor/illuminate/pipeline/Pipeline.php(116): Laravel\\Lumen\\Routing\\Pipeline->Laravel\\Lumen\\Routing\\{closure}(Object(Laravel\\Lumen\\Http\\Request))
#29 /var/www/html/vendor/laravel/lumen-framework/src/Concerns/RoutesRequests.php(428): Illuminate\\Pipeline\\Pipeline->then(Object(Closure))
#30 /var/www/html/vendor/laravel/lumen-framework/src/Concerns/RoutesRequests.php(177): Laravel\\Lumen\\Application->sendThroughPipeline(Array, Object(Closure))
#31 /var/www/html/vendor/laravel/lumen-framework/src/Concerns/RoutesRequests.php(112): Laravel\\Lumen\\Application->dispatch(NULL)
#32 /var/www/html/public/index.php(28): Laravel\\Lumen\\Application->run()
#33 {main}
"} 
[2026-09-22 17:04:59] production.ERROR: Undefined array key "brand_ids" {"exception":"[object] (ErrorException(code: 0): Undefined array key \"brand_ids\" at /var/www/html/modules/Pt/Services/ProductTypeService.php:125)
[stacktrace]
#0 /var/www/html/vendor/laravel/lumen-framework/src/Concerns/RegistersExceptionHandlers.php(47): Laravel\\Lumen\\Application->handleError(2, 'Undefined array...', '/var/www/html/m...', 125)
#1 /var/www/html/modules/Pt/Services/ProductTypeService.php(125): Laravel\\Lumen\\Application->Laravel\\Lumen\\Concerns\\{closure}(2, 'Undefined array...', '/var/www/html/m...', 125)
#2 /var/www/html/modules/Pt/Http/Controllers/Manage/ProductTypeController.php(99): Modules\\Pt\\Services\\ProductTypeService->getInfo(NULL)
#3 /var/www/html/vendor/illuminate/container/BoundMethod.php(36): Modules\\Pt\\Http\\Controllers\\Manage\\ProductTypeController->info(Object(Laravel\\Lumen\\Http\\Request))
#4 /var/www/html/vendor/illuminate/container/Util.php(41): Illuminate\\Container\\BoundMethod::Illuminate\\Container\\{closure}()
#5 /var/www/html/vendor/illuminate/container/BoundMethod.php(93): Illuminate\\Container\\Util::unwrapIfClosure(Object(Closure))
#6 /var/www/html/vendor/illuminate/container/BoundMethod.php(37): Illuminate\\Container\\BoundMethod::callBoundMethod(Object(Laravel\\Lumen\\Application), Array, Object(Closure))
#7 /var/www/html/vendor/illuminate/container/Container.php(661): Illuminate\\Container\\BoundMethod::call(Object(Laravel\\Lumen\\Application), Array, Array, NULL)
#8 /var/www/html/vendor/laravel/lumen-framework/src/Concerns/RoutesRequests.php(391): Illuminate\\Container\\Container->call(Array, Array)
#9 /var/www/html/vendor/laravel/lumen-framework/src/Concerns/RoutesRequests.php(357): Laravel\\Lumen\\Application->callControllerCallable(Array, Array)
#10 /var/www/html/vendor/laravel/lumen-framework/src/Concerns/RoutesRequests.php(331): Laravel\\Lumen\\Application->callLumenController(Object(Modules\\Pt\\Http\\Controllers\\Manage\\ProductTypeController), 'info', Array)
#11 /var/www/html/vendor/laravel/lumen-framework/src/Concerns/RoutesRequests.php(284): Laravel\\Lumen\\Application->callControllerAction(Array)
#12 /var/www/html/vendor/laravel/lumen-framework/src/Concerns/RoutesRequests.php(264): Laravel\\Lumen\\Application->callActionOnArrayBasedRoute(Array)
#13 /var/www/html/vendor/laravel/lumen-framework/src/Routing/Pipeline.php(48): Laravel\\Lumen\\Application->Laravel\\Lumen\\Concerns\\{closure}(Object(Laravel\\Lumen\\Http\\Request))
#14 /var/www/html/app/Middleware/AdminAuthenticate.php(43): Laravel\\Lumen\\Routing\\Pipeline->Laravel\\Lumen\\Routing\\{closure}(Object(Laravel\\Lumen\\Http\\Request))
#15 /var/www/html/vendor/illuminate/pipeline/Pipeline.php(180): App\\Middleware\\AdminAuthenticate->handle(Object(Laravel\\Lumen\\Http\\Request), Object(Closure))
#16 /var/www/html/vendor/laravel/lumen-framework/src/Routing/Pipeline.php(30): Illuminate\\Pipeline\\Pipeline->Illuminate\\Pipeline\\{closure}(Object(Laravel\\Lumen\\Http\\Request))
#17 /var/www/html/app/Middleware/Authenticate.php(45): Laravel\\Lumen\\Routing\\Pipeline->Laravel\\Lumen\\Routing\\{closure}(Object(Laravel\\Lumen\\Http\\Request))
#18 /var/www/html/vendor/illuminate/pipeline/Pipeline.php(180): App\\Middleware\\Authenticate->handle(Object(Laravel\\Lumen\\Http\\Request), Object(Closure))
#19 /var/www/html/vendor/laravel/lumen-framework/src/Routing/Pipeline.php(30): Illuminate\\Pipeline\\Pipeline->Illuminate\\Pipeline\\{closure}(Object(Laravel\\Lumen\\Http\\Request))
#20 /var/www/html/vendor/illuminate/pipeline/Pipeline.php(116): Laravel\\Lumen\\Routing\\Pipeline->Laravel\\Lumen\\Routing\\{closure}(Object(Laravel\\Lumen\\Http\\Request))
#21 /var/www/html/vendor/laravel/lumen-framework/src/Concerns/RoutesRequests.php(428): Illuminate\\Pipeline\\Pipeline->then(Object(Closure))
#22 /var/www/html/vendor/laravel/lumen-framework/src/Concerns/RoutesRequests.php(265): Laravel\\Lumen\\Application->sendThroughPipeline(Array, Object(Closure))
#23 /var/www/html/vendor/laravel/lumen-framework/src/Concerns/RoutesRequests.php(171): Laravel\\Lumen\\Application->handleFoundRoute(Array)
#24 /var/www/html/vendor/laravel/lumen-framework/src/Routing/Pipeline.php(48): Laravel\\Lumen\\Application->Laravel\\Lumen\\Concerns\\{closure}(Object(Laravel\\Lumen\\Http\\Request))
#25 /var/www/html/app/Middleware/CrossMiddleware.php(48): Laravel\\Lumen\\Routing\\Pipeline->Laravel\\Lumen\\Routing\\{closure}(Object(Laravel\\Lumen\\Http\\Request))
#26 /var/www/html/vendor/illuminate/pipeline/Pipeline.php(180): App\\Middleware\\CrossMiddleware->handle(Object(Laravel\\Lumen\\Http\\Request), Object(Closure))
#27 /var/www/html/vendor/laravel/lumen-framework/src/Routing/Pipeline.php(30): Illuminate\\Pipeline\\Pipeline->Illuminate\\Pipeline\\{closure}(Object(Laravel\\Lumen\\Http\\Request))
#28 /var/www/html/vendor/illuminate/pipeline/Pipeline.php(116): Laravel\\Lumen\\Routing\\Pipeline->Laravel\\Lumen\\Routing\\{closure}(Object(Laravel\\Lumen\\Http\\Request))
#29 /var/www/html/vendor/laravel/lumen-framework/src/Concerns/RoutesRequests.php(428): Illuminate\\Pipeline\\Pipeline->then(Object(Closure))
#30 /var/www/html/vendor/laravel/lumen-framework/src/Concerns/RoutesRequests.php(177): Laravel\\Lumen\\Application->sendThroughPipeline(Array, Object(Closure))
#31 /var/www/html/vendor/laravel/lumen-framework/src/Concerns/RoutesRequests.php(112): Laravel\\Lumen\\Application->dispatch(NULL)
#32 /var/www/html/public/index.php(28): Laravel\\Lumen\\Application->run()
#33 {main}
"} 
[2026-09-22 17:04:59] production.ERROR: Undefined array key "return_id" {"exception":"[object] (ErrorException(code: 0): Undefined array key \"return_id\" at /var/www/html/modules/Trade/Services/OrderReturnService.php:119)
[stacktrace]
#0 /var/www/html/vendor/laravel/lumen-framework/src/Concerns/RegistersExceptionHandlers.php(47): Laravel\\Lumen\\Application->handleError(2, 'Undefined array...', '/var/www/html/m...', 119)
#1 /var/www/html/modules/Trade/Services/OrderReturnService.php(119): Laravel\\Lumen\\Application->Laravel\\Lumen\\Concerns\\{closure}(2, 'Undefined array...', '/var/www/html/m...', 119)
#2 /var/www/html/modules/Trade/Services/OrderReturnService.php(375): Modules\\Trade\\Services\\OrderReturnService->getReturnItems(Array)
#3 /var/www/html/modules/Trade/Http/Controllers/Manage/OrderReturnController.php(43): Modules\\Trade\\Services\\OrderReturnService->getReturnDetail('')
#4 /var/www/html/vendor/illuminate/container/BoundMethod.php(36): Modules\\Trade\\Http\\Controllers\\Manage\\OrderReturnController->getByReturnId(Object(Laravel\\Lumen\\Http\\Request))
#5 /var/www/html/vendor/illuminate/container/Util.php(41): Illuminate\\Container\\BoundMethod::Illuminate\\Container\\{closure}()
#6 /var/www/html/vendor/illuminate/container/BoundMethod.php(93): Illuminate\\Container\\Util::unwrapIfClosure(Object(Closure))
#7 /var/www/html/vendor/illuminate/container/BoundMethod.php(37): Illuminate\\Container\\BoundMethod::callBoundMethod(Object(Laravel\\Lumen\\Application), Array, Object(Closure))
#8 /var/www/html/vendor/illuminate/container/Container.php(661): Illuminate\\Container\\BoundMethod::call(Object(Laravel\\Lumen\\Application), Array, Array, NULL)
#9 /var/www/html/vendor/laravel/lumen-framework/src/Concerns/RoutesRequests.php(391): Illuminate\\Container\\Container->call(Array, Array)
#10 /var/www/html/vendor/laravel/lumen-framework/src/Concerns/RoutesRequests.php(357): Laravel\\Lumen\\Application->callControllerCallable(Array, Array)
#11 /var/www/html/vendor/laravel/lumen-framework/src/Concerns/RoutesRequests.php(331): Laravel\\Lumen\\Application->callLumenController(Object(Modules\\Trade\\Http\\Controllers\\Manage\\OrderReturnController), 'getByReturnId', Array)
#12 /var/www/html/vendor/laravel/lumen-framework/src/Concerns/RoutesRequests.php(284): Laravel\\Lumen\\Application->callControllerAction(Array)
#13 /var/www/html/vendor/laravel/lumen-framework/src/Concerns/RoutesRequests.php(264): Laravel\\Lumen\\Application->callActionOnArrayBasedRoute(Array)
#14 /var/www/html/vendor/laravel/lumen-framework/src/Routing/Pipeline.php(48): Laravel\\Lumen\\Application->Laravel\\Lumen\\Concerns\\{closure}(Object(Laravel\\Lumen\\Http\\Request))
#15 /var/www/html/app/Middleware/AdminAuthenticate.php(43): Laravel\\Lumen\\Routing\\Pipeline->Laravel\\Lumen\\Routing\\{closure}(Object(Laravel\\Lumen\\Http\\Request))
#16 /var/www/html/vendor/illuminate/pipeline/Pipeline.php(180): App\\Middleware\\AdminAuthenticate->handle(Object(Laravel\\Lumen\\Http\\Request), Object(Closure))
#17 /var/www/html/vendor/laravel/lumen-framework/src/Routing/Pipeline.php(30): Illuminate\\Pipeline\\Pipeline->Illuminate\\Pipeline\\{closure}(Object(Laravel\\Lumen\\Http\\Request))
#18 /var/www/html/app/Middleware/Authenticate.php(45): Laravel\\Lumen\\Routing\\Pipeline->Laravel\\Lumen\\Routing\\{closure}(Object(Laravel\\Lumen\\Http\\Request))
#19 /var/www/html/vendor/illuminate/pipeline/Pipeline.php(180): App\\Middleware\\Authenticate->handle(Object(Laravel\\Lumen\\Http\\Request), Object(Closure))
#20 /var/www/html/vendor/laravel/lumen-framework/src/Routing/Pipeline.php(30): Illuminate\\Pipeline\\Pipeline->Illuminate\\Pipeline\\{closure}(Object(Laravel\\Lumen\\Http\\Request))
#21 /var/www/html/vendor/illuminate/pipeline/Pipeline.php(116): Laravel\\Lumen\\Routing\\Pipeline->Laravel\\Lumen\\Routing\\{closure}(Object(Laravel\\Lumen\\Http\\Request))
#22 /var/www/html/vendor/laravel/lumen-framework/src/Concerns/RoutesRequests.php(428): Illuminate\\Pipeline\\Pipeline->then(Object(Closure))
#23 /var/www/html/vendor/laravel/lumen-framework/src/Concerns/RoutesRequests.php(265): Laravel\\Lumen\\Application->sendThroughPipeline(Array, Object(Closure))
#24 /var/www/html/vendor/laravel/lumen-framework/src/Concerns/RoutesRequests.php(171): Laravel\\Lumen\\Application->handleFoundRoute(Array)
#25 /var/www/html/vendor/laravel/lumen-framework/src/Routing/Pipeline.php(48): Laravel\\Lumen\\Application->Laravel\\Lumen\\Concerns\\{closure}(Object(Laravel\\Lumen\\Http\\Request))
#26 /var/www/html/app/Middleware/CrossMiddleware.php(48): Laravel\\Lumen\\Routing\\Pipeline->Laravel\\Lumen\\Routing\\{closure}(Object(Laravel\\Lumen\\Http\\Request))
#27 /var/www/html/vendor/illuminate/pipeline/Pipeline.php(180): App\\Middleware\\CrossMiddleware->handle(Object(Laravel\\Lumen\\Http\\Request), Object(Closure))
#28 /var/www/html/vendor/laravel/lumen-framework/src/Routing/Pipeline.php(30): Illuminate\\Pipeline\\Pipeline->Illuminate\\Pipeline\\{closure}(Object(Laravel\\Lumen\\Http\\Request))
#29 /var/www/html/vendor/illuminate/pipeline/Pipeline.php(116): Laravel\\Lumen\\Routing\\Pipeline->Laravel\\Lumen\\Routing\\{closure}(Object(Laravel\\Lumen\\Http\\Request))
#30 /var/www/html/vendor/laravel/lumen-framework/src/Concerns/RoutesRequests.php(428): Illuminate\\Pipeline\\Pipeline->then(Object(Closure))
#31 /var/www/html/vendor/laravel/lumen-framework/src/Concerns/RoutesRequests.php(177): Laravel\\Lumen\\Application->sendThroughPipeline(Array, Object(Closure))
#32 /var/www/html/vendor/laravel/lumen-framework/src/Concerns/RoutesRequests.php(112): Laravel\\Lumen\\Application->dispatch(NULL)
#33 /var/www/html/public/index.php(28): Laravel\\Lumen\\Application->run()
#34 {main}
"} 
[2026-09-22 17:17:42] production.ERROR: 请选择要删除的数据 {"exception":"[object] (App\\Exceptions\\ErrorException(code: 200): 请选择要删除的数据 at /var/www/html/modules/Sys/Services/DistrictBaseService.php:63)
[stacktrace]
#0 /var/www/html/modules/Sys/Http/Controllers/Manage/DistrictBaseController.php(84): Modules\\Sys\\Services\\DistrictBaseService->removeBatch(Object(Laravel\\Lumen\\Http\\Request))
#1 /var/www/html/vendor/illuminate/container/BoundMethod.php(36): Modules\\Sys\\Http\\Controllers\\Manage\\DistrictBaseController->removeBatch(Object(Laravel\\Lumen\\Http\\Request))
#2 /var/www/html/vendor/illuminate/container/Util.php(41): Illuminate\\Container\\BoundMethod::Illuminate\\Container\\{closure}()
#3 /var/www/html/vendor/illuminate/container/BoundMethod.php(93): Illuminate\\Container\\Util::unwrapIfClosure(Object(Closure))
#4 /var/www/html/vendor/illuminate/container/BoundMethod.php(37): Illuminate\\Container\\BoundMethod::callBoundMethod(Object(Laravel\\Lumen\\Application), Array, Object(Closure))
#5 /var/www/html/vendor/illuminate/container/Container.php(661): Illuminate\\Container\\BoundMethod::call(Object(Laravel\\Lumen\\Application), Array, Array, NULL)
#6 /var/www/html/vendor/laravel/lumen-framework/src/Concerns/RoutesRequests.php(391): Illuminate\\Container\\Container->call(Array, Array)
#7 /var/www/html/vendor/laravel/lumen-framework/src/Concerns/RoutesRequests.php(357): Laravel\\Lumen\\Application->callControllerCallable(Array, Array)
#8 /var/www/html/vendor/laravel/lumen-framework/src/Concerns/RoutesRequests.php(331): Laravel\\Lumen\\Application->callLumenController(Object(Modules\\Sys\\Http\\Controllers\\Manage\\DistrictBaseController), 'removeBatch', Array)
#9 /var/www/html/vendor/laravel/lumen-framework/src/Concerns/RoutesRequests.php(284): Laravel\\Lumen\\Application->callControllerAction(Array)
#10 /var/www/html/vendor/laravel/lumen-framework/src/Concerns/RoutesRequests.php(264): Laravel\\Lumen\\Application->callActionOnArrayBasedRoute(Array)
#11 /var/www/html/vendor/laravel/lumen-framework/src/Routing/Pipeline.php(48): Laravel\\Lumen\\Application->Laravel\\Lumen\\Concerns\\{closure}(Object(Laravel\\Lumen\\Http\\Request))
#12 /var/www/html/app/Middleware/AdminAuthenticate.php(43): Laravel\\Lumen\\Routing\\Pipeline->Laravel\\Lumen\\Routing\\{closure}(Object(Laravel\\Lumen\\Http\\Request))
#13 /var/www/html/vendor/illuminate/pipeline/Pipeline.php(180): App\\Middleware\\AdminAuthenticate->handle(Object(Laravel\\Lumen\\Http\\Request), Object(Closure))
#14 /var/www/html/vendor/laravel/lumen-framework/src/Routing/Pipeline.php(30): Illuminate\\Pipeline\\Pipeline->Illuminate\\Pipeline\\{closure}(Object(Laravel\\Lumen\\Http\\Request))
#15 /var/www/html/app/Middleware/Authenticate.php(45): Laravel\\Lumen\\Routing\\Pipeline->Laravel\\Lumen\\Routing\\{closure}(Object(Laravel\\Lumen\\Http\\Request))
#16 /var/www/html/vendor/illuminate/pipeline/Pipeline.php(180): App\\Middleware\\Authenticate->handle(Object(Laravel\\Lumen\\Http\\Request), Object(Closure))
#17 /var/www/html/vendor/laravel/lumen-framework/src/Routing/Pipeline.php(30): Illuminate\\Pipeline\\Pipeline->Illuminate\\Pipeline\\{closure}(Object(Laravel\\Lumen\\Http\\Request))
#18 /var/www/html/vendor/illuminate/pipeline/Pipeline.php(116): Laravel\\Lumen\\Routing\\Pipeline->Laravel\\Lumen\\Routing\\{closure}(Object(Laravel\\Lumen\\Http\\Request))
#19 /var/www/html/vendor/laravel/lumen-framework/src/Concerns/RoutesRequests.php(428): Illuminate\\Pipeline\\Pipeline->then(Object(Closure))
#20 /var/www/html/vendor/laravel/lumen-framework/src/Concerns/RoutesRequests.php(265): Laravel\\Lumen\\Application->sendThroughPipeline(Array, Object(Closure))
#21 /var/www/html/vendor/laravel/lumen-framework/src/Concerns/RoutesRequests.php(171): Laravel\\Lumen\\Application->handleFoundRoute(Array)
#22 /var/www/html/vendor/laravel/lumen-framework/src/Routing/Pipeline.php(48): Laravel\\Lumen\\Application->Laravel\\Lumen\\Concerns\\{closure}(Object(Laravel\\Lumen\\Http\\Request))
#23 /var/www/html/app/Middleware/CrossMiddleware.php(48): Laravel\\Lumen\\Routing\\Pipeline->Laravel\\Lumen\\Routing\\{closure}(Object(Laravel\\Lumen\\Http\\Request))
#24 /var/www/html/vendor/illuminate/pipeline/Pipeline.php(180): App\\Middleware\\CrossMiddleware->handle(Object(Laravel\\Lumen\\Http\\Request), Object(Closure))
#25 /var/www/html/vendor/laravel/lumen-framework/src/Routing/Pipeline.php(30): Illuminate\\Pipeline\\Pipeline->Illuminate\\Pipeline\\{closure}(Object(Laravel\\Lumen\\Http\\Request))
#26 /var/www/html/vendor/illuminate/pipeline/Pipeline.php(116): Laravel\\Lumen\\Routing\\Pipeline->Laravel\\Lumen\\Routing\\{closure}(Object(Laravel\\Lumen\\Http\\Request))
#27 /var/www/html/vendor/laravel/lumen-framework/src/Concerns/RoutesRequests.php(428): Illuminate\\Pipeline\\Pipeline->then(Object(Closure))
#28 /var/www/html/vendor/laravel/lumen-framework/src/Concerns/RoutesRequests.php(177): Laravel\\Lumen\\Application->sendThroughPipeline(Array, Object(Closure))
#29 /var/www/html/vendor/laravel/lumen-framework/src/Concerns/RoutesRequests.php(112): Laravel\\Lumen\\Application->dispatch(NULL)
#30 /var/www/html/public/index.php(28): Laravel\\Lumen\\Application->run()
#31 {main}
"} 
[2026-09-22 17:17:42] production.ERROR: 删除失败 {"exception":"[object] (App\\Exceptions\\ErrorException(code: 200): 删除失败 at /var/www/html/modules/Sys/Services/DistrictBaseService.php:77)
[stacktrace]
#0 /var/www/html/modules/Sys/Http/Controllers/Manage/DistrictBaseController.php(84): Modules\\Sys\\Services\\DistrictBaseService->removeBatch(Object(Laravel\\Lumen\\Http\\Request))
#1 /var/www/html/vendor/illuminate/container/BoundMethod.php(36): Modules\\Sys\\Http\\Controllers\\Manage\\DistrictBaseController->removeBatch(Object(Laravel\\Lumen\\Http\\Request))
#2 /var/www/html/vendor/illuminate/container/Util.php(41): Illuminate\\Container\\BoundMethod::Illuminate\\Container\\{closure}()
#3 /var/www/html/vendor/illuminate/container/BoundMethod.php(93): Illuminate\\Container\\Util::unwrapIfClosure(Object(Closure))
#4 /var/www/html/vendor/illuminate/container/BoundMethod.php(37): Illuminate\\Container\\BoundMethod::callBoundMethod(Object(Laravel\\Lumen\\Application), Array, Object(Closure))
#5 /var/www/html/vendor/illuminate/container/Container.php(661): Illuminate\\Container\\BoundMethod::call(Object(Laravel\\Lumen\\Application), Array, Array, NULL)
#6 /var/www/html/vendor/laravel/lumen-framework/src/Concerns/RoutesRequests.php(391): Illuminate\\Container\\Container->call(Array, Array)
#7 /var/www/html/vendor/laravel/lumen-framework/src/Concerns/RoutesRequests.php(357): Laravel\\Lumen\\Application->callControllerCallable(Array, Array)
#8 /var/www/html/vendor/laravel/lumen-framework/src/Concerns/RoutesRequests.php(331): Laravel\\Lumen\\Application->callLumenController(Object(Modules\\Sys\\Http\\Controllers\\Manage\\DistrictBaseController), 'removeBatch', Array)
#9 /var/www/html/vendor/laravel/lumen-framework/src/Concerns/RoutesRequests.php(284): Laravel\\Lumen\\Application->callControllerAction(Array)
#10 /var/www/html/vendor/laravel/lumen-framework/src/Concerns/RoutesRequests.php(264): Laravel\\Lumen\\Application->callActionOnArrayBasedRoute(Array)
#11 /var/www/html/vendor/laravel/lumen-framework/src/Routing/Pipeline.php(48): Laravel\\Lumen\\Application->Laravel\\Lumen\\Concerns\\{closure}(Object(Laravel\\Lumen\\Http\\Request))
#12 /var/www/html/app/Middleware/AdminAuthenticate.php(43): Laravel\\Lumen\\Routing\\Pipeline->Laravel\\Lumen\\Routing\\{closure}(Object(Laravel\\Lumen\\Http\\Request))
#13 /var/www/html/vendor/illuminate/pipeline/Pipeline.php(180): App\\Middleware\\AdminAuthenticate->handle(Object(Laravel\\Lumen\\Http\\Request), Object(Closure))
#14 /var/www/html/vendor/laravel/lumen-framework/src/Routing/Pipeline.php(30): Illuminate\\Pipeline\\Pipeline->Illuminate\\Pipeline\\{closure}(Object(Laravel\\Lumen\\Http\\Request))
#15 /var/www/html/app/Middleware/Authenticate.php(45): Laravel\\Lumen\\Routing\\Pipeline->Laravel\\Lumen\\Routing\\{closure}(Object(Laravel\\Lumen\\Http\\Request))
#16 /var/www/html/vendor/illuminate/pipeline/Pipeline.php(180): App\\Middleware\\Authenticate->handle(Object(Laravel\\Lumen\\Http\\Request), Object(Closure))
#17 /var/www/html/vendor/laravel/lumen-framework/src/Routing/Pipeline.php(30): Illuminate\\Pipeline\\Pipeline->Illuminate\\Pipeline\\{closure}(Object(Laravel\\Lumen\\Http\\Request))
#18 /var/www/html/vendor/illuminate/pipeline/Pipeline.php(116): Laravel\\Lumen\\Routing\\Pipeline->Laravel\\Lumen\\Routing\\{closure}(Object(Laravel\\Lumen\\Http\\Request))
#19 /var/www/html/vendor/laravel/lumen-framework/src/Concerns/RoutesRequests.php(428): Illuminate\\Pipeline\\Pipeline->then(Object(Closure))
#20 /var/www/html/vendor/laravel/lumen-framework/src/Concerns/RoutesRequests.php(265): Laravel\\Lumen\\Application->sendThroughPipeline(Array, Object(Closure))
#21 /var/www/html/vendor/laravel/lumen-framework/src/Concerns/RoutesRequests.php(171): Laravel\\Lumen\\Application->handleFoundRoute(Array)
#22 /var/www/html/vendor/laravel/lumen-framework/src/Routing/Pipeline.php(48): Laravel\\Lumen\\Application->Laravel\\Lumen\\Concerns\\{closure}(Object(Laravel\\Lumen\\Http\\Request))
#23 /var/www/html/app/Middleware/CrossMiddleware.php(48): Laravel\\Lumen\\Routing\\Pipeline->Laravel\\Lumen\\Routing\\{closure}(Object(Laravel\\Lumen\\Http\\Request))
#24 /var/www/html/vendor/illuminate/pipeline/Pipeline.php(180): App\\Middleware\\CrossMiddleware->handle(Object(Laravel\\Lumen\\Http\\Request), Object(Closure))
#25 /var/www/html/vendor/laravel/lumen-framework/src/Routing/Pipeline.php(30): Illuminate\\Pipeline\\Pipeline->Illuminate\\Pipeline\\{closure}(Object(Laravel\\Lumen\\Http\\Request))
#26 /var/www/html/vendor/illuminate/pipeline/Pipeline.php(116): Laravel\\Lumen\\Routing\\Pipeline->Laravel\\Lumen\\Routing\\{closure}(Object(Laravel\\Lumen\\Http\\Request))
#27 /var/www/html/vendor/laravel/lumen-framework/src/Concerns/RoutesRequests.php(428): Illuminate\\Pipeline\\Pipeline->then(Object(Closure))
#28 /var/www/html/vendor/laravel/lumen-framework/src/Concerns/RoutesRequests.php(177): Laravel\\Lumen\\Application->sendThroughPipeline(Array, Object(Closure))
#29 /var/www/html/vendor/laravel/lumen-framework/src/Concerns/RoutesRequests.php(112): Laravel\\Lumen\\Application->dispatch(NULL)
#30 /var/www/html/public/index.php(28): Laravel\\Lumen\\Application->run()
#31 {main}
"} 
[2026-09-22 17:17:43] production.ERROR: 请选择要删除的数据 {"exception":"[object] (App\\Exceptions\\ErrorException(code: 200): 请选择要删除的数据 at /var/www/html/modules/Sys/Services/ExpressBaseService.php:70)
[stacktrace]
#0 /var/www/html/modules/Sys/Http/Controllers/Manage/ExpressBaseController.php(118): Modules\\Sys\\Services\\ExpressBaseService->removeExpressBatch(Object(Laravel\\Lumen\\Http\\Request))
#1 /var/www/html/vendor/illuminate/container/BoundMethod.php(36): Modules\\Sys\\Http\\Controllers\\Manage\\ExpressBaseController->removeBatch(Object(Laravel\\Lumen\\Http\\Request))
#2 /var/www/html/vendor/illuminate/container/Util.php(41): Illuminate\\Container\\BoundMethod::Illuminate\\Container\\{closure}()
#3 /var/www/html/vendor/illuminate/container/BoundMethod.php(93): Illuminate\\Container\\Util::unwrapIfClosure(Object(Closure))
#4 /var/www/html/vendor/illuminate/container/BoundMethod.php(37): Illuminate\\Container\\BoundMethod::callBoundMethod(Object(Laravel\\Lumen\\Application), Array, Object(Closure))
#5 /var/www/html/vendor/illuminate/container/Container.php(661): Illuminate\\Container\\BoundMethod::call(Object(Laravel\\Lumen\\Application), Array, Array, NULL)
#6 /var/www/html/vendor/laravel/lumen-framework/src/Concerns/RoutesRequests.php(391): Illuminate\\Container\\Container->call(Array, Array)
#7 /var/www/html/vendor/laravel/lumen-framework/src/Concerns/RoutesRequests.php(357): Laravel\\Lumen\\Application->callControllerCallable(Array, Array)
#8 /var/www/html/vendor/laravel/lumen-framework/src/Concerns/RoutesRequests.php(331): Laravel\\Lumen\\Application->callLumenController(Object(Modules\\Sys\\Http\\Controllers\\Manage\\ExpressBaseController), 'removeBatch', Array)
#9 /var/www/html/vendor/laravel/lumen-framework/src/Concerns/RoutesRequests.php(284): Laravel\\Lumen\\Application->callControllerAction(Array)
#10 /var/www/html/vendor/laravel/lumen-framework/src/Concerns/RoutesRequests.php(264): Laravel\\Lumen\\Application->callActionOnArrayBasedRoute(Array)
#11 /var/www/html/vendor/laravel/lumen-framework/src/Routing/Pipeline.php(48): Laravel\\Lumen\\Application->Laravel\\Lumen\\Concerns\\{closure}(Object(Laravel\\Lumen\\Http\\Request))
#12 /var/www/html/app/Middleware/AdminAuthenticate.php(43): Laravel\\Lumen\\Routing\\Pipeline->Laravel\\Lumen\\Routing\\{closure}(Object(Laravel\\Lumen\\Http\\Request))
#13 /var/www/html/vendor/illuminate/pipeline/Pipeline.php(180): App\\Middleware\\AdminAuthenticate->handle(Object(Laravel\\Lumen\\Http\\Request), Object(Closure))
#14 /var/www/html/vendor/laravel/lumen-framework/src/Routing/Pipeline.php(30): Illuminate\\Pipeline\\Pipeline->Illuminate\\Pipeline\\{closure}(Object(Laravel\\Lumen\\Http\\Request))
#15 /var/www/html/app/Middleware/Authenticate.php(45): Laravel\\Lumen\\Routing\\Pipeline->Laravel\\Lumen\\Routing\\{closure}(Object(Laravel\\Lumen\\Http\\Request))
#16 /var/www/html/vendor/illuminate/pipeline/Pipeline.php(180): App\\Middleware\\Authenticate->handle(Object(Laravel\\Lumen\\Http\\Request), Object(Closure))
#17 /var/www/html/vendor/laravel/lumen-framework/src/Routing/Pipeline.php(30): Illuminate\\Pipeline\\Pipeline->Illuminate\\Pipeline\\{closure}(Object(Laravel\\Lumen\\Http\\Request))
#18 /var/www/html/vendor/illuminate/pipeline/Pipeline.php(116): Laravel\\Lumen\\Routing\\Pipeline->Laravel\\Lumen\\Routing\\{closure}(Object(Laravel\\Lumen\\Http\\Request))
#19 /var/www/html/vendor/laravel/lumen-framework/src/Concerns/RoutesRequests.php(428): Illuminate\\Pipeline\\Pipeline->then(Object(Closure))
#20 /var/www/html/vendor/laravel/lumen-framework/src/Concerns/RoutesRequests.php(265): Laravel\\Lumen\\Application->sendThroughPipeline(Array, Object(Closure))
#21 /var/www/html/vendor/laravel/lumen-framework/src/Concerns/RoutesRequests.php(171): Laravel\\Lumen\\Application->handleFoundRoute(Array)
#22 /var/www/html/vendor/laravel/lumen-framework/src/Routing/Pipeline.php(48): Laravel\\Lumen\\Application->Laravel\\Lumen\\Concerns\\{closure}(Object(Laravel\\Lumen\\Http\\Request))
#23 /var/www/html/app/Middleware/CrossMiddleware.php(48): Laravel\\Lumen\\Routing\\Pipeline->Laravel\\Lumen\\Routing\\{closure}(Object(Laravel\\Lumen\\Http\\Request))
#24 /var/www/html/vendor/illuminate/pipeline/Pipeline.php(180): App\\Middleware\\CrossMiddleware->handle(Object(Laravel\\Lumen\\Http\\Request), Object(Closure))
#25 /var/www/html/vendor/laravel/lumen-framework/src/Routing/Pipeline.php(30): Illuminate\\Pipeline\\Pipeline->Illuminate\\Pipeline\\{closure}(Object(Laravel\\Lumen\\Http\\Request))
#26 /var/www/html/vendor/illuminate/pipeline/Pipeline.php(116): Laravel\\Lumen\\Routing\\Pipeline->Laravel\\Lumen\\Routing\\{closure}(Object(Laravel\\Lumen\\Http\\Request))
#27 /var/www/html/vendor/laravel/lumen-framework/src/Concerns/RoutesRequests.php(428): Illuminate\\Pipeline\\Pipeline->then(Object(Closure))
#28 /var/www/html/vendor/laravel/lumen-framework/src/Concerns/RoutesRequests.php(177): Laravel\\Lumen\\Application->sendThroughPipeline(Array, Object(Closure))
#29 /var/www/html/vendor/laravel/lumen-framework/src/Concerns/RoutesRequests.php(112): Laravel\\Lumen\\Application->dispatch(NULL)
#30 /var/www/html/public/index.php(28): Laravel\\Lumen\\Application->run()
#31 {main}
"} 
[2026-09-22 17:18:35] production.ERROR: 请选择要删除的数据 {"exception":"[object] (App\\Exceptions\\ErrorException(code: 200): 请选择要删除的数据 at /var/www/html/modules/Sys/Services/DistrictBaseService.php:63)
[stacktrace]
#0 /var/www/html/modules/Sys/Http/Controllers/Manage/DistrictBaseController.php(84): Modules\\Sys\\Services\\DistrictBaseService->removeBatch(Object(Laravel\\Lumen\\Http\\Request))
#1 /var/www/html/vendor/illuminate/container/BoundMethod.php(36): Modules\\Sys\\Http\\Controllers\\Manage\\DistrictBaseController->removeBatch(Object(Laravel\\Lumen\\Http\\Request))
#2 /var/www/html/vendor/illuminate/container/Util.php(41): Illuminate\\Container\\BoundMethod::Illuminate\\Container\\{closure}()
#3 /var/www/html/vendor/illuminate/container/BoundMethod.php(93): Illuminate\\Container\\Util::unwrapIfClosure(Object(Closure))
#4 /var/www/html/vendor/illuminate/container/BoundMethod.php(37): Illuminate\\Container\\BoundMethod::callBoundMethod(Object(Laravel\\Lumen\\Application), Array, Object(Closure))
#5 /var/www/html/vendor/illuminate/container/Container.php(661): Illuminate\\Container\\BoundMethod::call(Object(Laravel\\Lumen\\Application), Array, Array, NULL)
#6 /var/www/html/vendor/laravel/lumen-framework/src/Concerns/RoutesRequests.php(391): Illuminate\\Container\\Container->call(Array, Array)
#7 /var/www/html/vendor/laravel/lumen-framework/src/Concerns/RoutesRequests.php(357): Laravel\\Lumen\\Application->callControllerCallable(Array, Array)
#8 /var/www/html/vendor/laravel/lumen-framework/src/Concerns/RoutesRequests.php(331): Laravel\\Lumen\\Application->callLumenController(Object(Modules\\Sys\\Http\\Controllers\\Manage\\DistrictBaseController), 'removeBatch', Array)
#9 /var/www/html/vendor/laravel/lumen-framework/src/Concerns/RoutesRequests.php(284): Laravel\\Lumen\\Application->callControllerAction(Array)
#10 /var/www/html/vendor/laravel/lumen-framework/src/Concerns/RoutesRequests.php(264): Laravel\\Lumen\\Application->callActionOnArrayBasedRoute(Array)
#11 /var/www/html/vendor/laravel/lumen-framework/src/Routing/Pipeline.php(48): Laravel\\Lumen\\Application->Laravel\\Lumen\\Concerns\\{closure}(Object(Laravel\\Lumen\\Http\\Request))
#12 /var/www/html/app/Middleware/AdminAuthenticate.php(43): Laravel\\Lumen\\Routing\\Pipeline->Laravel\\Lumen\\Routing\\{closure}(Object(Laravel\\Lumen\\Http\\Request))
#13 /var/www/html/vendor/illuminate/pipeline/Pipeline.php(180): App\\Middleware\\AdminAuthenticate->handle(Object(Laravel\\Lumen\\Http\\Request), Object(Closure))
#14 /var/www/html/vendor/laravel/lumen-framework/src/Routing/Pipeline.php(30): Illuminate\\Pipeline\\Pipeline->Illuminate\\Pipeline\\{closure}(Object(Laravel\\Lumen\\Http\\Request))
#15 /var/www/html/app/Middleware/Authenticate.php(45): Laravel\\Lumen\\Routing\\Pipeline->Laravel\\Lumen\\Routing\\{closure}(Object(Laravel\\Lumen\\Http\\Request))
#16 /var/www/html/vendor/illuminate/pipeline/Pipeline.php(180): App\\Middleware\\Authenticate->handle(Object(Laravel\\Lumen\\Http\\Request), Object(Closure))
#17 /var/www/html/vendor/laravel/lumen-framework/src/Routing/Pipeline.php(30): Illuminate\\Pipeline\\Pipeline->Illuminate\\Pipeline\\{closure}(Object(Laravel\\Lumen\\Http\\Request))
#18 /var/www/html/vendor/illuminate/pipeline/Pipeline.php(116): Laravel\\Lumen\\Routing\\Pipeline->Laravel\\Lumen\\Routing\\{closure}(Object(Laravel\\Lumen\\Http\\Request))
#19 /var/www/html/vendor/laravel/lumen-framework/src/Concerns/RoutesRequests.php(428): Illuminate\\Pipeline\\Pipeline->then(Object(Closure))
#20 /var/www/html/vendor/laravel/lumen-framework/src/Concerns/RoutesRequests.php(265): Laravel\\Lumen\\Application->sendThroughPipeline(Array, Object(Closure))
#21 /var/www/html/vendor/laravel/lumen-framework/src/Concerns/RoutesRequests.php(171): Laravel\\Lumen\\Application->handleFoundRoute(Array)
#22 /var/www/html/vendor/laravel/lumen-framework/src/Routing/Pipeline.php(48): Laravel\\Lumen\\Application->Laravel\\Lumen\\Concerns\\{closure}(Object(Laravel\\Lumen\\Http\\Request))
#23 /var/www/html/app/Middleware/CrossMiddleware.php(48): Laravel\\Lumen\\Routing\\Pipeline->Laravel\\Lumen\\Routing\\{closure}(Object(Laravel\\Lumen\\Http\\Request))
#24 /var/www/html/vendor/illuminate/pipeline/Pipeline.php(180): App\\Middleware\\CrossMiddleware->handle(Object(Laravel\\Lumen\\Http\\Request), Object(Closure))
#25 /var/www/html/vendor/laravel/lumen-framework/src/Routing/Pipeline.php(30): Illuminate\\Pipeline\\Pipeline->Illuminate\\Pipeline\\{closure}(Object(Laravel\\Lumen\\Http\\Request))
#26 /var/www/html/vendor/illuminate/pipeline/Pipeline.php(116): Laravel\\Lumen\\Routing\\Pipeline->Laravel\\Lumen\\Routing\\{closure}(Object(Laravel\\Lumen\\Http\\Request))
#27 /var/www/html/vendor/laravel/lumen-framework/src/Concerns/RoutesRequests.php(428): Illuminate\\Pipeline\\Pipeline->then(Object(Closure))
#28 /var/www/html/vendor/laravel/lumen-framework/src/Concerns/RoutesRequests.php(177): Laravel\\Lumen\\Application->sendThroughPipeline(Array, Object(Closure))
#29 /var/www/html/vendor/laravel/lumen-framework/src/Concerns/RoutesRequests.php(112): Laravel\\Lumen\\Application->dispatch(NULL)
#30 /var/www/html/public/index.php(28): Laravel\\Lumen\\Application->run()
#31 {main}
"} 
[2026-09-22 17:18:35] production.ERROR: 删除失败 {"exception":"[object] (App\\Exceptions\\ErrorException(code: 200): 删除失败 at /var/www/html/modules/Sys/Services/DistrictBaseService.php:82)
[stacktrace]
#0 /var/www/html/modules/Sys/Http/Controllers/Manage/DistrictBaseController.php(84): Modules\\Sys\\Services\\DistrictBaseService->removeBatch(Object(Laravel\\Lumen\\Http\\Request))
#1 /var/www/html/vendor/illuminate/container/BoundMethod.php(36): Modules\\Sys\\Http\\Controllers\\Manage\\DistrictBaseController->removeBatch(Object(Laravel\\Lumen\\Http\\Request))
#2 /var/www/html/vendor/illuminate/container/Util.php(41): Illuminate\\Container\\BoundMethod::Illuminate\\Container\\{closure}()
#3 /var/www/html/vendor/illuminate/container/BoundMethod.php(93): Illuminate\\Container\\Util::unwrapIfClosure(Object(Closure))
#4 /var/www/html/vendor/illuminate/container/BoundMethod.php(37): Illuminate\\Container\\BoundMethod::callBoundMethod(Object(Laravel\\Lumen\\Application), Array, Object(Closure))
#5 /var/www/html/vendor/illuminate/container/Container.php(661): Illuminate\\Container\\BoundMethod::call(Object(Laravel\\Lumen\\Application), Array, Array, NULL)
#6 /var/www/html/vendor/laravel/lumen-framework/src/Concerns/RoutesRequests.php(391): Illuminate\\Container\\Container->call(Array, Array)
#7 /var/www/html/vendor/laravel/lumen-framework/src/Concerns/RoutesRequests.php(357): Laravel\\Lumen\\Application->callControllerCallable(Array, Array)
#8 /var/www/html/vendor/laravel/lumen-framework/src/Concerns/RoutesRequests.php(331): Laravel\\Lumen\\Application->callLumenController(Object(Modules\\Sys\\Http\\Controllers\\Manage\\DistrictBaseController), 'removeBatch', Array)
#9 /var/www/html/vendor/laravel/lumen-framework/src/Concerns/RoutesRequests.php(284): Laravel\\Lumen\\Application->callControllerAction(Array)
#10 /var/www/html/vendor/laravel/lumen-framework/src/Concerns/RoutesRequests.php(264): Laravel\\Lumen\\Application->callActionOnArrayBasedRoute(Array)
#11 /var/www/html/vendor/laravel/lumen-framework/src/Routing/Pipeline.php(48): Laravel\\Lumen\\Application->Laravel\\Lumen\\Concerns\\{closure}(Object(Laravel\\Lumen\\Http\\Request))
#12 /var/www/html/app/Middleware/AdminAuthenticate.php(43): Laravel\\Lumen\\Routing\\Pipeline->Laravel\\Lumen\\Routing\\{closure}(Object(Laravel\\Lumen\\Http\\Request))
#13 /var/www/html/vendor/illuminate/pipeline/Pipeline.php(180): App\\Middleware\\AdminAuthenticate->handle(Object(Laravel\\Lumen\\Http\\Request), Object(Closure))
#14 /var/www/html/vendor/laravel/lumen-framework/src/Routing/Pipeline.php(30): Illuminate\\Pipeline\\Pipeline->Illuminate\\Pipeline\\{closure}(Object(Laravel\\Lumen\\Http\\Request))
#15 /var/www/html/app/Middleware/Authenticate.php(45): Laravel\\Lumen\\Routing\\Pipeline->Laravel\\Lumen\\Routing\\{closure}(Object(Laravel\\Lumen\\Http\\Request))
#16 /var/www/html/vendor/illuminate/pipeline/Pipeline.php(180): App\\Middleware\\Authenticate->handle(Object(Laravel\\Lumen\\Http\\Request), Object(Closure))
#17 /var/www/html/vendor/laravel/lumen-framework/src/Routing/Pipeline.php(30): Illuminate\\Pipeline\\Pipeline->Illuminate\\Pipeline\\{closure}(Object(Laravel\\Lumen\\Http\\Request))
#18 /var/www/html/vendor/illuminate/pipeline/Pipeline.php(116): Laravel\\Lumen\\Routing\\Pipeline->Laravel\\Lumen\\Routing\\{closure}(Object(Laravel\\Lumen\\Http\\Request))
#19 /var/www/html/vendor/laravel/lumen-framework/src/Concerns/RoutesRequests.php(428): Illuminate\\Pipeline\\Pipeline->then(Object(Closure))
#20 /var/www/html/vendor/laravel/lumen-framework/src/Concerns/RoutesRequests.php(265): Laravel\\Lumen\\Application->sendThroughPipeline(Array, Object(Closure))
#21 /var/www/html/vendor/laravel/lumen-framework/src/Concerns/RoutesRequests.php(171): Laravel\\Lumen\\Application->handleFoundRoute(Array)
#22 /var/www/html/vendor/laravel/lumen-framework/src/Routing/Pipeline.php(48): Laravel\\Lumen\\Application->Laravel\\Lumen\\Concerns\\{closure}(Object(Laravel\\Lumen\\Http\\Request))
#23 /var/www/html/app/Middleware/CrossMiddleware.php(48): Laravel\\Lumen\\Routing\\Pipeline->Laravel\\Lumen\\Routing\\{closure}(Object(Laravel\\Lumen\\Http\\Request))
#24 /var/www/html/vendor/illuminate/pipeline/Pipeline.php(180): App\\Middleware\\CrossMiddleware->handle(Object(Laravel\\Lumen\\Http\\Request), Object(Closure))
#25 /var/www/html/vendor/laravel/lumen-framework/src/Routing/Pipeline.php(30): Illuminate\\Pipeline\\Pipeline->Illuminate\\Pipeline\\{closure}(Object(Laravel\\Lumen\\Http\\Request))
#26 /var/www/html/vendor/illuminate/pipeline/Pipeline.php(116): Laravel\\Lumen\\Routing\\Pipeline->Laravel\\Lumen\\Routing\\{closure}(Object(Laravel\\Lumen\\Http\\Request))
#27 /var/www/html/vendor/laravel/lumen-framework/src/Concerns/RoutesRequests.php(428): Illuminate\\Pipeline\\Pipeline->then(Object(Closure))
#28 /var/www/html/vendor/laravel/lumen-framework/src/Concerns/RoutesRequests.php(177): Laravel\\Lumen\\Application->sendThroughPipeline(Array, Object(Closure))
#29 /var/www/html/vendor/laravel/lumen-framework/src/Concerns/RoutesRequests.php(112): Laravel\\Lumen\\Application->dispatch(NULL)
#30 /var/www/html/public/index.php(28): Laravel\\Lumen\\Application->run()
#31 {main}
"} 
[2026-09-22 17:18:36] production.ERROR: 选中的地区中有 1 项存在下级地区，请先删除下级 {"exception":"[object] (App\\Exceptions\\ErrorException(code: 200): 选中的地区中有 1 项存在下级地区，请先删除下级 at /var/www/html/modules/Sys/Services/DistrictBaseService.php:74)
[stacktrace]
#0 /var/www/html/modules/Sys/Http/Controllers/Manage/DistrictBaseController.php(84): Modules\\Sys\\Services\\DistrictBaseService->removeBatch(Object(Laravel\\Lumen\\Http\\Request))
#1 /var/www/html/vendor/illuminate/container/BoundMethod.php(36): Modules\\Sys\\Http\\Controllers\\Manage\\DistrictBaseController->removeBatch(Object(Laravel\\Lumen\\Http\\Request))
#2 /var/www/html/vendor/illuminate/container/Util.php(41): Illuminate\\Container\\BoundMethod::Illuminate\\Container\\{closure}()
#3 /var/www/html/vendor/illuminate/container/BoundMethod.php(93): Illuminate\\Container\\Util::unwrapIfClosure(Object(Closure))
#4 /var/www/html/vendor/illuminate/container/BoundMethod.php(37): Illuminate\\Container\\BoundMethod::callBoundMethod(Object(Laravel\\Lumen\\Application), Array, Object(Closure))
#5 /var/www/html/vendor/illuminate/container/Container.php(661): Illuminate\\Container\\BoundMethod::call(Object(Laravel\\Lumen\\Application), Array, Array, NULL)
#6 /var/www/html/vendor/laravel/lumen-framework/src/Concerns/RoutesRequests.php(391): Illuminate\\Container\\Container->call(Array, Array)
#7 /var/www/html/vendor/laravel/lumen-framework/src/Concerns/RoutesRequests.php(357): Laravel\\Lumen\\Application->callControllerCallable(Array, Array)
#8 /var/www/html/vendor/laravel/lumen-framework/src/Concerns/RoutesRequests.php(331): Laravel\\Lumen\\Application->callLumenController(Object(Modules\\Sys\\Http\\Controllers\\Manage\\DistrictBaseController), 'removeBatch', Array)
#9 /var/www/html/vendor/laravel/lumen-framework/src/Concerns/RoutesRequests.php(284): Laravel\\Lumen\\Application->callControllerAction(Array)
#10 /var/www/html/vendor/laravel/lumen-framework/src/Concerns/RoutesRequests.php(264): Laravel\\Lumen\\Application->callActionOnArrayBasedRoute(Array)
#11 /var/www/html/vendor/laravel/lumen-framework/src/Routing/Pipeline.php(48): Laravel\\Lumen\\Application->Laravel\\Lumen\\Concerns\\{closure}(Object(Laravel\\Lumen\\Http\\Request))
#12 /var/www/html/app/Middleware/AdminAuthenticate.php(43): Laravel\\Lumen\\Routing\\Pipeline->Laravel\\Lumen\\Routing\\{closure}(Object(Laravel\\Lumen\\Http\\Request))
#13 /var/www/html/vendor/illuminate/pipeline/Pipeline.php(180): App\\Middleware\\AdminAuthenticate->handle(Object(Laravel\\Lumen\\Http\\Request), Object(Closure))
#14 /var/www/html/vendor/laravel/lumen-framework/src/Routing/Pipeline.php(30): Illuminate\\Pipeline\\Pipeline->Illuminate\\Pipeline\\{closure}(Object(Laravel\\Lumen\\Http\\Request))
#15 /var/www/html/app/Middleware/Authenticate.php(45): Laravel\\Lumen\\Routing\\Pipeline->Laravel\\Lumen\\Routing\\{closure}(Object(Laravel\\Lumen\\Http\\Request))
#16 /var/www/html/vendor/illuminate/pipeline/Pipeline.php(180): App\\Middleware\\Authenticate->handle(Object(Laravel\\Lumen\\Http\\Request), Object(Closure))
#17 /var/www/html/vendor/laravel/lumen-framework/src/Routing/Pipeline.php(30): Illuminate\\Pipeline\\Pipeline->Illuminate\\Pipeline\\{closure}(Object(Laravel\\Lumen\\Http\\Request))
#18 /var/www/html/vendor/illuminate/pipeline/Pipeline.php(116): Laravel\\Lumen\\Routing\\Pipeline->Laravel\\Lumen\\Routing\\{closure}(Object(Laravel\\Lumen\\Http\\Request))
#19 /var/www/html/vendor/laravel/lumen-framework/src/Concerns/RoutesRequests.php(428): Illuminate\\Pipeline\\Pipeline->then(Object(Closure))
#20 /var/www/html/vendor/laravel/lumen-framework/src/Concerns/RoutesRequests.php(265): Laravel\\Lumen\\Application->sendThroughPipeline(Array, Object(Closure))
#21 /var/www/html/vendor/laravel/lumen-framework/src/Concerns/RoutesRequests.php(171): Laravel\\Lumen\\Application->handleFoundRoute(Array)
#22 /var/www/html/vendor/laravel/lumen-framework/src/Routing/Pipeline.php(48): Laravel\\Lumen\\Application->Laravel\\Lumen\\Concerns\\{closure}(Object(Laravel\\Lumen\\Http\\Request))
#23 /var/www/html/app/Middleware/CrossMiddleware.php(48): Laravel\\Lumen\\Routing\\Pipeline->Laravel\\Lumen\\Routing\\{closure}(Object(Laravel\\Lumen\\Http\\Request))
#24 /var/www/html/vendor/illuminate/pipeline/Pipeline.php(180): App\\Middleware\\CrossMiddleware->handle(Object(Laravel\\Lumen\\Http\\Request), Object(Closure))
#25 /var/www/html/vendor/laravel/lumen-framework/src/Routing/Pipeline.php(30): Illuminate\\Pipeline\\Pipeline->Illuminate\\Pipeline\\{closure}(Object(Laravel\\Lumen\\Http\\Request))
#26 /var/www/html/vendor/illuminate/pipeline/Pipeline.php(116): Laravel\\Lumen\\Routing\\Pipeline->Laravel\\Lumen\\Routing\\{closure}(Object(Laravel\\Lumen\\Http\\Request))
#27 /var/www/html/vendor/laravel/lumen-framework/src/Concerns/RoutesRequests.php(428): Illuminate\\Pipeline\\Pipeline->then(Object(Closure))
#28 /var/www/html/vendor/laravel/lumen-framework/src/Concerns/RoutesRequests.php(177): Laravel\\Lumen\\Application->sendThroughPipeline(Array, Object(Closure))
#29 /var/www/html/vendor/laravel/lumen-framework/src/Concerns/RoutesRequests.php(112): Laravel\\Lumen\\Application->dispatch(NULL)
#30 /var/www/html/public/index.php(28): Laravel\\Lumen\\Application->run()
#31 {main}
"} 
[2026-09-22 17:18:36] production.ERROR: 请选择要删除的数据 {"exception":"[object] (App\\Exceptions\\ErrorException(code: 200): 请选择要删除的数据 at /var/www/html/modules/Sys/Services/ExpressBaseService.php:70)
[stacktrace]
#0 /var/www/html/modules/Sys/Http/Controllers/Manage/ExpressBaseController.php(118): Modules\\Sys\\Services\\ExpressBaseService->removeExpressBatch(Object(Laravel\\Lumen\\Http\\Request))
#1 /var/www/html/vendor/illuminate/container/BoundMethod.php(36): Modules\\Sys\\Http\\Controllers\\Manage\\ExpressBaseController->removeBatch(Object(Laravel\\Lumen\\Http\\Request))
#2 /var/www/html/vendor/illuminate/container/Util.php(41): Illuminate\\Container\\BoundMethod::Illuminate\\Container\\{closure}()
#3 /var/www/html/vendor/illuminate/container/BoundMethod.php(93): Illuminate\\Container\\Util::unwrapIfClosure(Object(Closure))
#4 /var/www/html/vendor/illuminate/container/BoundMethod.php(37): Illuminate\\Container\\BoundMethod::callBoundMethod(Object(Laravel\\Lumen\\Application), Array, Object(Closure))
#5 /var/www/html/vendor/illuminate/container/Container.php(661): Illuminate\\Container\\BoundMethod::call(Object(Laravel\\Lumen\\Application), Array, Array, NULL)
#6 /var/www/html/vendor/laravel/lumen-framework/src/Concerns/RoutesRequests.php(391): Illuminate\\Container\\Container->call(Array, Array)
#7 /var/www/html/vendor/laravel/lumen-framework/src/Concerns/RoutesRequests.php(357): Laravel\\Lumen\\Application->callControllerCallable(Array, Array)
#8 /var/www/html/vendor/laravel/lumen-framework/src/Concerns/RoutesRequests.php(331): Laravel\\Lumen\\Application->callLumenController(Object(Modules\\Sys\\Http\\Controllers\\Manage\\ExpressBaseController), 'removeBatch', Array)
#9 /var/www/html/vendor/laravel/lumen-framework/src/Concerns/RoutesRequests.php(284): Laravel\\Lumen\\Application->callControllerAction(Array)
#10 /var/www/html/vendor/laravel/lumen-framework/src/Concerns/RoutesRequests.php(264): Laravel\\Lumen\\Application->callActionOnArrayBasedRoute(Array)
#11 /var/www/html/vendor/laravel/lumen-framework/src/Routing/Pipeline.php(48): Laravel\\Lumen\\Application->Laravel\\Lumen\\Concerns\\{closure}(Object(Laravel\\Lumen\\Http\\Request))
#12 /var/www/html/app/Middleware/AdminAuthenticate.php(43): Laravel\\Lumen\\Routing\\Pipeline->Laravel\\Lumen\\Routing\\{closure}(Object(Laravel\\Lumen\\Http\\Request))
#13 /var/www/html/vendor/illuminate/pipeline/Pipeline.php(180): App\\Middleware\\AdminAuthenticate->handle(Object(Laravel\\Lumen\\Http\\Request), Object(Closure))
#14 /var/www/html/vendor/laravel/lumen-framework/src/Routing/Pipeline.php(30): Illuminate\\Pipeline\\Pipeline->Illuminate\\Pipeline\\{closure}(Object(Laravel\\Lumen\\Http\\Request))
#15 /var/www/html/app/Middleware/Authenticate.php(45): Laravel\\Lumen\\Routing\\Pipeline->Laravel\\Lumen\\Routing\\{closure}(Object(Laravel\\Lumen\\Http\\Request))
#16 /var/www/html/vendor/illuminate/pipeline/Pipeline.php(180): App\\Middleware\\Authenticate->handle(Object(Laravel\\Lumen\\Http\\Request), Object(Closure))
#17 /var/www/html/vendor/laravel/lumen-framework/src/Routing/Pipeline.php(30): Illuminate\\Pipeline\\Pipeline->Illuminate\\Pipeline\\{closure}(Object(Laravel\\Lumen\\Http\\Request))
#18 /var/www/html/vendor/illuminate/pipeline/Pipeline.php(116): Laravel\\Lumen\\Routing\\Pipeline->Laravel\\Lumen\\Routing\\{closure}(Object(Laravel\\Lumen\\Http\\Request))
#19 /var/www/html/vendor/laravel/lumen-framework/src/Concerns/RoutesRequests.php(428): Illuminate\\Pipeline\\Pipeline->then(Object(Closure))
#20 /var/www/html/vendor/laravel/lumen-framework/src/Concerns/RoutesRequests.php(265): Laravel\\Lumen\\Application->sendThroughPipeline(Array, Object(Closure))
#21 /var/www/html/vendor/laravel/lumen-framework/src/Concerns/RoutesRequests.php(171): Laravel\\Lumen\\Application->handleFoundRoute(Array)
#22 /var/www/html/vendor/laravel/lumen-framework/src/Routing/Pipeline.php(48): Laravel\\Lumen\\Application->Laravel\\Lumen\\Concerns\\{closure}(Object(Laravel\\Lumen\\Http\\Request))
#23 /var/www/html/app/Middleware/CrossMiddleware.php(48): Laravel\\Lumen\\Routing\\Pipeline->Laravel\\Lumen\\Routing\\{closure}(Object(Laravel\\Lumen\\Http\\Request))
#24 /var/www/html/vendor/illuminate/pipeline/Pipeline.php(180): App\\Middleware\\CrossMiddleware->handle(Object(Laravel\\Lumen\\Http\\Request), Object(Closure))
#25 /var/www/html/vendor/laravel/lumen-framework/src/Routing/Pipeline.php(30): Illuminate\\Pipeline\\Pipeline->Illuminate\\Pipeline\\{closure}(Object(Laravel\\Lumen\\Http\\Request))
#26 /var/www/html/vendor/illuminate/pipeline/Pipeline.php(116): Laravel\\Lumen\\Routing\\Pipeline->Laravel\\Lumen\\Routing\\{closure}(Object(Laravel\\Lumen\\Http\\Request))
#27 /var/www/html/vendor/laravel/lumen-framework/src/Concerns/RoutesRequests.php(428): Illuminate\\Pipeline\\Pipeline->then(Object(Closure))
#28 /var/www/html/vendor/laravel/lumen-framework/src/Concerns/RoutesRequests.php(177): Laravel\\Lumen\\Application->sendThroughPipeline(Array, Object(Closure))
#29 /var/www/html/vendor/laravel/lumen-framework/src/Concerns/RoutesRequests.php(112): Laravel\\Lumen\\Application->dispatch(NULL)
#30 /var/www/html/public/index.php(28): Laravel\\Lumen\\Application->run()
#31 {main}
"} 
